key,en,ar,ca,cs,de,es,fr,he,id,it,ja,ko,pl,pt,ru,th,tr,vi,zh
PAUSED,PAUSED,متوقف مؤقتًا,PARSAT,PAUZA,PAUSIERT,EN PAUSA,PAUSE,מושהה,TERPAUSE,PAUSATO,一時停止,일시 정지됨,WSTRZYMANE,EM PAUSA,ПАУЗА,หยุด,DURDU,TẠM DỪNG,暂停
ONE_MORE_TIME,One More Time,مرة أخرى,UNA VEGADA MÉS,JEŠTĚ JEDNOU,NOCH EINMAL,OTRA VEZ,UNE FOIS DE PLUS,עוד פעם אחת,SATU KALI LAGI,UN'ULTIMA VOLTA,もう一度,다시 한 번,JESZCZE JEDEN RAZ,SÓ MAIS UMA VEZ,Еще Один Раз,อีกครั้งหนึ่ง,BİR DAHA,THÊM MỘT LẦN NỮA,再来一次
COMET_BUFF_DURATION,Comet Buff Duration,مدة سطوع المذنب,Durada del Buff de Comet Crític,Doba trvání bonusu komety,Dauer des kritischen Kometen-Buffs,Duración del don Cometa Crítico,Durée de Buff de Comète Critique,משך זמן חיטוב שביט,Durasi Buff Komet Kritis,Durata Buff Cometa Critica,クリティカル彗星バフの持続時間,치명타 혜성 버프 지속시간,Czas Wzmocnienia Krytycznej Komety,Duração do Buff do Cometa Crítico,Продолжительность Эффекта Кометы,ระยะเวลาการบัฟดาวหางวิกฤต,Kritik Kuyruklu Yıldız Buff Süresi,Thời Gian Buff Sao Chổi Kích Cỡ,暴击彗星增益持续时间
CHANCE_TO_ADD_TIME_ON_ASTEROID_DESTROYED,Chance to Add Time when an Asteroid is Destroyed,فرصة لإضافة وقت عند تدمير كويكب,Probabilitat d'Afegir Temps quan un Asteroide és Destruït,"Šance na přidání času, když je zničen asteroid","Chance, Zeit hinzuzufügen, wenn ein Asteroid zerstört wird",Probabilidad de añadir tiempo al destruir un Asteroide,Chance d'Ajouter du Temps lorsque un Astéroïde est Détruit,הזדמנות להוסיף זמן כאשר אסטרואיד מושמד,Peluang untuk Menambah Waktu saat Asteroid Dihancurkan,Probabilità di Aggiungere Tempo quando un Asteroide viene Distrutto,小惑星が破壊されたときに追加される時間のチャンス,소행성이 파괴될 때 추가되는 시간의 확률,"Szansa na Dodanie Czasu, gdy Asteroida Zostanie Zniszczona",Chance de Adicionar Tempo quando um Asteroide é Destruído,Шанс Дополнительного Времени от Разрушения Астероидов,โอกาสในการเพิ่มเวลาเมื่อดาวเคราะห์น้อยถูกทำลาย,Bir Asteroit Yok Edildiğinde Zaman Ekleme Şansı,Cơ Hội Thêm Thời Gian Khi Một Asteroid Bị Phá Hủy,摧毁小行星时增加时间的概率
STAR,Star Plasma,بلازما النجوم,Plasma Estel·lar,Hvězdná Plasma,Sternenplasma,Plasma estelar,Plasma d'Étoile,פלזמת כוכבים,Plasma Bintang,Plasma Stellare,星のプラズマ,별 플라즈마,Plazma Gwiezdna,Plasma Estelar,Зведная Плазма,พลาสมาดาว,Yıldız Plazması,Plasma Sao,星际等离子体
COMPACT_MODE_DESCRIPTION,A quick mode where all the upgrades are connected in a grid. How fast can you beat this mode?,نمط سريع حيث تكون جميع الترقيات متصلة في شبكة. ما مدى سرعتك في التغلب على هذا النمط؟,Un mode ràpid amb millores on tots els nodes estan connectats. Quina velocitat pots guanyar aquest mode?,"Rychlý režim s vylepšeními, kde jsou všechny uzly propojené. Jak rychle dokážete zvitězit?","Ein schneller Modus mit Upgrades, bei dem alle Knoten verbunden sind. Wie schnell kannst du diesen Modus besiegen?",Partida rápida donde todas las mejoras están conectadas en una cuadrícula. ¿Cómo de rápido te lo podrás pasar?,Un mode rapide avec des améliorations où tous les nœuds sont connectés. Combien de temps pouvez-vous mettre à battre ce mode ?,מצב מהיר שבו כל השדרוגים מחוברים ברשת. כמה מהר תוכלו לנצח את המצב הזה?,Sebuah mode cepat dengan upgrade di mana semua node terhubung. Seberapa cepat Anda bisa menyelesaikan mode ini?,Una modalità veloce con aggiornamenti dove tutti i nodi sono connessi. Quanto velocemente puoi battere questa modalità?,すべてのノードが接続されているアップグレード付きの短いモード。どれくらい早くこのモードをクリアできますか？,모든 노드가 연결된 업그레이드 모드로 빠른 모드. 이 모드를 얼마나 빨리 통과할 수 있을까요?,"Szybki tryb z ulepszeniami, w którym wszystkie węzły są połączone. Jak szybko dasz radę go przejść?",Um modo rápido com upgrades onde todos os nós estão conectados. Quão rápido você consegue vencer este modo?,"Быстрый режим, где все улучшения соединены в сетке. Как быстро вы сможете пройти этот режим?",โหมดที่รวดเร็วพร้อมการอัปเกรดที่เชื่อมโยง nodes ทั้งหมดอยู่ในที่เดียวกัน คุณสามารถเอาชนะโหมดนี้ได้เร็วแค่ไหน?,Tüm düğümlerin bağlı olduğu yükseltmelerle birlikte hızlı bir mod. Bu modu ne kadar hızlı geçebilirsiniz?,Một chế độ nhanh với các nâng cấp nơi tất cả các nút được kết nối. Bạn có thể đánh bại chế độ này nhanh đến mức nào?,快速模式，所有节点之间相互连接。试试你最快能多久打败这个模式？
LANGUAGE,Language,لغة,Idioma,Jazyk,Sprache,Idioma,Langue,שָׂפָה,Bahasa,Lingua,言語,언어,Język,Idioma,Язык,ภาษา,Dil,Ngôn Ngữ,语言
RUN_TIMER_AMOUNT_ON_STAR_DESTROYED,Time Added when Star is Destroyed,الوقت المضاف عند تدمير النجم,Temps Afegit quan l'Estrella és Destruïda,"Přidání času, pokud je zničena hvězda","Zeit hinzugefügt, wenn der Stern zerstört wird",Tiempo añadido al destruir una Estrella,Temps Ajouté lorsque l'Étoile est Détruite,זמן נוסף כאשר כוכב מושמד,Waktu Tambahan saat Bintang Dihancurkan,Tempo Aggiunto quando la Stella è Distrutta,星が破壊されたときに追加される時間,별이 파괴될 때 추가되는 시간,"Czas Dodany, gdy Gwiazda Zostaje Zniszczona",Tempo Adicionado quando a Estrela é Destruída,Дополнительное Время при гибели Звезды,เวลาเพิ่มเมื่อดาวถูกทำลาย,Bir Yıldız Yok Edildiğinde Eklenen Zaman,Thời Gian Thêm Khi Sao Bị Phá Hủy,摧毁恒星时增加的时间
LASER_CRIT_CHANCE,Laser Critical Damage Chance,احتمال حدوث ضرر حرج بالليزر,Probabilitat de Dany Crític Làser,Šance na kritické poškození laserem,Chance auf kritischen Laserschaden,Probabilidad de daño crítico del Láser,Chance de Dégâts Critiques de Laser,סיכוי לנזק קריטי בלייזר,Peluang Damage Kritis Laser,Probabilità di Danno Critico da Laser,レーザークリティカルダメージチャンス,레이저 치명타 확률,Szansa na Krytyczne Obrażenia Lasera,Chance de Dano Crítico do Laser,Шанс Критического Урона Лазера,โอกาสความเสียหายวิกฤตเลเซอร์,Lazer Kritik Hasar Şansı,Cơ Hội Sát Thương Kích Cỡ Laser,激光暴击伤害概率
SCREEN MODE,Screen Mode,وضع الشاشة,Mode de Pantalla,Režim obrazovky,Bildschirmmodus,Modo de pantalla,Mode Écran,מצב מסך,Mode Layar,Modalità Schermo,画面モード,화면 모드,Tryb Ekranu,Modo de Tela,Режим Экрана,โหมดหน้าจอ,Ekran Modu,Chế Độ Màn Hình,屏幕模式
BUY UPGRADE,Buy Upgrade,قم بشراء الترقية,Comprar Millora,Koupit vylepšení,Upgrade kaufen,Comprar mejora,Acheter Amélioration,קנה שדרוג,Beli Upgrade,Acquista Aggiornamento,アップグレードを購入,업그레이드 구매,Kup Ulepszenie,Comprar Melhoria,Купить Улучшение,ซื้อการอัปเกรด,Yükseltme Al,Mua Nâng Cấp,购买升级
RUN_TIMER,Run Timer,مؤقت التشغيل,Temporitzador d'execució,Spustit stopky,Laufzeit,Duración de la sesión,Minuteur d'exécution,טיימר הפעלה,Pengatur Waktu Berjalan,Timer di esecuzione,実行タイマー,타이머 실행,Czas podejścia,Cronômetro da sessão,Запуск Таймера,ตัวจับเวลาทำงาน,Çalışma Zamanlayıcısı,Chạy bộ đếm thời gian,运行计时器
BIG_TO_SMALL,Big To Small,من الكبير إلى الصغير,De gran a petit,Od velkého k malému,Groß bis Klein,De grande a pequeño,Du grand au petit,גדול לקטן,Dari Besar ke Kecil,Dal grande al piccolo,大きいものから小さいものへ,큰 것부터 작은 것까지,Od dużego do małego,Do grande ao pequeno,От Большого к Малому,จากใหญ่ไปเล็ก,Büyükten Küçüğe,Từ lớn đến nhỏ,从大到小
SPECIAL_ASTEROID_RADIOACTIVE_DURATION,Radioactive Duration,مدة النشاط الإشعاعي,Durada radioactiva,Radioaktivní doba trvání,Dauer der Radioaktivität,Duración radiactiva,Durée radioactive,משך רדיואקטיבי,Durasi Radioaktif,Durata radioattiva,放射持続時間,방사능 지속 시간,Czas trwania promieniowania,Duração radioativa,Продолжительность Радиоактивного Воздействия,ระยะเวลากัมมันตรังสี,Radyoaktif Süre,Thời gian phóng xạ,放射性持续时间
CHANCE_TO_ADD_TIME_ON_PLANET_DESTROYED,Chance to Add Time when a Planet is Destroyed,فرصة لإضافة وقت عند تدمير كوكب,Probabilitat d'Afegir Temps quan un Planeta és Destruït,"Šance na přidání času, pokud je planeta zničena","Chance, Zeit hinzuzufügen, wenn ein Planet zerstört wird",Probabilidad de añadir tiempo al destruir un Planeta,Chance d'Ajouter du Temps lorsque une Planète est Détruite,הזדמנות להוסיף זמן כאשר כוכב לכת מושמד,Peluang untuk Menambah Waktu saat Planet Dihancurkan,Probabilità di Aggiungere Tempo quando un Pianeta viene Distrutto,惑星が破壊されたときに追加される時間のチャンス,행성이 파괴될 때 시간 추가 확률,"Szansa na Dodanie Czasu, gdy Planeta Zostaje Zniszczona",Chance de Adicionar Tempo quando um Planeta é Destruído,Шанс Дополнительного Времени при Разрушении Планеты,โอกาสในการเพิ่มเวลาเมื่อดาวเคราะห์ถูกทำลาย,Bir Gezegen Yok Edildiğinde Zaman Ekleme Şansı,Cơ Hội Thêm Thời Gian Khi Một Hành Tinh Bị Phá Hủy,摧毁行星时增加时间的概率
SPECIAL_ASTEROID_GOLDEN_BONUS_MONEY_SCALE,Golden Asteroid Bonus Money Scale,مقياس مكافأة الكويكب الذهبي,Escala de Dinero Extra d'Asteroide Daurat,Stupeň vlivu bonusových peněz za zlatý asteroid,Bonusgeld-Skala für goldene Asteroiden,Multiplicador de Dinero de los Asteroides Dorados,Échelle d'Argent Bonus d'Astéroïde Doré,סולם כסף בונוס אסטרואיד זהוב,Skala Uang Bonus Asteroid Emas,Scala Bonus Denaro Asteroide Dorato,金色小惑星ボーナスお金スケール,황금 소행성 보너스 돈 스케일,Bonusowe Pieniądze za Złotą Asteroidę,Escala de Dinheiro Bônus do Asteroide Dourado,Бонус к Доходу от Золотого Астероида,สเกลโบนัสเงินดาวเคราะห์น้อยทองคำ,Altın Asteroit Bonus Para Ölçeği,Tỷ Lệ Tiền Thưởng Asteroid Vàng,金色小行星额外金钱倍数
SUPERNOVA_DAMAGE_PERCENT_CURRENT_HEALTH,Supernova Percent Damage,نسبة الضرر الناتج عن المستعر الأعظم,Percentatge de Dany de Supernova,Percentuální poškození supernovy,Supernova-Prozentschaden,Porcentaje de daño de las Supernovas,Pourcentage de Dégâts de Supernova,אחוז נזק בסופרנובה,Persen Damage Supernova,Percentuale di Danno da Supernova,超新星のパーセントダメージ,슈퍼노바 백분율 피해,Procent Obrażeń Supernowej,Porcentagem de Dano da Supernova,Процентный Урон от Сверхновой,เปอร์เซ็นต์ความเสียหายซูเปอร์โนวา,Süpernova Yüzde Hasarı,Phần Trăm Sát Thương Siêu Nova,超新星伤害百分比
DARK_MODE,Dark Mode,الوضع الداكن,Mode Fosc,Tmavý režim,Dunkelmodus,Modo oscuro,Mode Sombre,מצב כהה,Mode Gelap,Modalità Buia,ダークモード,어두운 모드,Tryb Ciemny,Modo Escuro,Ночной Режим,โหมดมืด,Karanlık Mod,Chế Độ Tối,黑暗模式
MAX_ASTEROID_SIZE,Asteroid Size,حجم الكويكب,Mida de l'Asteroide,Velikost asteroidu,Asteroidengröße,Tamaño de los Asteroides,Taille d'Astéroïde,גודל האסטרואיד,Ukuran Asteroid,Dimensione dell'Asteroide,小惑星のサイズ,소행성 크기,Rozmiar Asteroidy,Tamanho do Asteroide,Размер Астероида,ขนาดดาวเคราะห์น้อย,Asteroit Boyutu,Kích Thước Asteroid,小行星大小
SHUFFLE_MUSIC,Shuffle Music,موسيقى عشوائية,Reorganitzar Música,Náhodná hudba,Musik mischen,Música en aleatorio,Mélanger la Musique,מוזיקה אקראית,Acak Musik,Mescola Musica,音楽をシャッフル,음악 섞기,Losowa Muzyka,Aleatorizar Música,Перемешать Музыку,สุ่มเพลง,Müziği Karıştır,Xáo Trộn Nhạc,随机播放音乐
MONEY_FROM_GOLDEN_ASTEROID_THIS_SESSION,Money from Golden Asteroids,المال من الكويكبات الذهبية,Dinero de Asteroides Daurats,Peníze ze zlatých asteroidů,Geld von goldenen Asteroiden,Dinero de los Asteroides Dorados,Argent provenant d'Astéroïdes Dorés,כסף מאסטרואידים זהובים,Uang dari Asteroid Emas,Denaro da Asteroidi Dorati,金色小惑星からのお金,황금 소행성에서 얻는 돈,Pieniądze z Złotych Asteroidów,Dinheiro de Asteroides Dourados,Доход от Золотых Астероидов,เงินจากดาวเคราะห์น้อยทองคำ,Altın Asteroitlerden Para,Tiền Từ Asteroid Vàng,来自金色小行星的余额
THE_LINE_DESCRIPTION,A speedrun mode with minimal randomness. Break fast. Beat your time.,نمط سباق السرعة مع أقل قدر من العشوائية. انطلق بسرعة. حطم رقمك القياسي.,Un mode speedrun amb una mínima aleatorietat. Escapa el dejuni. Guanya el teu temps.,Režim hry na čas s minimální náhodností. Postupujte co nejrychleji. Překonejte svůj čas.,Ein Speedrun-Modus mit minimalem Zufallselement. Frühstücke. Schlage deine Zeit.,Compite contra ti mismo en este modo con aleatoriedad mínima. Rompe el ritmo. Supera tu tiempo.,Un mode speedrun avec un minimum d'aléatoire. Démarrez vite. Battez votre record.,מצב ריצה מהירה עם אקראיות מינימלית. הפסקה מהירה. שיא הזמן שלך.,Mode speedrun dengan sedikit unsur acak. Sarapan cepat. Kalahkan waktu Anda.,Una modalità speedrun con una casualità minima. Fai una pausa. Batti il ​​tuo tempo.,ランダム性を最小限に抑えたスピードランモード。さあ、早起きして、タイムを破ろう。,"무작위성을 최소화한 스피드런 모드. 빠르게 시작하고, 기록을 경신하세요.",Tryb speedrun z minimalną losowością. Popsuj wszystko. Pobij rekord.,Um modo speedrun com aleatoriedade mínima. Quebre as regras. Supere seu tempo.,Режим для спидранов с минимальным количеством случайных факторов. Быстро. Побей своё время.,โหมดสปีดรันที่มีความสุ่มน้อยที่สุด รีบกินอาหารเช้า แล้วทำลายสถิติเวลาของคุณ,Rastgeleliğin en aza indirildiği bir hız koşusu modu. Hızlıca başlayın. Kendi sürenizi geçin.,Chế độ chạy đua tốc độ với yếu tố ngẫu nhiên tối thiểu. Phá kỷ lục. Vượt qua thời gian của chính mình.,随机性极低的速通模式。快速突破，刷新你的纪录。
CHANCE_TO_SPAWN_SPECIAL_ASTEROID_RADIOACTIVE,Chance to Spawn Radioactive Asteroids,فرصة لظهور كويكبات مشعة,Possibilitat de generar asteroides radioactius,Šance na vznik radioaktivních asteroidů,"Chance, radioaktive Asteroiden zu erzeugen",Posibilidad de generar asteroides radiactivos,Risque de formation d'astéroïdes radioactifs,הזדמנות להשרצת אסטרואידים רדיואקטיביים,Peluang Munculnya Asteroid Radioaktif,Possibilità di generare asteroidi radioattivi,放射性小惑星の発生確率,방사능 소행성 생성 확률,Szansa na pojawienie się radioaktywnych asteroid,Chance de gerar asteroides radioativos,Шанс Радиоактивных Астероидов,โอกาสที่จะเกิดดาวเคราะห์น้อยกัมมันตรังสี,Radyoaktif Asteroitlerin Oluşma Şansı,Xác suất xuất hiện tiểu hành tinh phóng xạ,生成放射性小行星的概率
PLANET_PERCENT_TO_RESPAWN_ON_BLACK_HOLE_GROW,Planets Spawned when the Black Hole Grows,الكواكب التي تنشأ عندما يكبر الثقب الأسود,Planetes Generats quan el Forat Negre Creix,"Vznik planet, když se zvětší černá díra","Planeten, die entstehen, wenn das Schwarze Loch wächst",Planetas generados cuando crece el Agujero negro,Planètes Apparues lorsque le Trou Noir Grandit,כוכבי לכת שנוצרו כאשר החור השחור גדל,Planet yang Muncul saat Lubang Hitam Membesar,Pianeti Generati quando il Buco Nero Cresce,ブラックホールが成長する際に生成される惑星,블랙홀 성장 시 생성되는 행성 수,"Powstanie Planety, gdy Czarna Dziura Rośnie",Planetas Gerados quando o Buraco Negro Cresce,Планеты появляються при Росте Черной Дыры,ดาวเคราะห์ที่เกิดขึ้นเมื่อหลุมดำเติบโต,Kara Delik Büyüdüğünde Doğmuş Gezegenler,Hành Tinh Sinh Ra Khi Lỗ Đen Tăng Trưởng,黑洞变大时生成的行星
SPECIAL_STAR_SUPERNOVA_SPAWN_CHANCE,Chance to Spawn Supernova Stars,فرصة لظهور نجوم المستعر الأعظم,Probabilitat de Generar Estrelles de Supernova,Šance na vznik supernov,"Chance, Supernova-Sterne zu spawnen",Probabilidad de generar Estrellas Supernova,Chance de Faire Apparaître des Étoiles Supernova,הזדמנות להשריץ כוכבי סופרנובה,Peluang untuk Munculnya Bintang Supernova,Probabilità di Generare Stelle Supernova,超新星の星を生成するチャンス,슈퍼노바 별 생성 확률,Szansa na Pojawienie się Gwiazd Supernowej,Chance de Aparição de Estrelas Supernova,Шанс Сверхновых Звезд,โอกาสในการเกิดดาวซูเปอร์โนวา,Süpernova Yıldız Doğurma Şansı,Cơ Hội Sinh Ra Sao Siêu Nova,生成超新星恒星的概率
MOON_LIMIT_HARD_CAP,Maximum Moons,أقصى عدد من الأقمار,Lluna Top Hard,Maximální počet Měsíců,Maximale Monde,Límite de Lunas,Cap Maximum de Lune,מקסימום ירחים,Bulan Batas Keras,Limite Duro della Luna,月のハードキャップ,달 하드 캡,Maksymalna Ilość Księżyców,Máximo de Luas,Максимальное Количество Лун,ดวงจันทร์สูงสุด,Ay Sert Üst Sınırı,Giới Hạn Mặt Trăng,卫星数量上限
CHOOSE_A_MODE,Choose a Mode,اختر وضعًا,Tria un Mode,Zvolte si režim,Wähle einen Modus,Escoge un modo,Choisissez un Mode,בחר מצב,Pilih Mode,Scegli una Modalità,モードを選択,모드 선택,Wybierz Tryb,Escolha um Modo,Выберите Режим,เลือกโหมด,Bir Mod Seç,Chọn Một Chế Độ,选择模式
STARTING_BLACK_HOLE_LEVEL,Starting Black Hole Level,مستوى الثقب الأسود الابتدائي,Nivell Inicial del Forat Negre,Počáteční úroveň černé díry,Startlevel des Schwarzen Loches,Nivel inicial del Agujero negro,Niveau de Trou Noir de Départ,רמת חור שחור התחלתית,Tingkat Lubang Hitam Awal,Livello Iniziale del Buco Nero,開始ブラックホールレベル,시작 블랙홀 레벨,Początkowy Poziom Czarnej Dziury,Nível Inicial do Buraco Negro,Начальный уровень черной дыры,ระดับหลุมดำเริ่มต้น,Başlangıç Kara Delik Seviyesi,Bắt Đầu Mức Lỗ Đen,初始黑洞等级
ZEN_MODE,Zen Mode,وضع زين,Mode Zen,Zenový režim,Zen-Modus,Modo Zen,Mode Zen,מצב זן,Mode Zen,Modalità Zen,禅モード,젠 모드,Tryb Zen,Modo Zen,Режим Дзен,โหมดเซน,Zen Modu,Chế độ Thiền,禅模式
PASSIVE_MONEY_PER_SECOND,Money Per Second,المال في الثانية,Dinero per Segon,Peníze za sekundu,Geld pro Sekunde,Dinero por segundo,Argent par Seconde,כסף לשנייה,Uang Per Detik,Denaro al Secondo,1秒あたりのお金,초당 수익,Pieniądze na Sekundę,Dinheiro Por Segundo,Доход в Секунду,เงินต่อวินาที,Saniye Başına Para,Tiền Mỗi Giây,每秒赚取
CONTROLLER_SENSETIVITY,Controller Sensitivity,حساسية وحدة التحكم,Sensibilitat del controlador,Citlivost ovladače,Reglerempfindlichkeit,Sensibilidad del mando,Sensibilité du contrôleur,רגישות הבקר,Sensitivitas Pengontrol,Sensibilità del controller,コントローラーの感度,컨트롤러 감도,Czułość kontrolera,Sensibilidade do controle,Чувствительность Контроллера,ความไวของตัวควบคุม,Kontrol Cihazı Hassasiyeti,Độ nhạy của bộ điều khiển,控制器灵敏度
PICK_ONE_LABEL,Choose One,اختر واحداً,Tria'n un,Vyberte si jednu,Wähle eines aus,Elige uno,Choisissez-en un,בחר אחד,Pilih Salah Satu,Scegline uno,1つ選択,하나를 선택하세요,Wybierz jeden,Escolha uma opção.,Выберите Один Вариант,เลือกหนึ่งข้อ,Birini Seçin,Chọn một,选择一个
MAIN VOLUME,Main Volume,مستوى الصوت الرئيسي,Volum Principal,Celková hlasitost,Hauptlautstärke,Volumen principal,Volume Principal,נפח ראשי,Volume Utama,Volume Principale,メインボリューム,주 음량,Głośność Główna,Volume Principal,Общая Громкость,ระดับเสียงหลัก,Ana Ses,Âm Lượng Chính,主音量
IDLE_MODE,Idler Mode,وضع الخمول,Mode Oci,Nečinný režim,Idle-Modus,Modo Inactividad,Mode Inactif,מצב סרק,Mode Idler,Modalità Inattiva,アイドルモード,대기자 모드,Tryb Idle,Modo Idle,Айдлер Режим,โหมดผู้เล่นที่ไม่ทำอะไร,Boşta Mod,Chế Độ Idler,放置模式
GAME_OVER_MADE_BY,Made by Andy (Aarimous) & Cory (Thornity),صنع بواسطة آندي (أريموس) وكوري (ثورنيتي),Fet per Andy (Aarimous) i Cory (Thornity),Vytvořili Andy (Aarimous) & Cory (Thornity),Erstellt von Andy (Aarimous) & Cory (Thornity),Hecho por Andy (Aarimous) y Cory (Thornity),Créé par Andy (Aarimous) & Cory (Thornity),נוצר על ידי אנדי (ארימוס) וקורי (ת'ורניטי),Dibuat oleh Andy (Aarimous) & Cory (Thornity),Creato da Andy (Aarimous) & Cory (Thornity),Andy (Aarimous) と Cory (Thornity) によって制作,앤디 (Aarimous) & 코리 (Thornity) 제작,Stworzone przez Andy'ego (Aarimous) i Cory'ego (Thornity),Feito por Andy (Aarimous) & Cory (Thornity),Сделано Энди (Ааримус) и Кори (Торнити),สร้างโดย Andy (Aarimous) & Cory (Thornity),Andy (Aarimous) ve Cory (Thornity) tarafından yapıldı,Được Tạo Bởi Andy (Aarimous) & Cory (Thornity),由 Andy (Aarimous) 和 Cory (Thornity) 制作
CHANCE_TO_SPAWN_SPECIAL_ASTEROID_ELECTRIC,Chance to Spawn Electric Asteroids,فرصة لظهور كويكبات كهربائية,Probabilitat de Generar Asteroides Elèctrics,Šance na vznik elektrických asteroidů,"Chance, elektrische Asteroiden zu erzeugen",Probabilidad de generar un Asteroide Eléctrico,Chance de Faire Apparaître des Astéroïdes Électriques,הזדמנות להשרצת אסטרואידים חשמליים,Peluang untuk Munculnya Asteroid Listrik,Probabilità di Generare Asteroidi Elettrici,電気小惑星が生成されるチャンス,전기 소행성 생성 확률,Szansa na Pojawienie się Elektrycznych Asteroidów,Chance de Gerar Asteroides Elétricos,Шанс Электро-Астероидов,โอกาสในการเกิดดาวเคราะห์น้อยไฟฟ้า,Elektrikli Asteroit Doğurma Şansı,Cơ Hội Sinh Ra Asteroid Điện,生成闪电小行星的概率
SPECIAL_PLANET_ASTEROID_PINATA_SPAWN_CHANCE,Chance to Spawn Platinum Planet,فرصة ظهور كوكب بلاتيني,Probabilitat de Generar Planeta de Platí,Šance na vznik platinové planety,"Chance, einen Platin-Planeten zu spawnen",Probabilidad de generar un Planeta Platino,Chance de Faire Apparaître une Planète Platine,הזדמנות להוליד את כוכב הפלטינה,Peluang untuk Munculnya Planet Platinum,Probabilità di Generare un Pianeta Platino,プラチナ惑星を生成するチャンス,플래티넘 행성 생성 확률,Szansa na Pojawienie się Platynowej Planety,Chance de Gerar Planeta de Platina,Шанс Платиновой Планеты,โอกาสในการเกิดดาวเคราะห์แพลทินัม,Platin Gezegen Doğurma Şansı,Cơ Hội Sinh Ra Hành Tinh Bạch Kim,生成铂金行星的概率
BLACK_HOLE_NAME_40,Gargantua Black Hole,ثقب غارغانتوا الأسود,Forat Negre Gargantua,Černá dírka Gargantua,Gargantua Schwarzes Loch,Agujero negro Descomunal,Trou Noir Gargantua,חור שחור גרגנטואה,Lubang Hitam Gargantua,Buco Nero Gargantua,ガルガンチュア ブラックホール,가르간투아 블랙홀,Gargantuiczna Czarna Dziura,Buraco Negro Descomunal,Черная Дыра Гаргантюа,หลุมดำการ์แกนตัวยักษ์,Gargantua Kara Delik,Lỗ Đen Gargantua,巨兽黑洞
BLACK_HOLE_NAME_41,A Well Fed Black Hole,ثقب أسود مُغذّى جيداً,Un forat negre ben alimentat,Dobře živená černá díra,Ein gut genährtes Schwarzes Loch,Un agujero negro bien alimentado,Un trou noir bien nourri,חור שחור מאוכל היטב,Lubang Hitam yang Terisi Penuh,Un buco nero ben nutrito,十分に栄養を与えられたブラックホール,잘 먹은 블랙홀,Najedzona Czarna Dziura,Um buraco negro bem alimentado,Сытая чёрная дыра,หลุมดำที่อิ่มหนำสำราญ,İyi Beslenmiş Bir Kara Delik,Một lỗ đen được nuôi dưỡng tốt,被喂饱的黑洞
SPECIAL_PLANET_MOON_BUFF_DURATION,Moon Buff Duration,مدة تأثير القمر,Durada del Buff de Lluna,Doba trvání bonusových Měsíců,Dauer des Mond-Buffs,Duración del don lunar,Durée de Buff de Lune,משך זמן חיבוק הירח,Durasi Buff Bulan,Durata Buff Luna,月バフの持続時間,달 버프 지속시간,Czas Wzmocnienia Księżyca,Duração do Buff da Lua,Продолжительность Бонуса Луны,ระยะเวลาบัฟดวงจันทร์,Ay Buff Süresi,Thời Gian Buff Mặt Trăng,卫星增益持续时间
BLACK_HOLE_NAME_42,The Singularity Black Hole,الثقب الأسود المتفرد,El Forat Negre de la Singularitat,Singularita černé díry,Das Singularität Schwarze Loch,Agujero negro La singularidad,Trou Noir de la Singularité,החור השחור הסינגולרי,Lubang Hitam Singularity,Il Buco Nero della Singolarità,特異点ブラックホール,특이점 블랙홀,Osobliwość Czarnej Dziury,O Buraco Negro da Singularidade,Сингуларность Черной Дыры,หลุมดำอันมหาศาล,Tekillik Kara Delik,Lỗ Đen Đặc Tính,奇点黑洞
OBJECTS_DESTROYED_THIS_MILESTONE,Total Objects Destroyed this Milestone,إجمالي عدد الأجسام المدمرة في هذا الإنجاز,Total d'Objectes Destruïts aquesta Fita,Celkový počet zničených objektů v tomto milníku,Gesamt-Objekte zerstört in diesem Meilenstein,Objetos destruidos este Hito,Objets Totaux Détruits de cette Étape,Total Objects השמידו את אבן הדרך הזו,Total Objek Dihancurkan tonggak ini,Oggetti Totali Distrutti in questo Milestone,このマイルストーンで破壊したオブジェクトの合計,이번 이정표에서 파괴된 총 물체 수,Łączna Liczba Zniszczonych Obiektów w tym Kamieniu Milowym,Total de Objetos Destruídos neste Marco,Все Уничтоженные Цели за это Достижение,จำนวนวัตถุทั้งหมดที่ถูกทำลายในเหตุการณ์สำคัญนี้,Bu Eşiği geçilen Toplam Yok Edilen Nesneler,Tổng Số Đối Tượng Bị Phá Hủy Mốc này,此里程碑总共摧毁的物体
PRESS KIT,Press Kit,مجموعة مواد صحفية,Kit de Premsa,Tiskové materiály,Presseset,Kit de prensa,Kit de Presse,ערכת עיתונות,Paket Pers,Press Kit,プレスキット,프레스 키트,Zestaw Prasowy,Kit de Imprensa,Пресс-кит,ชุดกด,Basın Kiti,Bộ Tài Liệu Nhấn,美术包
SIZE,Size,مقاس,Mida,Velikost,Größe,Tamaño,Taille,גוֹדֶל,Ukuran,Dimensione,サイズ,크기,Rozmiar,Tamanho,Размер,ขนาด,Boyut,Kích Thước,大小
PLAY,Play,يلعب,Jugar,Hrát,Spielen,Jugar,Jouer,לְשַׂחֵק,Mainkan,Gioca,プレイ,플레이,Graj,Jogar,Играть,เล่น,Oyna,Chơi,开始
EPILOGUE_CALL_TO_PLAY_MORE,"Wow, we didn't think someone would actually beat the epilogue. Head over to the main menu to play some of the additional game modes!",يا للعجب، لم نكن نتوقع أن يتمكن أحد من إكمال الخاتمة! توجه إلى القائمة الرئيسية لتجربة بعض أنماط اللعب الإضافية!,"Vaja, no pensàvem que algú realment guanyaria l'epíleg. Dirigeix-te al menú principal per jugar algunes de les modalitats de joc addicionals!","Wow, nemysleli jsme si, že někdo epilog skutečně dohraje. Přejděte do hlavního menu a zahrajte si některé z dalších herních režimů!","Wow, wir hätten nicht gedacht, dass jemand tatsächlich das Epilog besiegt. Gehe ins Hauptmenü, um einige der zusätzlichen Spielmodi zu spielen!","Vaya, pensábamos que nadie se pasaría el epílogo. Ve al menú principal para jugar a los otros modos de juego.","Wow, nous ne pensions pas que quelqu'un réussirait à battre l'épilogue. Dirigez-vous vers le menu principal pour jouer à certains des modes de jeu supplémentaires !","וואו, לא חשבנו שמישהו באמת ינצח את האפילוג. כנסו לתפריט הראשי כדי לשחק בכמה ממצבי המשחק הנוספים!","Wow, kami tidak menyangka seseorang benar-benar bisa menyelesaikan epilog. Pergi ke menu utama untuk memainkan beberapa mode permainan tambahan!","Wow, non pensavamo che qualcuno potesse davvero battere l'epilogo. Vai al menu principale per giocare alcune delle modalità di gioco aggiuntive!",おお、実際に誰かがエピローグをクリアするとは思いませんでした。メインメニューに戻って追加のゲームモードをプレイしてください！,"와, 누군가가 실제로 에필로그를 통과할 것이라고 생각하지 않았습니다. 추가 게임 모드를 플레이하려면 메인 메뉴로 가세요!","Wow, nie sądziliśmy, że ktoś rzeczywiście pokona epilog. Przejdź do menu głównego, aby zagrać w niektóre z dodatkowych trybów gry!","Uau, não achávamos que alguém realmente fosse vencer o epílogo. Vá para o menu principal para jogar alguns dos modos de jogo extras!","Вау, мы не ожидали, что кто-то пройдет эпилог. Дальше можете попробовать другие режимы игры из главного меню",ว้าว เราไม่คิดว่ามีคนจะเอาชนะตำนานได้จริง ไปที่เมนูหลักเพื่อเล่นโหมดเกมเพิ่มเติมที่บางส่วน!,"Vay, birinin gerçekten epilog'u geçeceğini düşünmemiştik. Ek oyun modlarından bazılarını oynamak için ana menüye git!","Wow, chúng tôi không nghĩ rằng ai đó thực sự có thể đánh bại epilogue. Hãy quay lại menu chính để chơi một số chế độ trò chơi thêm!",哇，我们没想到有人会真的打败无尽。请前往主菜单玩一些其他的游戏模式！
LASER_CRIT_BONUS,Laser Critical Damage Bonus,مكافأة الضرر الحرج بالليزر,Boni de Dany Crític Làser,Bonus za kritické poškození laserem,Bonus für kritischen Laserschaden,Daño crítico adicional del Láser,Bonus de Dégâts Critiques de Laser,בונוס נזק קריטי בלייזר,Bonus Damage Kritis Laser,Bonus Danno Critico da Laser,レーザークリティカルダメージボーナス,레이저 치명타 보너스,Bonusowe Obrażenia Krytyczne Lasera,Bônus de Dano Crítico do Laser,Бонус Критического Урона от Лазера,โบนัสความเสียหายวิกฤตเลเซอร์,Lazer Kritik Hasar Bonusu,Tiền Thưởng Sát Thương Kích Cỡ Laser,激光暴击伤害倍数
MOONS_COLLECTED_THIS_SESSION,Moons Collected,أقمار مجمعة,Llunes Recollides,Získané Měsíce,Gesammelte Monde,Lunas recogidas,Lunes Collectées,ירחים שנאספו,Bulan Dikumpulkan,Lune Raccolte,収集した月,수집한 달,Zebrane Księżyce,Luas Coletadas,Лун Собрано,ดวงจันทร์ที่รวบรวมได้,Toplanan Aylar,Mặt Trăng Được Thu Thập,收集的卫星
COMET_SHOWER_SIZE,Amount of Comets in a Comet Shower,عدد المذنبات في وابل المذنبات,Quantitat de Cometes en un Xàfec de Cometes,Množství komet v proudu komet,Anzahl der Kometen in einem Kometenschauer,Número de Cometas en una Lluvia de Cometas,Montant de Comètes dans une Pluie de Comètes,כמות שביטים במטר שביטים,Jumlah Komet dalam Hujan Komet,Quantità di Comete in una Rovina di Comete,彗星シャワーにある彗星の量,혜성 내릴 때의 혜성 수,Ilość Komet w Deszczu Komet,Quantidade de Cometas em uma Chuva de Cometas,Количество Комет в Метеоритном Дожде,จำนวนดาวหางในดาวหาง,Bir Kuyruklu Yıldız Yağmurundaki Kuyruklu Yıldız Sayısı,Số Lượng Sao Chổi Trong Một Cơn Mưa Sao Chổi,彗星雨中的彗星数量
WISHLIST,Wishlist,قائمة الأمنيات,Llista de Desitjos,Přidat do Wishlistu,Wunschliste,Lista de deseos,Liste de Souhaits,רשימת משאלות,Daftar Keinginan,Lista dei Desideri,ウィッシュリスト,위시리스트,Lista Życzeń,Lista de Desejos,Добавить в Список Желаемого Steam,รายการที่ต้องการ,İlgilenilenler,Danh Sách Ao ước,愿望清单
MANUAL_CLICKS_THIS_SESSION,Useless Manual Clicks,نقرات يدوية غير مجدية,Clics Manuals Inútils,Zbytečné ruční kliknutí,Nutzlose manuelle Klicks,Clics manuales desperdiciados,Clics Manuels Inutiles,לחיצות ידניות חסרות תועלת,Klik Manual yang Tidak Berguna,Clic Manuali Inutili,無駄な手動クリック,쓸모없는 수동 클릭 수,Bezużyteczne Kliknięcia Ręczne,Cliques Manuais Inúteis,Бессмысленные Нажатия Мыши,คลิกแมนนวลที่ไม่ใช้ประโยชน์,Faydasız Manuel Tıklamalar,Nhấp Chuột Thủ Công Vô Ích,无用的鼠标点击
SPECIAL_STAR_ELECTRIC_DAMAGE,Electric Star Damage,أضرار النجمة الكهربائية,Dany d'Estrella Elèctrica,Poškození elektrickou hvězdou,Elektrischer Sternenschaden,Daño de Estrellas Eléctricas,Dégâts d'Étoile Électrique,נזק כוכב חשמלי,Damage Bintang Listrik,Danno da Stella Elettrica,電気星のダメージ,전기 별 피해,Obrażenia Elektrycznej Gwiazdy,Dano de Estrela Elétrica,Урон от Электро-Звезд,ความเสียหายจากดาวไฟฟ้า,Elektrikli Yıldız Hasarı,Sát Thương Sao Điện,闪电伤害
THE_LINE,The Line,الخط,La línia,Linka,Die Linie,La Línea,La Ligne,הקו,Garis,La linea,ライン,라인,Linia,A Linha,Линия,เส้น,Çizgi,Đường thẳng,一条线模式
CHANCE_TO_RESPAWN_ASTEROID_ON_BREAK,Chance to Spawn New Asteroid when an Asteroid is Destroyed,فرصة لظهور كويكب جديد عند تدمير كويكب قائم,Probabilitat de Generar Nou Asteroide quan un Asteroide és Destruït,"Šance na vznik nového asteroidu, pokud je asteroid zničen","Chance, einen neuen Asteroiden zu erzeugen, wenn ein Asteroid zerstört wird",Probabilidad de generar otro Asteroide al destruir un Asteroide,Chance de Faire Apparaître un Nouvel Astéroïde lorsque un Astéroïde est Détruit,הזדמנות להשריץ אסטרואיד חדש כאשר אסטרואיד מושמד,Peluang untuk Munculnya Asteroid Baru saat Asteroid Dihancurkan,Probabilità di Generare un Nuovo Asteroide quando un Asteroide viene Distrutto,小惑星が破壊されたときに新しい小惑星が生成されるチャンス,소행성이 파괴될 때 새로운 소행성을 생성할 확률,"Szansa na Pojawienie się Nowej Asteroidy, gdy Asteroida Zostanie Zniszczona",Chance de Gerar Novo Asteroide quando um Asteroide é Destruído,Шанс возрождения Астероида при Разрушении Астероида,โอกาสในการเกิดดาวเคราะห์น้อยใหม่เมื่อดาวเคราะห์น้อยถูกทำลาย,Bir Asteroit Yok Edildiğinde Yeni Bir Asteroit Doğurma Şansı,Cơ Hội Sinh Ra Asteroid Mới Khi Một Asteroid Bị Phá Hủy,摧毁小行星时生成新小行星的概率
MONEY_PER_MATTER,Money from Asteroid Matter,أموال من مادة الكويكب,Dinero de Matèria d'Asteroide,Peníze za hmotu z asteriodů,Geld aus Asteroidenmaterie,Dinero por Materia asteroidal,Argent provenant de la Matière d'Astéroïde,כסף מחומר אסטרואידים,Uang dari Materi Asteroid,Denaro derivante dalla Materia di Asteroidi,小惑星物質からのお金,소행성 물질에서 얻는 돈,Pieniądze z Materii Asteroidów,Dinheiro de Matéria de Asteroide,Доход от Астероидов,เงินจากสสารดาวเคราะห์น้อย,Asteroit Maddesinden Para,Tiền Từ Vật Chất Asteroid,来自小行星物质的金钱
CHANCE_TO_SPAWN_SPECIAL_ASTEROID_GOLDEN,Chance to Spawn a Golden Asteroid,فرصة لظهور كويكب ذهبي,Probabilitat de Generar un Asteroide Daurat,Šance na vznik zlatého asteroidu,"Chance, einen goldenen Asteroiden zu spawnen",Probabilidad de generar un Asteroide Dorado,Chance de Faire Apparaître un Astéroïde Doré,הזדמנות להשריץ אסטרואיד זהוב,Peluang untuk Munculnya Asteroid Emas,Probabilità di Generare un Asteroide Dorato,金色小惑星を生成するチャンス,황금 소행성 생성 확률,Szansa na Pojawienie się Złotej Asteroidy,Chance de Gerar um Asteroide Dourado,Шанс Золотого Астероида,โอกาสในการเกิดดาวเคราะห์น้อยทองคำ,Altın Asteroit Doğurma Şansı,Cơ Hội Sinh Ra Asteroid Vàng,生成金色小行星的机会
BASE_DAMAGE_PER_CLICK,Breaker Damage,تلف قاطع الدائرة,Dany de Breaker,Poškození rozbíječem,Brecher-Schaden,Daño del Rompedor,Dégâts de Briseur,נזק למפסק,Damage Breaker,Danno del Frantumatore,ブレイカーのダメージ,브레이커 피해,Obrażenia Łamacza,Dano do Quebrador,Урон Разрушителя,ความเสียหายเบรกเกอร์,Kırıcı Hasarı,Sát Thương Đập,基础伤害
QUIT,Quit,يترك,Sortir,Odejít,Beenden,Salir,Quitter,לְהַפְסִיק,Keluar,Esci,終了,종료,Wyjdź,Sair,Выход,ออก,Çıkış,Thoát,退出
LASER_DAMAGE,Laser Damage,أضرار الليزر,Dany Làser,Poškození laserem,Laser-Schaden,Daño de Láseres,Dégâts de Laser,נזק לייזר,Damage Laser,Danno da Laser,レーザーのダメージ,레이저 피해,Obrażenia Lasera,Dano de Laser,Урон от Лазера,ความเสียหายเลเซอร์,Lazer Hasarı,Sát Thương Laser,激光伤害
ELECTRIC_CRIT_BONUS,Electric Asteroid Critical Damage Bonus,مكافأة الضرر الحرج للكويكب الكهربائي,Boni de Dany Crític d'Asteroide Elèctric,Bonus za kritické poškození elektrického asteroidu,Bonus für kritischen elektrischen Asteroidenschaden,Daño crítico adicional de los Asteroides Eléctricos,Bonus de Dégâts Critiques d'Astéroïde Électrique,בונוס נזק קריטי לאסטרואיד חשמלי,Bonus Damage Kritis Asteroid Listrik,Bonus Danno Critico dell'Asteroide Elettrico,電気小惑星クリティカルダメージボーナス,전기 소행성 치명타 보너스,Bonus Krytycznych Obrażeniem Elektrycznej Asteroidy,Bônus de Dano Crítico do Asteroide Elétrico,Бонус Критического Урона Электро-Астероида,โบนัสความเสียหายวิกฤตดาวเคราะห์น้อยไฟฟ้า,Elektrikli Asteroit Kritik Hasar Bonusu,Tiền Thưởng Đánh Kích Cỡ Asteroid Điện,闪电小行星暴击伤害倍数
SPECIAL_ASTEROID_GOLDEN_CRIT_CHANCE,Golden Asteroid Crit Chance,فرصة ضربة حاسمة للكويكب الذهبي,Probabilitat de Crítica d'Asteroide Daurat,Šance na kritické poškození zlatého asteroidu,Kritische Chance auf goldene Asteroiden,Probabilidad de crítico de los Asteroides Dorados,Chance Critique d'Astéroïde Doré,סיכוי קריטי לאסטרואיד הזהוב,Peluang Kritis Asteroid Emas,Probabilità Critica Asteroide Dorato,金色小惑星のクリティカルチャンス,황금 소행성 치명타 확률,Szansa Krytyczna Złotej Asteroidy,Chance Crítica do Asteroide Dourado,Критический Шанс Золотого Астероида,โอกาสวิกฤตดาวเคราะห์น้อยทองคำ,Altın Asteroit Kritik Şansı,Cơ Hội Kích Cỡ Asteroid Vàng,金色小行星暴击概率
STAR_ELECTRIC_DAMAGE_THIS_SESSION,Electric Star Damage,أضرار النجمة الكهربائية,Dany d'Estrella Elèctrica,Poškození elektrickou hvězdou,Elektrischer Sternenschaden,Daño de las Estrellas Eléctricas,Dégâts d'Étoile Électrique,נזק כוכב חשמלי,Damage Bintang Listrik,Danno da Stella Elettrica,電気星のダメージ,전기 별 피해,Obrażenia Elektrycznej Gwiazdy,Dano de Estrela Elétrica,Урон Электро-Звезд,ความเสียหายจากดาวไฟฟ้า,Elektrikli Yıldız Hasarı,Sát Thương Sao Điện,闪电伤害
RESUME,Resume,سيرة ذاتية,Reprend,Pokračovat,Fortsetzen,Reanudar,Reprendre,קוֹרוֹת חַיִים,Lanjutkan,Riprendi,再開,재개,Wznów,Retomar,Продолжить,ดำเนินการต่อ,Devam Et,Tiếp Tục,恢复
UPGRADES,Upgrades,ترقيات,Millores,Vylepšení,Upgrades,Mejoras,Améliorations,שדרוגים,Upgrade,Aggiornamenti,アップグレード,업그레이드,Ulepszenia,Melhorias,Улучшения,การอัปเกรด,Yükseltmeler,Nâng Cấp,升级
CHALLENGE_MODE_DESCRIPTION,Coming Soon,قريباً,Properament,Již brzy,Bald verfügbar,Próximamente,À Venir Bientôt,בקרוב,Segera Hadir,In Arrivo,近日公開,곧 출시됩니다,Już Wkrótce,Em Breve,Скоро,มีกำหนดในเร็วๆ นี้,Yolda,Sẽ Sớm Có,即将推出
GIANT_GRID_DESCRIPTION,"We're currently testing this mode. It's a big grid with stuff to explore, you don't need all the nodes to win, so which ones will you choose?",نحن نختبر هذا النمط حاليًا. إنها شبكة كبيرة مليئة بالأشياء التي يمكن استكشافها، ولا تحتاج إلى جميع العقد للفوز، فأي منها ستختار؟,"Actualment estem provant aquest mode. És una gran quadrícula amb coses per explorar, no necessites tots els nodes per guanyar, així que quins triaràs?","Tento režim momentálně testujeme. Je to velká mřížka s věcmi k prozkoumání, k vítězství nepotřebujete všechny uzly, takže které si vyberete?","Wir testen diesen Modus gerade. Es ist ein großes Raster mit vielen Dingen zum Erkunden. Man braucht nicht alle Knotenpunkte, um zu gewinnen. Welche wirst du auswählen?",Este modo todavía está bajo pruebas. Es una cuadrícula enorme que explorar. No hacen falta todas las mejoras para ganar. ¿Cuáles escogerás?,"Nous testons actuellement ce mode. Il s'agit d'une grande grille avec des éléments à explorer ; vous n'avez pas besoin de tous les nœuds pour gagner, alors lesquels choisirez-vous ?","אנחנו בודקים כרגע את המצב הזה. זוהי רשת גדולה עם דברים לחקור, אתם לא צריכים את כל הצמתים כדי לנצח, אז אילו מהם תבחרו?","Saat ini kami sedang menguji mode ini. Ini adalah grid besar dengan banyak hal untuk dijelajahi, Anda tidak perlu semua node untuk menang, jadi node mana yang akan Anda pilih?","Stiamo testando questa modalità. È una grande griglia con elementi da esplorare, non è necessario avere tutti i nodi per vincere, quindi quali sceglierai?",現在このモードをテスト中です。探索できる要素が豊富な広大なグリッドで、勝利するために全てのノードを獲得する必要はありません。さあ、どのノードを選びますか？,"현재 이 모드를 테스트 중입니다. 탐험할 요소가 가득한 거대한 격자 형태이며, 모든 노드를 다 차지하지 않아도 승리할 수 있습니다. 어떤 노드를 선택하시겠습니까?","Aktualnie testujemy ten tryb. To duża siatka z elementami do eksploracji. Nie potrzebujesz wszystkich węzłów, aby wygrać, więc które wybierzesz?","Atualmente, estamos testando esse modo. É uma grande grade com coisas para explorar; você não precisa de todos os nós para vencer, então, quais você escolherá?","Этот режим тестируеться. Здесь большое дерево улучшений, но победа не требует всех улучшений. Каков будет ваш выбор?",ขณะนี้เรากำลังทดสอบโหมดนี้อยู่ มันเป็นตารางขนาดใหญ่ที่มีสิ่งต่างๆ ให้สำรวจ คุณไม่จำเป็นต้องสำรวจทุกโหนดเพื่อชนะ ดังนั้นคุณจะเลือกโหนดไหนบ้าง?,"Şu anda bu modu test ediyoruz. Keşfedilecek birçok şeyin olduğu büyük bir ızgara; kazanmak için tüm düğümlere ihtiyacınız yok, peki hangilerini seçeceksiniz?","Chúng tôi hiện đang thử nghiệm chế độ này. Đó là một lưới lớn với nhiều thứ để khám phá, bạn không cần phải chiếm hết tất cả các nút để chiến thắng, vậy bạn sẽ chọn những nút nào?",我们目前正在测试这种模式。这是一个有很多东西可以探索的大型网格，你不需要收集所有节点就能获胜，那么你会选择哪些节点呢？
SPECIAL_STAR_ELECTRIC_MAX_CHAINS,Electric Star Max Chains,سلاسل إلكتريك ستار ماكس,Màxim Xains d'Estrella Elèctrica,Maximální řetězení elektrické hvězdy,Maximale Ketten elektrischer Sterne,Límite de saltos de las Estrellas Eléctricas,Max de Chaînes d'Étoile Électrique,שרשראות מקס של אלקטריק סטאר,Maksimum Rantai Bintang Listrik,Catene Massime della Stella Elettrica,電気星の最大チェーン,전기 별 최대 연쇄,Maksymalna Ilość Łańcuchów Elektrycznej Gwiazdy,Correntes Máximas de Estrela Elétrica,Максимальная Цепь Молний Электро-Звезды,การเชื่อมต่อสูงสุดของดาวไฟฟ้า,Elektrikli Yıldız Maksimum Zincir Sayısı,Sát Thương Sao Điện Tối Đa,闪电星球最大连锁
SUPERNOVA_RADIUS_SCALE,Supernova Radius,نصف قطر المستعر الأعظم,Radi de Supernova,Poloměr supernovy,Supernova-Radius,Radio de las Supernovas,Rayon de Supernova,רדיוס הסופרנובה,Radius Supernova,Raggio della Supernova,超新星の半径,슈퍼노바 반경,Promień Supernowej,Raio da Supernova,Радиус Сверхновой,ระยะซูเปอร์โนวา,Süpernova Yarıçapı,Bán Kính Siêu Nova,超新星半径
SPECIAL_PLANET_MOON_CLIKCER_AOE_BUFF_SCALE,Moon Buff Scale for Breaker Radius,مقياس تأثير القمر لنصف قطر الكاسر,Escala de Buff de Lluna per el Radi de Breaker,Vliv bonusových Měsíců na poloměr rozbíječe,Buff-Skala des Mondes für Brecher-Radius,Multiplicador del don lunar al radio del Rompedor,Échelle de Buff de Lune pour Rayon de Briseur,סולם חיזוק ירח עבור רדיוס מפסק,Skala Buff Bulan untuk Jarak Breaker,Scala Buff Luna per Raggio del Frantumatore,ブレイカーレイディウスのための月バフスケール,브레이커 반경에 대한 달 버프 스케일,Skala Wzmocnienia Księżyca dla Promienia Łamacza,Escala do Buff da Lua no Raio do Quebrador,Увеличение Радуса Разрушителя от Лун,สเกลบัฟดวงจันทร์สำหรับระยะการเบรกเกอร์,Kırıcı Yarıçapı için Ay Buff Ölçeği,Tỷ Lệ Buff Mặt Trăng cho Bán Kính Đập,卫星对伤害半径的增益倍数
UFO_SPAWN_CHANCE,Chance to Spawn a UFO,فرصة لظهور جسم طائر مجهول,Probabilitat de Generar un OVNI,Šance na vznik UFO,"Chance, ein UFO zu spawnen",Probabilidad de generar un OVNI,Chance de Faire Apparaître un OVNI,"הזדמנות להשריץ עב""ם",Peluang untuk Munculnya UFO,Probabilità di Generare un UFO,UFOを生成するチャンス,UFO 생성 확률,Szansa na Powstanie UFO,Chance de Gerar um OVNI,Шанс НЛО,โอกาสในการเกิด UFO,Bir UFO Doğurma Şansı,Cơ Hội Sinh Ra một UFO,生成 UFO 的概率
SETTING,Settings,إعدادات,Configuracions,Nastavení,Einstellungen,Configuración,Paramètres,הגדרות,Pengaturan,Impostazioni,設定,설정,Opcje,Configurações,Настройки,การตั้งค่า,Ayarlar,Cài Đặt,设置
COMET_CRIT_CHANCE_BUFF_SCALE,Crit Comet Buff Scale,مقياس تعزيز المذنب الحرج,Escala de Buff de Comet Crític,Vliv bonusů kritické komety,Buff-Skala des kritischen Kometen,Multiplicador del don Cometa Crítico,Échelle de Buff de Comète Critique,סולם חיטוב קריטי של שביט,Skala Buff Komet Kritis,Scala Buff Cometa Critica,クリティカル彗星バフスケール,치명타 혜성 버프 스케일,Skala Wzmocnienia Krytycznej Komety,Escala de Buff do Cometa Crítico,Усиление Эффекта Кометы,สเกลบัฟดาวหางวิกฤต,Kritik Kuyruklu Yıldız Buff Ölçeği,Tỷ Lệ Buff Sao Chổi,暴击彗星增益倍数
MUSIC VOLUME,Music Volume,مستوى صوت الموسيقى,Volum de Música,Hlasitost hudby,Musiklautstärke,Volumen de la música,Volume de Musique,עוצמת הקול של המוזיקה,Volume Musik,Volume della Musica,音楽ボリューム,음악 음량,Głośność Muzyki,Volume da Música,Громкость музыки,ระดับเสียงเพลง,Müzik Ses Seviyesi,Âm Lượng Nhạc,音乐音量
TIME_ADDED_THIS_SESSION,Time Added,الوقت المضاف,Temps Afegit,Přidán čas,Zeit hinzugefügt,Tiempo añadido,Temps Ajouté,זמן הוספה,Waktu Tambahan,Tempo Aggiunto,追加された時間,추가된 시간,Czas Dodany,Tempo Adicionado,Время Добавлено,เวลาเพิ่ม,Eklenen Zaman,Thời Gian Thêm,增加的时间
MAIN_MODE_DESCRIPTION,"This is the main game mode. A short incremental mode about feeding a black hole matter by destroying asteroids, planets, and stars.",هذا هو نمط اللعب الرئيسي. نمط قصير تدريجي يدور حول تغذية ثقب أسود بالمادة عن طريق تدمير الكويكبات والكواكب والنجوم.,"Aquesta és la modalitat principal del joc. Un mode incremental curt sobre alimentar un forat negre amb matèria destruint asteroides, planetes i estrelles.","To je hlavní herní režim. Krátký inkrementální režim o krmení černé díry materiálem ze zničených asteroidů, planet a hvězd.","Dies ist der Hauptspielmodus. Ein kurzer inkrementeller Modus über das Füttern eines Schwarzen Loches mit Materie, indem Asteroiden, Planeten und Sterne zerstört werden.","Este es el modo principal del juego. Un modo corto y progresivo que trata de alimentar a un agujero negro con la materia de asteroides, planetas y estrellas destruidos.","C'est le mode de jeu principal. Un mode incrémental court sur nourrir un trou noir de matière en détruisant des astéroïdes, des planètes et des étoiles.","זהו מצב המשחק הראשי. מצב קצר וצעדי על הזנת חומר של חור שחור על ידי השמדת אסטרואידים, כוכבי לכת וכוכבים.","Ini adalah mode permainan utama. Sebuah mode tambahan singkat tentang memberi makan lubang hitam dengan menghancurkan asteroid, planet, dan bintang.","Questa è la modalità di gioco principale. Una breve modalità incrementale sul nutrimento di un buco nero con materia distruggendo asteroidi, pianeti e stelle.",これはメインゲームモードです。小惑星、惑星、星を破壊してブラックホールに物質を与える短いインクリメンタルモードです。,"이것은 메인 게임 모드입니다. 소행성, 행성, 별을 파괴하여 블랙홀에 물질을 먹이는 짧은 증가형 모드입니다.","To główny tryb gry. Krótki tryb inkrementalny, w którym karmisz czarną dziurę, niszcząc asteroidy, planety i gwiazdy.","Este é o modo principal do jogo. Um modo incremental curto sobre alimentar um buraco negro com matéria destruindo asteroides, planetas e estrelas.","Это основной режим игры. Короткий инкрементальный режим об утолении голода черной дыры астероидами, планетами и звездами.",นี่คือโหมดเกมหลัก โหมดเพิ่มขึ้นสั้นๆ เกี่ยวกับการให้อาหารหลุมดำด้วยการทำลายดาวเคราะห์น้อย ดาวเคราะห์ และดาว,"Bu ana oyun modu. Asteroitleri, gezegenleri ve yıldızları yok ederek kara deliğe madde beslemeye odaklanan kısa bir artan mod.","Đây là chế độ chơi chính. Một chế độ ngắn về việc cho lỗ đen ăn bằng cách phá hủy asteroid, hành tinh và sao.",主要的游戏模式。短期增量，通过摧毁小行星、行星和恒星来为黑洞提供质量。
SPECIAL_ASTEROID_CHAIN_DISTANCE_SCALE,Electric Asteroid Chain Distance,المسافة بين سلسلة الكويكبات الكهربائية,Distància de Cadena d'Asteroide Elèctric,Dosah řetězení elektrického asteroidu,Kettendistanz elektrischer Asteroiden,Distancia de salto del los Asteroides Eléctricos,Distance de Chaîne d'Astéroïde Électrique,מרחק שרשרת אסטרואידים חשמליים,Jarak Rantai Asteroid Listrik,Distanza della Catena dell'Asteroide Elettrico,電気小惑星のチェーン距離,전기 소행성 연쇄 거리,Odległość Łańcucha Elektrycznej Asteroidy,Distância da Corrente do Asteroide Elétrico,Длина Цепи Молний Электро-Астероида,ระยะห่างของการเชื่อมต่อดาวเคราะห์น้อยไฟฟ้า,Elektrikli Asteroit Zincir Mesafesi,Khoảng Cách Chuỗi Asteroid Điện,闪电小行星连锁距离
RUN_TIMER_AMOUNT_ON_BLACK_HOLE_GROW,Time Added when Black Hole Grows,الوقت المضاف عند نمو الثقب الأسود,Temps Afegit quan el Forat Negre Creix,"Přidání času, když se zvětší černá díra","Zeit hinzugefügt, wenn das Schwarze Loch wächst",Tiempo adicional cuando el Agujero negro crece,Temps Ajouté lorsque le Trou Noir Grandit,זמן נוסף כאשר חור שחור גדל,Waktu Tambahan saat Lubang Hitam Membesar,Tempo Aggiunto quando il Buco Nero Cresce,ブラックホールが成長したときに追加される時間,블랙홀 성장 시 추가되는 시간,"Czas Dodany, gdy Czarna Dziura Urośnie",Tempo Adicionado no Crescimento do Buraco Negro,Дополнительное Время от Роста Черной Дыры,เวลาที่เพิ่มขึ้นเมื่อหลุมดำเติบโต,Kara Delik Büyüdüğünde Eklenen Zaman,Thời Gian Thêm Khi Lỗ Đen Tăng Trưởng,黑洞变大时增加的时间
WINDOWED,Windowed,نافذة,Finestra,V okně,Fenstermodus,Ventana,Fenêtré,חלון,Jendela,Finestra,ウィンドウモード,창 모드,Okno,Janela,Оконный режим,หน้าต่าง,Pencereli,Cửa Sổ,窗口
MONEY_EARNED_THIS_SESSION,Money Earned This Session,الأموال المكتسبة في هذه الجلسة,Diners guanyats en aquesta sessió,Peníze vydělané v této relaci,Verdientes Geld in dieser Sitzung,Dinero ganado en esta sesión,Argent gagné lors de cette session,כסף שנצבר בפגישה זו,Pendapatan yang Diperoleh pada Sesi Ini,Soldi guadagnati in questa sessione,このセッションで獲得した金額,이번 회기에서 벌어들인 돈,Pieniądze zarobione w tej sesji,Dinheiro ganho nesta sessão,Деньги за эту Сессию,รายได้ในรอบนี้,Bu Seansda Kazanılan Para,Số tiền kiếm được trong kỳ này,此次收入
QUICK_MODE_GAME_OVER_TEXT,You beat this game mode!,لقد فزت في هذا النمط من اللعبة!,Has guanyat aquest mode de joc!,Zvítězili jste v tomto herním režimu!,Du hast diesen Spielmodus geschafft!,¡Has superado este modo de juego!,Vous avez battu ce mode de jeu !,ניצחת את מצב המשחק הזה!,Anda telah mengalahkan mode permainan ini!,Hai battuto questa modalità di gioco!,このゲームモードをクリアしました！,이 게임 모드를 이겼습니다!,Przeszedłeś ten tryb gry!,Você venceu este modo de jogo!,Вы прошли этот игровой режим!,คุณเอาชนะโหมดเกมนี้ได้!,Bu oyun modunu geçtiniz!,Bạn đã đánh bại chế độ trò chơi này!,您击败了这个游戏模式！
STARS_TO_SPAWN,Number of Stars,عدد النجوم,Nombre d'estrelles,Počet hvězd,Anzahl der Sterne,Número de Estrellas,Nombre d'étoiles,מספר כוכבים,Jumlah Bintang,Numero di stelle,星の数,별의 개수,Liczba gwiazd,Número de estrelas,Количество Звёзд,จำนวนดาว,Yıldız Sayısı,Số sao,星星数量
BREAKER_CRIT_DAMAGE_THIS_SESSION,Breaker Critical Damage,الضرر الحرج للمحطم,Dany Crític de Breaker,Kritické poškození rozbíječem,Kritischer Brecher-Schaden,Daño crítico del Rompedor,Dégâts Critiques de Briseur,נזק קריטי למפסק,Damage Kritis Breaker,Danno Critico del Frantumatore,ブレイカーのクリティカルダメージ,브레이커 치명타 피해,Krytyczne Obrażenia Łamacza,Dano Crítico do Quebrador,Критический Урон Разрушителя,ความเสียหายวิกฤตเบรกเกอร์,Kırıcı Kritik Hasarı,Sát Thương Đập Kích Cỡ,暴击伤害
PLANETS_TO_SPAWN,Number of Planets,عدد الكواكب,Nombre de planetes,Počet planet,Anzahl der Planeten,Número de Planetas,Nombre de planètes,מספר כוכבי הלכת,Jumlah Planet,Numero di pianeti,惑星の数,행성의 수,Liczba planet,Número de planetas,Количество Планет,จำนวนดาวเคราะห์,Gezegen Sayısı,Số lượng hành tinh,行星数量
SPECIAL_PLANET_FROZEN_SHARD_DISTANCE_SCALE,Frozen Shard Distance,مسافة الشظية المجمدة,Distància de Trossos Congelats,Vzdálenost zmrzlého úlomku,Entfernung gefrorener Splitter,Alcance del Fragmento congelado,Distance de Morceau Gelé,מרחק רסיס קפוא,Jarak Pecahan Beku,Distanza Pendente Congelata,凍った破片の距離,얼어붙은 파편 거리,Odległość Zamarzniętego Odłamka,Distância do Fragmento Congelado,Расстояние Замороженного Осколка,ระยะห่างของชิ้นส่วนที่ถูกแข็งตัว,Donmuş Parça Mesafesi,Khoảng Cách Mảnh Băng,冻结碎片距离
CLICKER_CRIT_BONUS,Breaker Critical Damage Bonus,مكافأة الضرر الحرج للمحطم,Boni d'Dany Crític de Breaker,Bonus za kritické poškození rozbíječem,Bonus für kritischen Brecher-Schaden,Daño crítico adicional del Rompedor,Bonus de Dégâts Critiques de Briseur,בונוס נזק קריטי למפסק,Bonus Damage Kritis Breaker,Bonus Danno Critico del Frantumatore,ブレイカークリティカルダメージボーナス,브레이커 치명타 보너스,Bonus Krytycznych Obrażeń Łamacza,Bônus de Dano Crítico do Quebrador,Бонус Критического Урона Разрушителя,โบนัสความเสียหายวิกฤตเบรกเกอร์,Kırıcı Kritik Hasar Bonusu,Tiền Thưởng Đập Kích Cỡ,暴击伤害倍数
ELECTRIC_CRIT_CHANCE,Electric Asteroid Critical Damage Chance,احتمال حدوث أضرار جسيمة جراء اصطدام كويكب كهربائي,Probabilitat de Dany Crític d'Asteroide Elèctric,Šance na kritické poškození elektrického asteroidu,Chance auf kritischen elektrischen Asteroidenschaden,Probabilidad de daño crítico de los Asteroides Eléctricos,Chance de Dégâts Critiques d'Astéroïde Électrique,סיכוי לנזק קריטי לאסטרואיד חשמלי,Peluang Damage Kritis Asteroid Listrik,Probabilità di Danno Critico dell'Asteroide Elettrico,電気小惑星クリティカルダメージチャンス,전기 소행성 치명타 확률,Szansa na Krytyczne Obrażenia Elektrycznej Asteroidy,Chance de Dano Crítico do Asteroide Elétrico,Шанс Критического Урона Электро-Астероида,โอกาสความเสียหายวิกฤตดาวเคราะห์น้อยไฟฟ้า,Elektrikli Asteroit Kritik Hasar Şansı,Cơ Hội Đánh Kích Cỡ Asteroid Điện,闪电小行星暴击伤害概率
MOON_MODE,Moon Mode,وضع القمر,Mode Lluna,Měsíční režim,Mondmodus,Modo Luna,Mode Lune,מצב ירח,Mode Bulan,Modalità Luna,ムーンモード,문 모드,Tryb księżycowy,Modo Lua,Лунный Режим,โหมดดวงจันทร์,Ay Modu,Chế độ Mặt Trăng,月相模式
ROGUELIKE_MODE,Roguelike Mode,نمط روغلايك,Mode Roguelike,Roguelike režim,Roguelike-Modus,Modo Mazmorras (Roguelike),Mode Roguelike,מצב רוגלייק,Mode Roguelike,Modalità Roguelike,ローグライクモード,로그라이크 모드,Tryb roguelike,Modo Roguelike,Режим Рогалика,โหมดโร้กไลค์,Roguelike Modu,Chế độ Roguelike,肉鸽模式
SPECIAL_STAR_CHANCET_TO_SPAWN_ELECTRIC,Chance to Spawn Electric Stars,فرصة لظهور النجوم الكهربائية,Probabilitat de Generar Estrelles Elèctriques,Šance na vznik elektrických hvězd,"Chance, elektrische Sterne zu spawnen",Probabilidad de generar Estrellas Eléctricas,Chance de Faire Apparaître des Étoiles Électriques,הזדמנות להשריץ כוכבים חשמליים,Peluang untuk Munculnya Bintang Listrik,Probabilità di Generare Stelle Elettriche,電気星を生成するチャンス,전기 별 생성 확률,Szansa na Pojawienie się Elektrycznych Gwiazd,Chance de Gerar Estrelas Elétricas,Шанс Электро-Звезд,โอกาสในการเกิดดาวไฟฟ้า,Elektrikli Yıldız Doğurma Şansı,Cơ Hội Sinh Ra Sao Điện,生成闪电星球的概率
STARS_DESTROYED_THIS_SESSION,Stars Destroyed,نجوم مدمرة,Estrelles Destruïdes,Zničené hvězdy,Zerstörte Sterne,Estrellas destruidas,Étoiles Détruites,כוכבים נהרסו,Bintang Dihancurkan,Stelle Distrutte,破壊された星,파괴된 별,Zniszczone Gwiazdy,Estrelas Destruídas,Уничтожено Звезд,ดาวที่ถูกทำลาย,Yok Edilen Yıldızlar,Sao Bị Phá Hủy,摧毁的恒星
<!MissingKey:90:You Beat the Demo!>,You Beat the Demo!,لقد تفوقت على النسخة التجريبية!,Vas guanyar la demostració!,Porazili jste Demo!,Du hast die Demo geschafft!,¡Te has pasado la Demo!,Vous Avez Battu la Démo !,ניצחת את הדמו!,Anda Menang dalam Demo!,Hai Battuto il Demo!,デモをクリアしました！,데모를 완료했습니다!,Przeszedłeś Demo!,Você Completou a Demonstração!,Вы Прошли Демо!,คุณเอาชนะเดโมได้แล้ว!,Demo'yu Geçtin!,Bạn Đã Đánh Bại Bản Demo!,你击败了演示版本！
BREAKER_CLICKS_THIS_SESSION,Breaker Clicks,نقرات قاطع الدائرة,Clics de Breaker,Kliknutí rozbíječe,Brecher-Klicks,Pulsos del Rompedor,Clics de Briseur,קליקים של מפסק,Klik Breaker,Clic del Frantumatore,ブレイカークリック,브레이커 클릭 수,Kliknięcia Łamacza,Cliques do Quebrador,Клики Разрушителя,คลิกเบรกเกอร์,Kırıcı Tıklamaları,Nhấp Chuột Đập,破坏者点击
SPECIAL_STAR_ELECTRIC_CRIT_CHANCE,Electric Star Critical Damage Chance,فرصة حدوث ضرر حرج في نجمة الكهرباء,Probabilitat de Dany Crític d'Estrella Elèctrica,Šance na kritické poškození elektrické hvězdy,Chance auf kritischen elektrischen Sternenschaden,Probabilidad de daño crítico de las Estrellas Eléctricas,Chance de Dégâts Critiques d'Étoile Électrique,סיכוי לנזק קריטי של כוכב חשמלי,Peluang Damage Kritis Bintang Listrik,Probabilità di Danno Critico della Stella Elettrica,電気星クリティカルダメージチャンス,전기 별 치명타 확률,Szansa na Krytyczne Obrażenia Elektrycznej Gwiazdy,Chance de Dano Crítico da Estrela Elétrica,Шанс Критического Урона Электро-Звезды,โอกาสความเสียหายวิกฤตดาวไฟฟ้า,Elektrikli Yıldız Kritik Hasar Şansı,Cơ Hội Sát Thương Kích Cỡ Sao Điện,闪电星球暴击伤害概率
BETA,Beta,بيتا,Beta,Beta,Beta,Beta,Bêta,בטא,Beta,Beta,ベータ,베타,Beta,Beta,Бета,เบต้า,Beta,Phiên bản Beta,Beta
NEW_GAME_CONGIRM_TITLE,Confirm New Game,تأكيد بدء اللعبة الجديدة,Confirma la nova partida,Potvrdit novou hru,Neues Spiel bestätigen,Confirmar partida nueva,Confirmer une nouvelle partie,אישור משחק חדש,Konfirmasi Game Baru,Conferma nuova partita,新しいゲームを確認する,새 게임 확인,Potwierdź nową grę,Confirmar novo jogo,Подтвердить Новую Игру,ยืนยันเกมใหม่,Yeni Oyunu Onayla,Xác nhận trò chơi mới,确认新游戏
RUN_TIMER_BASE,Session Timer,مؤقت الجلسة,Temporitzador de Sessió,Čas relace,Sitzungs-Timer,Tiempo de la sesión,Minuteur de Session,טיימר סשן,Timer Sesi,Timer della Sessione,セッションタイマー,세션 타이머,Czas Sesji,Tempo da Sessão,Время Сессии,เวลาเซสชัน,Oturum Zamanlayıcısı,Bộ Đếm Thời Gian,剩余时间
QUICK_PLAY,Quick Play Mode,وضع اللعب السريع,Mode de Jugada Ràpida,Rychlá hra,Schnellspielmodus,Modo Partida rápida,Mode Jeu Rapide,מצב הפעלה מהירה,Mode Main Cepat,Modalità Gioco Veloce,クイックプレイモード,빠른 플레이 모드,Tryb Szybkiej Gry,Modo Partida Rápida,Режим Быстрая Игра,โหมดเล่นอย่างรวดเร็ว,Hızlı Oyun Modu,Chế Độ Chơi Nhanh,快速游戏模式
DEMO_DEMO_DESCRIPTION,A short incremental mode about feeding a black hole matter by destroying asteroids.,نمط تدريجي قصير حول تغذية الثقب الأسود بالمادة عن طريق تدمير الكويكبات.,Un mode incremental breu sobre com alimentar un forat negre amb matèria destruint asteroides.,Krátký inkrementální režim o zásobování hmotou černé díry ničením asteroidů.,"Ein kurzer, schrittweiser Modus über die Zufuhr von Materie in ein Schwarzes Loch durch die Zerstörung von Asteroiden.",Un modo incremental breve sobre cómo alimentar un agujero negro con materia destruyendo asteroides.,Un court mode progressif décrivant comment alimenter un trou noir en matière en détruisant des astéroïdes.,מצב קצר וצעדי על הזנת חומר של חור שחור על ידי השמדת אסטרואידים.,Sebuah mode bertahap singkat tentang memberi makan materi ke lubang hitam dengan menghancurkan asteroid.,Una breve modalità incrementale su come alimentare la materia di un buco nero distruggendo gli asteroidi.,小惑星を破壊することでブラックホールに物質を供給する短い増分モード。,소행성을 파괴하여 블랙홀에 물질을 공급하는 것에 대한 간략하고 점진적인 모드입니다.,"Krótki, przyrostowy tryb opowiadający o zasilaniu czarnej dziury materią poprzez niszczenie asteroid.",Um pequeno modo incremental sobre como alimentar um buraco negro com matéria através da destruição de asteroides.,"Короткий инкриментальный режим, об утолении голода чёрной дыры путём уничтожения астероидов.",โหมดเกมแบบค่อยเป็นค่อยไปขนาดสั้น เกี่ยวกับการป้อนสสารให้หลุมดำโดยการทำลายดาวเคราะห์น้อย,Asteroitleri yok ederek bir kara deliğe madde beslemeyi konu alan kısa ve aşamalı bir mod.,Một đoạn phim ngắn theo kiểu tăng dần về việc cung cấp vật chất cho hố đen bằng cách phá hủy các tiểu hành tinh.,关于通过摧毁小行星来向黑洞输送物质的简短增量模式。
<!MissingKey:98:Just One More..>,Just One More..,واحد فقط آخر..,Només un més...,Jen ještě jeden..,Nur noch eins..,Solo uno más...,Encore un Peu..,רק עוד אחד..,Tinggal Satu Lagi..,Solo un'Ultima..,もう一回だけ...,단 한 번 더..,Ja Chcę Jeszcze Raz!,Só Mais Uma Vez...,Еще Один Раз…,อีกหนึ่งครั้ง..,Sadece Bir Daha..,Chỉ Một Lần Nữa..,再来一次..
MONEY,Money,مال,Dinero,Peníze,Geld,Dinero,Argent,כֶּסֶף,Uang,Denaro,お金,돈,Pieniądze,Dinheiro,Деньги,เงิน,Para,Tiền,余额
LASER_DAMAGE_THIS_SESSION,Laser Damage,أضرار الليزر,Dany Làser,Poškození laserem,Laserschaden,Daño del Láser,Dégâts de Laser,נזק לייזר,Damage Laser,Danno da Laser,レーザーのダメージ,레이저 피해,Obrażenia Lasera,Dano do Laser,Урон Лазера,ความเสียหายเลเซอร์,Lazer Hasarı,Sát Thương Laser,激光伤害
SPECIAL_PLANET_MOON_SPAWN_CHANCE,Chance to Spawn a Moon (Buffs Breaker Speed and Radius),فرصة لظهور قمر (يعزز سرعة ونطاق كاسر الأرض),Probabilitat de Generar una Lluna,Šance na vznik Měsíce,"Chance, einen Mond zu spawnen",Probabilidad de generar una Luna,Chance de Faire Apparaître une Lune,הזדמנות להשריץ ירח (משפר את מהירות ורדיוס הפריצה),Peluang Munculnya Bulan,Probabilità di Generare una Luna,月を生成するチャンス,달 생성 확률,Szansa na Pojawienie się Księżyca,Chance de Gerar uma Lua,Шанс Появления Луны,โอกาสในการเกิดดวงจันทร์,Bir Ay Doğurma Şansı,Cơ Hội Sinh Ra Một Mặt Trăng,生成卫星的概率
IN_BETA_TESTING,Testing on the Steam Beta Branch,الاختبار على فرع بيتا ستيم,Proves a la branca beta de Steam,Testování na beta větvi Steam,Tests auf dem Steam-Beta-Branch,Pruebas en la rama Beta de Steam,Tests en cours sur la branche bêta de Steam,בדיקות בסניף הבטא של Steam,Pengujian pada cabang Steam Beta,Test sul ramo beta di Steam,Steamベータブランチでのテスト,스팀 베타 브랜치에서 테스트 중,Testowanie na beta Steam,Em teste na versão Beta da Steam,Тестирование в Бета-Версии Steam.,กำลังทดสอบบน Steam Beta Branch,Steam Beta Dalında Test Ediliyor,Đang thử nghiệm trên nhánh Steam Beta,在 Steam Beta 分支上进行测试
CHANCE_TO_RESPAWN_STAR_ON_BREAK,Chance to Spawn New Star when a Star is Destroyed,فرصة لظهور نجم جديد عند تدمير نجم.,Probabilitat de Generar Nova Estrella quan una Estrella és Destruïda,"Šance na vznik nové hvězdy, když je hvězda zničena","Chance, einen neuen Stern zu spawnen, wenn ein Stern zerstört wird",Probabilidad de generar otra Estrella al destruir una Estrella,Chance de Faire Apparaître une Nouvelle Étoile lorsque une Étoile est Détruite,הזדמנות להשריץ כוכב חדש כאשר כוכב מושמד,Peluang untuk Munculnya Bintang Baru saat Bintang Dihancurkan,Probabilità di Generare una Nuova Stella quando una Stella è Distrutta,星が破壊されたときに新しい星を生成するチャンス,별이 파괴될 때 새로운 별을 생성할 확률,"Szansa na Pojawienie się Nowej Gwiazdy, gdy Gwiazda Zostaje Zniszczona",Chance de Gerar Nova Estrela quando uma Estrela é Destruída,Шанс Перерождения Звезды при гибели Звезды,โอกาสในการเกิดดาวใหม่เมื่อดาวถูกทำลาย,Bir Yıldız Yok Edildiğinde Yeni Bir Yıldız Doğurma Şansı,Cơ Hội Sinh Ra Sao Mới Khi Một Sao Bị Phá Hủy,摧毁恒星时生成新恒星的概率
SPECIAL_ASTEROID_GOLDEN_CRIT_BONUS_MONEY_SCALE,Golden Asteroid Bonus Crit Money Scale,مقياس المال الحرج لمكافأة الكويكب الذهبي,Escala de Dany Crític Extra d'Asteroide Daurat,Stupeň vlivu bonusových peněz za kritické zničení zlatého asteroidu,Bonus für kritische Geld-Skala für goldene Asteroiden,Multiplicador de Dinero de los Asteroides Dorados críticos,Échelle d'Argent de Bonus Critique d'Astéroïde Doré,סולם כסף קריטי בונוס אסטרואיד זהוב,Skala Uang Bonus Kritis Asteroid Emas,Scala Bonus Denaro Critico Asteroide Dorato,金色小惑星ボーナスクリティカルお金スケール,황금 소행성 보너스 치명타 돈 스케일,Skala Bonusowych Pieniędzy z Krytycznej Złotej Asteroidy,Escala de Dinheiro Bônus Crítico do Asteroide Dourado,Критичекий Шанс к Доходу Золотого Астероида,สเกลโบนัสเงินดาวเคราะห์น้อยทองคำวิกฤต,Altın Asteroit Bonus Kritik Para Ölçeği,Tỷ Lệ Tiền Thưởng Kích Cỡ Asteroid Vàng,金色小行星额外暴击金钱倍数
NUMBER_OF_ASTEROIDS_INTO_PLANETS,Upgrade Asteroids to Planets,قم بترقية الكويكبات إلى كواكب,Millorar Asteroides a Planetes,Změna asteroidů na planety,Upgrades von Asteroiden zu Planeten,Mejora de Asteroides a Planetas,Améliorer les Astéroïdes en Planètes,שדרגו אסטרואידים לכוכבי לכת,Upgrade Asteroid ke Planet,Aggiorna Asteroidi a Pianeti,小惑星を惑星にアップグレード,소행성을 행성으로 업그레이드,Ulepszanie Asteroid do Planet,Atualizar Asteroides para Planetas,Улучшить Астероиды до Планет,การอัปเกรดดาวเคราะห์เป็นดาว,Asteroitleri Gezegenlere Yükselt,Nâng Cấp Asteroid Thành Hành Tinh,将小行星升级为行星
GAME_OVER_CALL_TO_PLAY_MORE,Go to the main menu to play a new mode or keep playing by starting the Epilogue.,انتقل إلى القائمة الرئيسية للعب وضع جديد أو استمر في اللعب من خلال بدء الخاتمة.,Ves al menú principal per jugar-les o continua jugant en aquest mode començant l'Epilog.,"Přejděte do hlavního menu, abyste si je zahráli, nebo pokračujte v hraní tohoto režimu zahájením Epilogu.","Gehe zum Hauptmenü, um sie zu spielen oder spiele weiter in diesem Modus, indem du das Epilog beginnst.",Ve al menú principal para jugar a otro modo o sigue jugando en el Epílogo.,Allez au menu principal pour y jouer ou continuez à jouer dans ce mode en commençant l'Épilogue.,עבור לתפריט הראשי כדי לשחק במצב חדש או המשך לשחק על ידי הפעלת האפילוג.,Pergi ke menu utama untuk memainkannya atau Anda bisa terus bermain mode ini dengan memulai Epilog.,Vai al menu principale per giocarli o continua a giocare a questa modalità iniziando l'Epilogo.,メインメニューに戻ってプレイするか、エピローグを開始してこのモードを続けてください。,메인 메뉴로 가서 플레이하거나 에필로그를 시작하여 이 모드를 계속 플레이하세요.,"Przejdź do menu głównego, aby w nie zagrać lub kontynuuj grę w tym trybie, zaczynając epilog.",Vá ao menu principal para jogá-los ou continue jogando este modo começando o Epílogo.,"Вы можете попробовать другие режимы игры из главного меню, или продолжить текущий режим, начав Эпилог",ไปที่เมนูหลักเพื่อเล่นหรือคุณสามารถเล่นโหมดนี้ต่อโดยเริ่มต้นตำนาน,Onları oynamak için ana menüye gidin ya da Epilog'u başlatarak bu modda oynamaya devam edin.,Hãy trở lại menu chính để chơi hoặc tiếp tục chơi chế độ này bằng cách bắt đầu Epilogue.,前往主菜单玩其他模式，或者您也可以开始无尽模式。
IDLER_MODE_DESCRIPTION,"In this mode your breaker will automatically target and destroy objects while you unlock upgrades in a special idle focused upgrade tree. Sit back, relax, and watch your black hole grow.",في هذا الوضع، سيقوم جهاز التدمير الخاص بك باستهداف وتدمير الأشياء تلقائيًا بينما تقوم بفتح ترقيات في شجرة ترقيات خاصة تركز على وضع الخمول. استرخِ وشاهد ثقبك الأسود يكبر.,"En aquest mode, el teu breaker es dirigirà automàticament i destruirà objectes mentre desbloqueges millores en un arbre de millores centrat en l'oci. Siéntate, relaxa't i mira com creix el teu forat negre.","V tomto režimu bude váš rozbíječ automaticky zaměřovat a ničit objekty, zatímco vy odemykáte vylepšení ve speciálním stromu vylepšení zaměřeném na nečinnost. Uvolněte se, relaxujte a sledujte, jak vaše černá díra roste.","In diesem Modus zielt dein Brecher automatisch auf Objekte und zerstört sie, während du Upgrades in einem speziellen, auf Idle fokussierten Upgrade-Baum freischaltest. Lehn dich zurück, entspann dich und beobachte, wie dein Schwarzes Loch wächst.","En este modo, el Rompedor apuntará y destruirá objetos automáticamente mientras desbloqueas mejoras en un árbol de mejoras especial centrado en la inactividad. Relájate y observa cómo crece tu Agujero negro.","Dans ce mode, votre briseur ciblera et détruira automatiquement les objets pendant que vous débloquez des améliorations dans un arbre d'améliorations spécial axé sur l'inactivité. Détendez-vous, relaxez-vous et regardez votre trou noir grandir.","במצב זה, המפסק שלך יתמקד וישמיד חפצים באופן אוטומטי בזמן שאתה פותח שדרוגים בעץ שדרוגים מיוחד המתמקד במצב סרק. שבו, תירגעו וצפו בחור השחור שלכם גדל.","Dalam mode ini, breaker Anda akan secara otomatis menargetkan dan menghancurkan objek sambil Anda membuka upgrade dalam pohon upgrade yang berfokus pada idle khusus. Duduk santai, beristirahat, dan saksikan lubang hitam Anda tumbuh.","In questa modalità il tuo frantumatore prenderà automaticamente di mira e distruggerà oggetti mentre sblocchi aggiornamenti in un albero di upgrade speciale focalizzato sull'inattività. Siediti, rilassati e guarda il tuo buco nero crescere.",このモードでは、あなたのブレイカーが自動的に対象をターゲットにし、特殊なアイドル焦点のアップグレードツリーでアップグレードをアンロックしながらオブジェクトを破壊します。リラックスして、あなたのブラックホールが成長するのを見守ってください。,"이 모드에서 브레이커는 자동으로 목표를 설정하고 물체를 파괴하며, 특별한 대기 중심 업그레이드 트리에서 업그레이드를 잠금 해제합니다. 앉아서 편안히 쉬며 블랙홀이 성장하는 모습을 지켜보세요.","W tym trybie twój łamacz automatycznie namierza i niszczy obiekty, podczas odblokowania ulepszeń w specjalnym drzewku skoncentrowanym na idlowaniu. Usiądź, zrelaksuj się i obserwuj, jak twoja czarna dziura rośnie.","Neste modo, seu quebrador irá automaticamente mirar e destruir objetos enquanto você desbloqueia upgrades em uma árvore de upgrades focada no ócio. Sente-se, relaxe e assista seu buraco negro crescer.","В этом режиме ваш разрушитель автоматически стреляет в цели, пока вы открываете улучшения в специальном айдлер дереве. Наслаждайтесь, смотря, как ваша черная дыра растет.",ในโหมดนี้ เบรกเกอร์ของคุณจะทำการกำหนดเป้าหมายและทำลายวัตถุโดยอัตโนมัติในขณะที่คุณปลดล็อคการอัปเกรดในต้นไม้การอัปเกรดที่เน้นการทำงานเฉยๆ นั่งพักผ่อนและชมหลุมดำของคุณเติบโต,"Bu modda kırıcınız otomatik olarak hedef alacak ve nesneleri yok edecekken siz özel bir boşta durma odaklı yükseltme ağacında yükseltmeleri açabilirsiniz. Rahatlayın, keyfini çıkarın ve kara deliğinizin büyümesini izleyin.","Trong chế độ này, máy đập của bạn sẽ tự động nhắm đến và phá hủy các đối tượng trong khi bạn mở khóa nâng cấp trong một cây nâng cấp tập trung vào idle đặc biệt. Ngồi lại, thư giãn và xem lỗ đen của bạn lớn lên.",此模式会自动锁定并摧毁对象，有专门的放置升级树。休息一下，看着您的黑洞自己成长。
PLANETS_DESTROYED_THIS_SESSION,Planets Destroyed,الكواكب المدمرة,Planetes Destruïts,Zničené planety,Zerstörte Planeten,Planetas destruidos,Planètes Détruites,כוכבי לכת שנהרסו,Planet Dihancurkan,Pianeti Distrutti,破壊された惑星,파괴된 행성,Zniszczone Planety,Planetas Destruídos,Уничтожено Планет,ดาวเคราะห์ที่ถูกทำลาย,Yok Edilen Gezegenler,Hành Tinh Bị Phá Hủy,摧毁的行星
TIMER_RUN_OUT_TEXT,OUT OF TIME!,نفد الوقت!,FORA DE TEMPS!,ČAS UPLYNUL!,Zeit abgelaufen!,¡FUERA DE TIEMPO!,HORS DU TEMPS !,נגמר הזמן!,KELUAR DARI WAKTU!,FUORI TEMPO!,時間切れ！,시간 초과!,KONIEC CZASU!,Acabou o Tempo!,ВРЕМЯ ИСТЕКЛО!,หมดเวลา!,ZAMAN DOLDU!,HẾT THỜI GIAN!,时间到！
DEMO_MODE_DESCRIPTION,An updated version of the original Steam demo,نسخة محدثة من العرض التجريبي الأصلي على منصة ستيم,Una versió actualitzada de la demo original de Steam,Aktualizovaná verze původní demoverze na Steamu,Eine aktualisierte Version der ursprünglichen Steam-Demo,Una versión actualizada de la demostración original de Steam,Une version mise à jour de la démo Steam originale,גרסה מעודכנת של הדמו המקורי של Steam,Versi terbaru dari demo Steam asli.,Una versione aggiornata della demo originale di Steam,オリジナルのSteamデモのアップデート版,기존 스팀 데모의 업데이트 버전입니다.,Uaktualniona wersja oryginalnej wersji demo,Uma versão atualizada da demo original do Steam.,Обновленная версия оригинальной демоверсии Steam.,เวอร์ชันอัปเดตของเดโม Steam ดั้งเดิม,Orijinal Steam demosunun güncellenmiş bir versiyonu.,Phiên bản cập nhật của bản demo Steam gốc,这是更新过的原版 Steam 演示版。
COMING_SOON,Coming Soon,قريباً,Properament,Již brzy,Demnächst verfügbar,Próximamente,À venir,בקרוב,Segera Hadir,Prossimamente,近日公開,출시 예정,Już wkrótce,Em breve,Скоро,เร็วๆ นี้,Yakında,Sắp ra mắt,即将推出
CLICKER_CRIT_CHANCE,Breaker Critical Damage Chance,فرصة الضرر الحرج للمحطم,Probabilitat de Dany Crític de Breaker,Šance na kritické poškození rozbíječem,Chance auf kritischen Brecher-Schaden,Probabilidad de daño crítico del Rompedor,Chance de Dégâts Critiques de Briseur,סיכוי לנזק קריטי למפסק,Peluang Damage Kritis Breaker,Probabilità di Danno Critico del Frantumatore,ブレイカークリティカルダメージチャンス,브레이커 치명타 확률,Szansa na Krytyczne Obrażenia Łamacza,Chance de Dano Crítico do Quebrador,Шанс Критического Урона Разрушителя,โอกาสความเสียหายวิกฤตเบรกเกอร์,Kırıcı Kritik Hasar Şansı,Cơ Hội Đập Kích Cỡ,暴击伤害机会
BACK,Back,خلف,Enrere,Zpět,Zurück,Atrás,Retour,בְּחֲזָרָה,Kembali,Indietro,戻る,뒤로,Powrót,Voltar,Назад,กลับ,Geri,Quay Lại,返回
BLACK_HOLE_NAME_8,A Black Hole,ثقب أسود,Forat Negre,Černá díra,Ein Schwarzes Loch,Agujero negro,Un Trou Noir,חור שחור,Sebuah Lubang Hitam,Un Buco Nero,ブラックホール,블랙홀,Czarna Dziura,Um Buraco Negro,Черная Дыра,หลุมดำ,Bir Kara Delik,Một Lỗ Đen,普通黑洞
CHOOSE AN UPGRADE,Choose a Random Upgrade,اختر ترقية عشوائية,Trieu una actualització aleatòria,Vyberte si náhodné vylepšení,Wähle ein zufälliges Upgrade,Elija una actualización aleatoria,Choisissez une mise à niveau aléatoire,בחר שדרוג אקראי,Pilih Peningkatan Secara Acak,Scegli un aggiornamento casuale,ランダムアップグレードを選択,랜덤 업그레이드를 선택하세요,Wybierz losowe ulepszenie,Escolha uma melhoria aleatória,Выберите Случайное Улучшение,เลือกการอัปเกรดแบบสุ่ม,Rastgele Bir Yükseltme Seçin,Chọn một bản nâng cấp ngẫu nhiên,选择随机升级
DISCORD,Join the Discord,انضم إلى ديسكورد,Uneix-te al Discord,Připojte se k Discordu,Tritt dem Discord bei,Unirse al Discord,Rejoindre le Discord,הצטרפו לדיסקורד,Bergabunglah dengan Discord,Unisciti al Discord,Discordに参加,디스코드 참여,Dołącz do Discorda,Junte-se ao Discord,Присоединиться к Дискорду,เข้าร่วม Discord,Discord'a Katıl,Gia Nhập Discord,加入 Discord
DRAG TREE,Drag Tree,شجرة السحب,Arrossegar,Táhnout strom vylepšení,Baum ziehen,Mover,Faire Glisser l'Arbre,עץ גרירה,Tarik Pohon,Trascina l'Albero,ドラッグツリー,드래그 트리,Przeciągnij Drzewko,Movimentar o Grid,Перетаскивание дерева,ลากต้นไม้,Ağaç Çek,Kéo Cây,拖拽
BLACK_HOLE_NAME_9,Miniature Black Hole,ثقب أسود مصغر,Forat Negre Miniatura,Miniaturní černá díra,Miniatur-Schwarzes Loch,Agujero negro Miniatura,Trou Noir Miniature,חור שחור מיניאטורי,Lubang Hitam Miniatur,Miniature Buco Nero,ミニチュアブラックホール,미니어쳐 블랙홀,Miniaturowa Czarna Dziura,Buraco Negro Miniatura,Миниатюрная Черная Дыра,หลุมดำขนาดจิ๋ว,Miniatür Kara Delik,Lỗ Đen Thu Nhỏ,微型黑洞
QUICK_PLAY_DESCRIPTION,A fun and quick mode that will take around 20 to 30 minutes,وضع ممتع وسريع سيستغرق حوالي 20 إلى 30 دقيقة,Un mode divertit i ràpid que trigarà uns 20 a 30 minuts,"Zábavný a rychlý režim, který zabere přibližně 20 až 30 minut","Ein lustiger und schneller Modus, der etwa 20 bis 30 Minuten dauert",Corto y entretenido. Dura entre 20 y 30 minutos.,Un mode amusant et rapide qui prendra environ 20 à 30 minutes,מצב מהנה ומהיר שייקח כ-20 עד 30 דקות,Sebuah mode menyenangkan dan cepat yang akan memakan waktu sekitar 20 hingga 30 menit,Una modalità divertente e veloce che richiederà circa 20-30 minuti,約20〜30分で終わる楽しい短いモード,약 20~30분 이내에 즐길 수 있는 재미있고 빠른 모드,"Fajny i szybki tryb, który zajmie około 20 do 30 minut",Um modo divertido e rápido que levará cerca de 20 a 30 minutos,"Веселый и быстрый режим, который займет около 20-30 минут",โหมดที่สนุกและรวดเร็วที่จะใช้เวลา 20 ถึง 30 นาที,Yaklaşık 20 - 30 dakika sürecek eğlenceli ve hızlı bir mod,Một chế độ vui vẻ và nhanh chóng sẽ mất khoảng 20 đến 30 phút,有趣的快速模式，大约需要 20 到 30 分钟
EFFECT_VOLUME,Effect Volume,حجم التأثير,Volum de l'efecte,Hlasitost efektů,Effektvolumen,Volumen de los efectos,Volume d'effet,עוצמת האפקט,Volume Efek,Volume dell'effetto,エフェクトボリューム,효과 볼륨,Głośność efektów,Volume dos efeitos,Громкость Эффектов,ปริมาณเอฟเฟกต์,Etki Hacmi,Thể tích hiệu ứng,效应体积
DEMO_DEMO,Demo Mode,وضع العرض التجريبي,Mode de demostració,Demo režim,Demo-Modus,Modo de demostración,Mode démo,מצב הדגמה,Mode Demo,Modalità demo,デモモード,데모 모드,Tryb demo,Modo de demonstração,Демо Режим,โหมดสาธิต,Demo Modu,Chế độ Demo,演示模式
SPECIAL_ASTEROID_ELECTRIC_MAX_CHAINS,Electric Asteroid Max Chains,سلاسل الكويكبات الكهربائية ماكس,Màxim Xains d'Asteroide Elèctric,Maximální řetězení elektrického asteroidu,Maximale Ketten elektrischer Asteroiden,Límite de saltos del los Asteroides Eléctricos,Chaînes Max d'Astéroïde Électrique,שרשראות מקס של אסטרואיד חשמלי,Maksimum Rantai Asteroid Listrik,Catene Massime dell'Asteroide Elettrico,電気小惑星の最大チェーン,전기 소행성 최대 연쇄,Maksymalne Łańcuchy Elektrycznej Asteroidy,Número de Correntes Máximas do Asteroide Elétrico,Максимальная Цепь Молний от Электро-Астероида,การเชื่อมต่อสูงสุดของดาวเคราะห์น้อยไฟฟ้า,Elektrikli Asteroit Maksimum Zincir Sayısı,Chuỗi Max Asteroid Điện,闪电小行星最大连锁数量
STAR_DENSITY,Star Mass,قداس النجوم,Massa d'Estrella,Hmotnost hvězdy,Sternenmasse,Masa estelar,Masse d'Étoile,מסת הכוכבים,Massa Bintang,Massa Stellare,星の質量,별 질량,Masa Gwiazdy,Massa Estelar,Масса Звезды,มวลดาว,Yıldız Kütlesi,Khối Lượng Sao,恒星质量
BLACK_HOLE_NAME_0,Baby Black Hole,ثقب أسود صغير,Bebè Forat Negre,Zárodečná černá díra,Baby-Schwarzes Loch,Agujero negro Bebé,Petit Trou Noir,חור שחור תינוק,Lubang Hitam Bayi,Baby Buco Nero,ベビーブラックホール,아기 블랙홀,Mała Czarna Dziura,Buraco Negro Bebê,Дитя Черной Дыры,หลุมดำทารก,Bebek Kara Delik,Lỗ Đen Bé,幼黑洞
BLACK_HOLE_NAME_1,Tiny Black Hole,ثقب أسود صغير,Forat Negre Minúscul,Malinká černá díra,Winziges Schwarzes Loch,Agujero negro Diminuto,Minuscule Trou Noir,חור שחור זעיר,Lubang Hitam Kecil,Piccolo Buco Nero,小さなブラックホール,작은 블랙홀,Tycia Czarna Dziura,Buraco Negro Pequeno,Крошечная Черная Дыра,หลุมดำขนาดเล็ก,Cüce Kara Delik,Lỗ Đen Nhỏ,小小黑洞
BLACK_HOLE_NAME_2,Mini Black Hole,ثقب أسود مصغر,Forat Negre Mini,Mini černá díra,Mini-Schwarzes Loch,Agujero negro Mini,Mini Trou Noir,חור שחור מיני,Lubang Hitam Mini,Mini Buco Nero,ミニブラックホール,미니 블랙홀,Mini Czarna Dziura,Buraco Negro Mini,Мини Черная Дыра,หลุมดำมิชชั่น,Mini Kara Delik,Lỗ Đen Mini,迷你黑洞
CLICK_RATE,Breaker Speed,سرعة الكسارة,Velocitat de Breaker,Rychlost rozbíječe,Brecher-Geschwindigkeit,Velocidad del Rompedor,Vitesse de Briseur,מהירות מפסק,Kecepatan Breaker,Velocità del Frantumatore,ブレイカースピード,브레이커 속도,Szybkość Łamacza,Velocidade do Quebrador,Скорость Разрушителя,ความเร็วเบรกเกอร์,Kırıcı Hızı,Tốc Độ Đập,伤害速度
BLACK_HOLE_NAME_3,Shrimp Black Hole,ثقب أسود للروبيان,Forat Negre Gambeta,Krevetková černá díra,Garnelen-Schwarzes Loch,Agujerillo negro,Trou Noir Crevette,חור שחור של שרימפס,Lubang Hitam Udang,Buco Nero Gamberetto,エビブラックホール,새우 블랙홀,Czarna Dziura Rozmiaru Krewetki,Buraquinho Negro,Креветочная Черная Дыра,หลุมดำกุ้ง,Karides Kara Delik,Lỗ Đen Tôm,虾米黑洞
BLACK_HOLE_NAME_4,Very Small Black Hole,ثقب أسود صغير جداً,Forat Negre MOLT Petit,Velmi malá černá díra,Sehr kleines Schwarzes Loch,Agujero negro Pequeñajo,Très Petit Trou Noir,חור שחור קטן מאוד,Lubang Hitam Sangat Kecil,Buco Nero Molto Piccolo,非常に小さなブラックホール,아주 작은 블랙홀,Bardzo Mała Czarna Dziura,Buraco Negro Muito Pequeno,Очень Маленькая Черная Дыра,หลุมดำที่เล็กมาก,Çok Küçük Kara Delik,Lỗ Đen Rất Nhỏ,非常小的黑洞
BLACK_HOLE_PARTICLES,Matter Particles,جسيمات المادة,Partícules de matèria,Částice hmoty,Materieteilchen,Partículas de la materia,Particules de matière,חלקיקי חומר,Partikel Materi,Particelle di materia,物質粒子,물질 입자,Cząstki materii,Partículas de matéria,Частицы Вещества,อนุภาคของสสาร,Madde Parçacıkları,Các hạt vật chất,物质粒子
BLACK_HOLE_NAME_5,Small Black Hole,ثقب أسود صغير,Forat Negre Petit,Malá černá díra,Kleines Schwarzes Loch,Agujero negro Pequeño,Petit Trou Noir,חור שחור קטן,Lubang Hitam Kecil,Buco Nero Piccolo,小さなブラックホール,작은 블랙홀,Mała Czarna Dziura,Buraco Negro Pequeno,Маленькая Черная Дыра,หลุมดำเล็ก,Küçük Kara Delik,Lỗ Đen Nhỏ,小黑洞
MAIN MENU,Main Menu,القائمة الرئيسية,Menú Principal,Hlavní nabídka,Hauptmenü,Menú principal,Menu Principal,תפריט ראשי,Menu Utama,Menu Principale,メインメニュー,메인 메뉴,Menu Główne,Menu Principal,Главное меню,เมนูหลัก,Ana Menü,Menu Chính,主菜单
BLACK_HOLE_NAME_6,Halfling Black Hole,ثقب أسود هالفلينغ,Forat Negre Mitjà,Poloviční černá díra,Halbling-Schwarzes Loch,Agujero negro Mediano,Trou Noir Halfling,חור שחור חצי-הפלינג,Lubang Hitam Setengah,Buco Nero Mezzo,ハーフリングブラックホール,하플링 블랙홀,Czarna Dziura Halfing,Buraco Negro Gnomo,Черная Дыра Полурослик,หลุมดำฮาร์ฟลิ่ง,Yarıkürekli Kara Delik,Lỗ Đen Nửa Tinh,半大黑洞
BLACK_HOLE_NAME_7,Dwarf Black Hole,ثقب أسود قزم,Forat Negre Nàixer,Trpasličí černá díra,Zwerg-Schwarzes Loch,Agujero negro Enano,Trou Noir Nain,חור שחור ננסי,Lubang Hitam Kurcaci,Buco Nero Nano,ドワーフブラックホール,드워프 블랙홀,Czarna Dziura Krasnolud,Buraco Negro Anão,Карликовая Черная Дыра,หลุมดำแคระ,Cüce Kara Delik,Lỗ Đen Lùn,侏儒黑洞
FPS LIMIT,FPS Limit,حد معدل الإطارات في الثانية,Límit de FPS,FPS limit,FPS-Limit,Límite de FPS,Limite de FPS,מגבלת FPS,Batas FPS,Limite FPS,FPS制限,FPS 제한,Limit FPS,Limite de FPS,Ограничение FPS,ขีดจำกัด FPS,FPS Sınırı,Giới Hạn FPS,帧率限制
NUMBER_OF_PLANETS_INTO_STARS,Upgrade Planets to Stars,قم بترقية الكواكب إلى نجوم,Millorar Planetas a Estrelles,Změna planet na hvězdy,Upgrades von Planeten zu Sternen,Mejora de Planetas a Estrellas,Améliorer les Planètes en Étoiles,שדרגו כוכבי לכת לכוכבים,Upgrade Planet ke Bintang,Aggiorna Pianeti a Stelle,惑星を星にアップグレード,행성을 별로 업그레이드,Ulepszanie Planet do Gwiazd,Atualizar Planetas para Estrelas,Улучшить Планеты до Звезд,การอัปเกรดดาวเป็นดาว,Gezegenleri Yıldızlara Yükselt,Nâng Cấp Hành Tinh Thành Sao,将行星升级为恒星
GAME_OVER_THANK_YOU_DEMO,"Thanks for playing our demo! We’re incredibly proud of the full game and we hope you enjoy it as much as you enjoyed the demo.
","شكرًا لتجربة النسخة التجريبية! نحن فخورون جدًا باللعبة الكاملة، ونأمل أن تستمتعوا بها بقدر ما استمتعتم بالنسخة التجريبية.


",Gràcies per jugar a la nostra demo! Estem increïblement orgullosos del joc complet i esperem que el gaudiu tant com vau gaudir de la demo.,"Děkujeme, že jste si zahráli naši demoverzi! Jsme na celou hru nesmírně hrdí a doufáme, že si ji užijete stejně jako demoverzi.","Vielen Dank, dass Sie unsere Demo gespielt haben! Wir sind unglaublich stolz auf das vollständige Spiel und hoffen, dass es Ihnen genauso viel Spaß macht wie die Demo.

",¡Gracias por jugar nuestra demo! Estamos muy orgullosos del juego completo y esperamos que lo disfruten tanto como la demo.,Merci d'avoir joué à notre démo ! Nous sommes extrêmement fiers du jeu complet et nous espérons qu'il vous plaira autant que la démo.,תודה ששיחקתם בדמו שלנו! אנחנו גאים מאוד במשחק המלא ומקווים שתיהנו ממנו כמו שנהניתם מהדמו.,"Terima kasih telah memainkan demo kami! Kami sangat bangga dengan game lengkapnya dan kami harap Anda menikmatinya sama seperti Anda menikmati demonya.

",Grazie per aver giocato alla nostra demo! Siamo incredibilmente orgogliosi del gioco completo e speriamo che ti piaccia tanto quanto la demo.,"デモ版をプレイしていただき、ありがとうございます！私たちは製品版に大変誇りを持っており、デモ版と同じくらい楽しんでいただければ幸いです。
","데모 버전을 플레이해주셔서 감사합니다! 저희는 정식 버전에 대해 매우 자랑스럽게 생각하며, 데모 버전을 즐겁게 플레이하셨기를 바랍니다.
","Dziękujemy za grę w demo! Jesteśmy niesamowicie dumni z pełnej wersji gry i mamy nadzieję, że spodoba Ci się tak samo, jak demo.
","Obrigado por jogar nossa demo! Estamos extremamente orgulhosos do jogo completo e esperamos que você goste dele tanto quanto gostou da demo.
","Спасибо за игру в нашу демку! Мы очень гордимся полной версией игры и надеемся, что она вам понравится так же, как и демоверсия.

","ขอบคุณที่ลองเล่นเดโมของเรา! เรารู้สึกภูมิใจอย่างมากกับเกมเวอร์ชั่นเต็ม และหวังว่าคุณจะสนุกกับมันมากเท่ากับที่สนุกกับเดโม

(หมายเหตุ: เดโมหมายถึงเดโมเกมเวอร์ชั่นเต็ม)","Demomuzu oynadığınız için teşekkürler! Tam oyunla inanılmaz gurur duyuyoruz ve umarız demoda olduğu kadar tam oyunda da keyif alırsınız.
","Cảm ơn các bạn đã chơi bản demo của chúng tôi! Chúng tôi vô cùng tự hào về phiên bản đầy đủ của trò chơi và hy vọng các bạn sẽ thích nó nhiều như đã thích bản demo.
","感谢您试玩我们的试玩版！我们对完整版游戏感到无比自豪，希望您能像喜欢试玩版一样喜欢它。

"
SPECIAL_ASTEROID_RADIOACTIVE_AOE_SCALE,Radioactive Radius,نصف القطر الإشعاعي,radi radioactiu,Radioaktivní poloměr,Radioaktiver Radius,Radio radiactivo,Rayon radioactif,רדיוס רדיואקטיבי,Radius Radioaktif,Raggio radioattivo,放射能半径,방사능 반경,Promień radioaktywności,Raio radioativo,Радиоактивный Радиус,รัศมีกัมมันตรังสี,Radyoaktif Yarıçap,Bán kính phóng xạ,放射性半径
COMET_CRIT_BONUS_DAMAGE_BUFF_SCALE,Comet Buff Bonus Crit Damage to Breaker,مكافأة تعزيز المذنب: ضرر حرج إضافي لكسر,Boni de Dany Crític de Buff de Comet,Bonus za kritické poškození bonusy komety,Kometen-Buff kritischer Schaden für Brecher,Daño Crítico adicional del don Cometa Crítico,Bonus de Dégâts Critiques de Buff de Comète Critique,בונוס חיזוק שביט נזק קריטי לשובר,Bonus Damage Kritis Buff Komet Kritis,Bonus Danno Critico del Buff Cometa Critica,クリティカル彗星バフボーナスクリティカルダメージ,치명타 혜성 보너스 치명타 피해,Bonus Krytycznych Obrażeniem Krytycznej Komety,Bônus de Dano Crítico do Buff do Cometa Crítico,Увеличение Критического Урона от Кометы,โบนัสความเสียหายวิกฤตดาวหาง,Kritik Kuyruklu Yıldız Buff Bonus Kritik Hasarı,Tiền Thưởng Sát Thương Kích Cỡ Sao Chổi,暴击彗星额外暴击伤害
MILESTONE_REACHED,Milestone Reached,تم تحقيق الإنجاز,Fita Aconseguida,Dosažen milník,Meilenstein erreicht,Objetivo alcanzado,Étape Atteinte,אבן דרך שהושגה,Tonggak Dicapai,Milestone Raggiunto,マイルストーン到達,도달한 이정표,Osiągnięte Kamienie Milowe,Marco Atingido,Открыто Достижение,ถึงเป้าหมาย,Eşik Ulaşıldı,Mốc Đã Đạt,达成里程碑
DAMAGE_TEXT,Floating Damage Text,نص الضرر العائم,Text de Dany flotant,Plovoucí text s poškozením,Schwebender Schadenstext,Texto flotante: Daño,Texte de Dégâts Flottant,טקסט נזק צף,Teks Damage Mengambang,Testo di Danno Fluttuante,浮遊するダメージのテキスト,떠다니는 피해 텍스트,Pływający Tekst Obrażeń,Texto Flutuante de Dano,Плавающий Текст Урона,ข้อความความเสียหายลอย,Yüzen Hasar Metni,Văn Bản Sát Thương Nổi,浮动伤害文本
SESSION_START_TEXT,Feed the Black Hole,أطعم الثقب الأسود,Sopar al Forat Negre,Nakrmte černou díru,Das Schwarze Loch füttern,Alimenta al Agujero negro,Nourrir le Trou Noir,להאכיל את החור השחור,Memberi Makan Lubang Hitam,Nutri il Buco Nero,ブラックホールに物質を与える,블랙홀 먹이주기,Nakarm Czarną Dziurę,Alimente o Buraco Negro,Утолить Голод Чёрной Дыры,ให้อาหารหลุมดำ,Kara Delik Besleme,Cho Lỗ Đen Ăn,养成黑洞
FULLSCREEN,Full Screen,ملء الشاشة,Pantalla Completa,Celá obrazovka,Vollbild,Pantalla completa,Plein Écran,מסך מלא,Layar Penuh,Schermo Intero,フルスクリーン,전체 화면,Pełny Ekran,Tela Cheia,На Весь Экран,เต็มหน้าจอ,Tam Ekran,Toàn Màn Hình,全屏
COMET_CHANCE_FOR_COMET_SHOWER,Chance for a Comet Shower,فرصة لحدوث وابل من المذنبات,Probabilitat de Xàfec de Cometes,Šance na vznik proudu komet,Chance auf einen Kometenschauer,Probabilidad de una Lluvia de Cometas,Chance d'une Pluie de Comètes,סיכוי למטר שביטים,Peluang untuk Hujan Komet,Probabilità di un Rovina di Comete,彗星シャワーのチャンス,혜성 내리는 확률,Szansa na Deszcz Komet,Chance de uma Chuva de Cometas,Шанс Метеоритного Дождя,โอกาสในการเกิดดาวหาง,Kuyruklu Yıldız Yağmuru Şansı,Cơ Hội Cho Một Cơn Mưa Sao Chổi,彗星雨的概率
CHANCE_TO_RESPAWN_PLANET_ON_BREAK,Chance to Spawn New Planet when a Planet is Destroyed,فرصة لظهور كوكب جديد عند تدمير كوكب قائم,Probabilitat de Generar Nou Planeta quan un Planeta és Destruït,"Šance na vznik nové planety, když je planeta zničena","Chance, einen neuen Planeten zu spawnen, wenn ein Planet zerstört wird",Probabilidad de generar otro Planeta al destruir un Planeta,Chance de Faire Apparaître une Nouvelle Planète lorsque une Planète est Détruite,הזדמנות להשריץ כוכב לכת חדש כאשר כוכב לכת אחר מושמד,Peluang untuk Munculnya Planet Baru saat Planet Dihancurkan,Probabilità di Generare un Nuovo Pianeta quando un Pianeta viene Distrutto,惑星が破壊されたときに新しい惑星を生成するチャンス,행성이 파괴될 때 새로운 행성을 생성할 확률,"Szansa na Pojawienie się Nowej Planety, gdy Planeta Zostaje Zniszczona",Chance de Gerar Novo Planeta quando um Planeta é Destruído,"Шанс возрождения Планеты, когда Планета Разрушена",โอกาสในการเกิดดาวเคราะห์ใหม่เมื่อดาวเคราะห์ถูกทำลาย,Bir Gezegen Yok Edildiğinde Yeni Bir Gezegen Doğurma Şansı,Cơ Hội Sinh Ra Hành Tinh Mới Khi Một Hành Tinh Bị Phá Hủy,摧毁行星时生成新行星的概率
CURRENT_MONEY,Current Money,العملة الحالية,Diners actuals,Aktuální peníze,Aktuelles Geld,Dinero corriente,Monnaie courante,כסף שוטף,Uang Saat Ini,Moneta corrente,現在のお金,현재 통화,Aktualne pieniądze,Dinheiro atual,Текущий Баланс Денег,เงินปัจจุบัน,Güncel Para,Tiền tệ hiện tại,当前余额
CHANCE_TO_ADD_TIME_ON_STAR_DESTROYED,Chance to Add Time when a Star is Destroyed,فرصة لإضافة وقت عند تدمير نجم,Probabilitat d'Afegir Temps quan una Estrella és Destruïda,"Šance na přidání času, když je hvězda zničena","Chance, Zeit hinzuzufügen, wenn ein Stern zerstört wird",Probabilidad de añadir tiempo al destruir una Estrella,Chance d'Ajouter du Temps lorsque une Étoile est Détruite,הזדמנות להוסיף זמן כאשר כוכב מושמד,Peluang untuk Menambah Waktu saat Bintang Dihancurkan,Probabilità di Aggiungere Tempo quando una Stella viene Distrutta,星が破壊されたときに追加される時間のチャンス,별이 파괴될 때 시간 추가 확률,"Szansa na Dodanie Czasu, gdy Gwiazda Zostaje Zniszczona",Chance de Adicionar Tempo quando uma Estrela é Destruída,Шанс Дополнительного Времени при гибели Звезды,โอกาสในการเพิ่มเวลาเมื่อดาวถูกทำลาย,Bir Yıldız Yok Edildiğinde Zaman Ekleme Şansı,Cơ Hội Thêm Thời Gian Khi Một Sao Bị Phá Hủy,摧毁恒星时增加时间的概率
COMPLETE_MAIN_MODE_TO_UNLOCK,Complete the Main Game Mode to Unlock,أكمل وضع اللعبة الرئيسي لفتح,Completa el mode de joc principal per desbloquejar,K odemčení dokončete hlavní herní režim,"Schließe den Hauptspielmodus ab, um ihn freizuschalten",Completa el modo principal para desbloquearlo.,Terminez le mode de jeu principal pour débloquer,השלם את מצב המשחק הראשי כדי לפתוח,Selesaikan Mode Permainan Utama untuk Membuka Kunci,Completa la modalità di gioco principale per sbloccare,メインゲームモードを完了するとロックが解除されます,메인 게임 모드를 완료하여 잠금 해제하세요,"Ukończ główny tryb gry, aby odblokować",Conclua o Modo de Jogo Principal para desbloquear,"Пройдите Основной Режим, чтобы Разблокировать",เล่นโหมดเกมหลักให้จบเพื่อปลดล็อก,Ana Oyun Modunu Tamamlayarak Kilidi Açın,Hoàn thành Chế độ Chơi Chính để Mở khóa,完成主线游戏模式即可解锁
MAX_PLANET_SIZE,Planet Size,بحجم كوكب,Mida del Planeta,Velikost planety,Größe der Planeten,Tamaño de los Planetas,Taille de Planète,גודל כוכב הלכת,Ukuran Planet,Dimensione del Pianeta,惑星のサイズ,행성 크기,Rozmiar Planety,Tamanho do Planeta,Размер Планеты,ขนาดดาวเคราะห์,Gezegen Boyutu,Kích Thước Hành Tinh,行星大小
LASER_WIDTH_SCALE,Laser Width,عرض الليزر,Amplada Làser,Šířka laseru,Laserbreite,Ancho del Láser,Largeur de Laser,רוחב הלייזר,Lebar Laser,Larghezza del Laser,レーザーの幅,레이저 너비,Szerokość Lasera,Largura do Laser,Ширина Лазера,ความกว้างเลเซอร์,Lazer Genişliği,Chiều Rộng Laser,激光宽度
NEW_GAME,New Game,لعبة جديدة,Nou Joc,Nová Hra,Neues Spiel,Partida nueva,Nouvelle Partie,משחק חדש,Permainan Baru,Nuovo Gioco,新しいゲーム,새 게임,Nowa Gra,Novo Jogo,Новая Игра,เกมใหม่,Yeni Oyun,Trò Chơi Mới,新游戏
COMET_CRIT_CHANCE_SPAWN_CHANCE,Comet Spawn Chance (Buff: Breaker Auto Crits),فرصة ظهور المذنب (تعزيز: الضربات الحرجة التلقائية للمحطم),Probabilitat de Generar Comet Crític,Šance na vznik kritické komety,Chance auf kritischen Kometen-Spawn,Probabilidad de generar un Cometa Crítico,Chance d'Apparition de Comète Critique,סיכוי להשרצת שביט (שיפור: קריטיות אוטומטיות של שובר),Peluang Munculnya Komet Kritis,Probabilità di Generazione di Comete Critiche,クリティカル彗星生成チャンス,치명타 혜성 생성 확률,Szansa na Pojawienie się Krytycznej Komety,Chance de Aparição do Cometa Crítico,Шанс появления кометы (Эффект: Разрушитель Всегда Критует),โอกาสการเกิดดาวหางวิกฤต,Kritik Kuyruklu Yıldız Doğurma Şansı,Cơ Hội Sinh Ra Sao Chổi Kích Cỡ,暴击彗星生成概率
SPECIAL_STAR_ELECTRIC_CRIT_BONUS,Electric Star  Critical Damage Bonus,مكافأة الضرر الحرج لنجمة الكهرباء,Boni de Dany Crític d'Estrella Elèctrica,Bonus za kritické poškození elektrické hvězdy,Bonus für kritischen elektrischen Sternenschaden,Daño crítico adicional de las Estrellas Eléctricas,Bonus de Dégâts Critiques d'Étoile Électrique,בונוס נזק קריטי של כוכב חשמלי,Bonus Damage Kritis Bintang Listrik,Bonus Danno Critico della Stella Elettrica,電気星クリティカルダメージボーナス,전기 별 치명타 보너스,Bonusowe Obrażenia Krytyczne Elektrycznej Gwiazdy,Bônus de Dano Crítico da Estrela Elétrica,Бонус Критического Урона Электро-Звезды,โบนัสความเสียหายวิกฤตดาวไฟฟ้า,Elektrikli Yıldız Kritik Hasar Bonusu,Tiền Thưởng Sát Thương Kích Cỡ Sao Điện,闪电星球暴击伤害倍数
CLICKER_ELECTRIC_CLICKS_TO_START_WITH,Breaker Electric Charges,رسوم قاطع الدائرة الكهربائية,Càrregues elèctriques de l'interruptor,Elektrické náboje jističe,Elektrische Ladungen des Schutzschalters,Cargas eléctricas del Rompedor,Charges électriques du disjoncteur,מטענים חשמליים של מפסקים,Pemutus Arus Listrik,Cariche elettriche dell'interruttore,ブレーカーの電気料金,차단기 전기 요금,Ładunki Elektrycznego Łamacza,Cargas elétricas do Quebrador,Электро-заряды разрушителя,เบรกเกอร์ไฟฟ้า,Kesici Elektrik Şarjları,Điện áp cầu dao,造成伤害的花费
BREAKER_DAMAGE_THIS_SESSION,Breaker Damage,تلف قاطع الدائرة,Dany de Breaker,Poškození rozbíječem,Brecher-Schaden,Daño del Rompedor,Dégâts de Briseur,נזק למפסק,Damage Breaker,Danno del Frantumatore,ブレイカーのダメージ,브레이커 피해,Obrażenia Łamacza,Dano do Quebrador,Урон Разрушителя,ความเสียหายเบรกเกอร์,Kırıcı Hasarı,Sát Thương Đập,基础伤害
BLACK_HOLE,Block Hole Singularities,حالات التفرد في الثقوب المغلقة,Singularitats de Forats Negres,Singularity černé díry,Schwarze-Loch-Singularitäten,Singularidades de Agujero negro,Singularités de Trou Noir,סינגולריות של חור בלוק,Singularitas Lubang Hitam,Singolarità del Buco Nero,ブラックホールの特異点,블록홀 특이점,Osobliwości Czarnej Dziury,Singularidades de Buraco Negro,Сингулярности Черных Дыр,ความดันหลุมดำ,Kara Delik Tekillikleri,Đặc Tính Lỗ Đen,黑洞奇点
CLICK_AOE,Breaker Radius,نصف قطر القاطع,Radi de Breaker,Poloměr rozbíječe,Brecher-Radius,Radio del Rompedor,Rayon de Briseur,רדיוס מפסק,Jarak Breaker,Raggio del Frantumatore,ブレイカーレイディウス,브레이커 반경,Promień Łamacza,Raio do Quebrador,Радиус Разрушителя,ระยะเบรกเกอร์,Kırıcı Yarıçapı,Bán Kính Đập,伤害半径
DEMO_LOCKED,Locked for Demo,مغلق للعرض التجريبي,Bloquejat per a demostració,Zamčeno pro demo,Für Demo gesperrt,Bloqueado para demostración,Verrouillé pour la démo,נעול להדגמה,Dikunci untuk Demo,Bloccato per demo,デモ用にロックされています,데모용으로 잠겨 있습니다,Zablokowano dla wersji demo,Bloqueado na demonstração,Заблокировано в Демо,ล็อกไว้สำหรับโหมดสาธิต,Demo için kilitlendi,Đã khóa để xem bản demo,演示版已锁定
BUY_UPGRADE,Buy Upgrade,قم بشراء الترقية,Comprar Millora,Koupit vylepšení,Upgrade kaufen,Comprar mejora,Acheter Amélioration,קנה שדרוג,Beli Upgrade,Acquista Aggiornamento,アップグレードを購入,업그레이드 구매,Kup Ulepszenie,Comprar Melhoria,Купить Улучшение,ซื้อการอัปเกรด,Yükseltme Al,Mua Nâng Cấp,购买升级
A GAME ABOUT FEEDING A BLACK HOLE,A GAME ABOUT FEEDING A BLACK HOLE,لعبة تدور حول إطعام ثقب أسود,UN JOC SOBRE ALIMENTAR UN FORAT NEGRE,HRA O KRMENÍ ČERNÉ DÍRY,EIN SPIEL ÜBER DAS FÜTTERN EINES SCHWARZEN LOCHES,UN JUEGO DE ALIMENTAR A UN AGUJERO NEGRO,UN JEU SUR NOURRIR UN TROU NOIR,משחק על האכלת חור שחור,SEBUAH PERMAINAN TENTANG MEMBERI MAKAN LUBANG HITAM,UN GIOCO SUL NUTRIMENTO DI UN BUCO NERO,ブラックホールに物質を与えるゲーム,블랙홀에 먹이를 주는 게임,GRA O KARMIENIU CZARNEJ DZIURY,UM JOGO SOBRE ALIMENTAR UM BURACO NEGRO,Игра об Утолении Голода Черной Дыры,เกมเกี่ยวกับการให้อาหารหลุมดำ,KARA DELİK BESLEME OYUNU,MỘT TRÒ CHƠI VỀ VIỆC CHO MỘT LỖ ĐEN ĂN,一个关于养成黑洞的游戏
ELECTRIC_CLICKER,Electric Clicker,جهاز نقر كهربائي,Clicker elèctric,Elektrický klikr,Elektrischer Klicker,Pulsador eléctrico,Clicker électrique,קליקר חשמלי,Pengklik Elektrik,Clicker elettrico,電動クリッカー,전자식 클릭커,Klikacz elektryczny,Clicador elétrico,Электрический Кликер,เครื่องคลิกไฟฟ้า,Elektrikli Tıklayıcı,Máy bấm điện,自动点击器
BLACK_HOLE_PULSE,Black Hole Pulse,نبض الثقب الأسود,Pols del forat negre,Pulz černé díry,Schwarzes Loch Puls,Pulsaciónes del Agujero negro,Impulsion du trou noir,דופק חור שחור,Denyut Lubang Hitam,Impulso del buco nero,ブラックホールパルス,블랙홀 펄스,Puls czarnej dziury,Pulsos do buraco negro,Импульс Черной Дыры,ชีพจรหลุมดำ,Kara Delik Darbesi,Xung Lỗ Đen,黑洞脉冲
ROGUELIKE_MODE_DESCRIPTION,This mode is a work in progress where you choose 1 of 3 random upgrades. Balance changes and more content will be added based on feedback.,هذا النمط قيد التطوير، حيث تختار ترقية واحدة من بين ثلاث ترقيات عشوائية. سيتم إضافة تعديلات على التوازن ومحتوى إضافي بناءً على ملاحظاتكم.,Aquest mode és un treball en progrés on tries 1 de 3 millores aleatòries. S'afegiran canvis d'equilibri i més contingut en funció dels comentaris.,"Tento režim je ve vývoji, kde si náhodně vyberete jedno ze 3 vylepšení. Změny vyvážení a další obsah budou přidány na základě zpětné vazby.",Dieser Modus befindet sich noch in der Entwicklung. Du wählst eine von drei zufälligen Verbesserungen. Basierend auf deinem Feedback werden Balance-Änderungen und weitere Inhalte hinzugefügt.,Este modo está en desarrollo y podrás elegir 1 de 3 mejoras aleatorias. Se añadirán cambios de equilibrio y más contenido según los comentarios.,Ce mode est en cours de développement : vous choisissez l’une des trois améliorations aléatoires. Des modifications d’équilibrage et du contenu supplémentaire seront ajoutés en fonction de vos retours.,"מצב זה נמצא בתהליך יצירה, בו תבחרו אחד מתוך 3 שדרוגים אקראיים. שינויי איזון ותוכן נוסף יתווספו בהתאם למשוב.",Mode ini masih dalam pengembangan di mana Anda memilih 1 dari 3 peningkatan acak. Perubahan keseimbangan dan konten lainnya akan ditambahkan berdasarkan umpan balik.,Questa modalità è in fase di sviluppo e prevede la scelta casuale di 1 tra 3 potenziamenti. Modifiche al bilanciamento e altri contenuti verranno aggiunti in base ai feedback ricevuti.,このモードは現在開発中で、3つのアップグレードからランダムに1つを選択します。フィードバックに基づいてバランス調整とコンテンツの追加を予定しています。,"이 모드는 현재 개발 중이며, 세 가지 무작위 업그레이드 중 하나를 선택하게 됩니다. 피드백을 바탕으로 밸런스 조정 및 추가 콘텐츠가 제공될 예정입니다.","Ten tryb jest w trakcie realizacji, w którym wybierasz jedno z 3 losowych ulepszeń. Zmiany balansu i więcej zawartości zostaną dodane na podstawie opinii.","Este modo ainda está em desenvolvimento, onde você escolhe 1 de 3 melhorias aleatórias. Ajustes de balanceamento e mais conteúdo serão adicionados com base no seu feedback.",Этот режим находится в разработке. В нём вы выбираете одно из трёх случайных улучшений. Изменения баланса и добавление нового контента будут осуществляться на основе отзывов.,โหมดนี้ยังอยู่ในระหว่างการพัฒนา โดยคุณจะต้องเลือกการอัปเกรดแบบสุ่ม 1 ใน 3 แบบ การปรับสมดุลและเนื้อหาเพิ่มเติมจะถูกเพิ่มเข้ามาตามคำติชม,"Bu mod, üzerinde çalışılmakta olan ve 3 rastgele yükseltmeden birini seçtiğiniz bir moddur. Geri bildirimlere göre denge değişiklikleri ve daha fazla içerik eklenecektir.","Chế độ này vẫn đang trong quá trình phát triển, nơi bạn chọn 1 trong 3 nâng cấp ngẫu nhiên. Các thay đổi về cân bằng và nội dung bổ sung sẽ được thêm vào dựa trên phản hồi của người chơi.",此模式仍在开发中，您将从 3 个随机升级选项中选择 1 个。我们将根据反馈进行平衡性调整并添加更多内容。
CLICKER_BONUS_DAMAGE_TO_PLANETS,Breaker Bonus Damage To Planets,ضرر إضافي للكواكب من قبل المدمر,Boni de Dany de Breaker a Planetes,Bonus za poškození planet rozbíječem,Bonus-Schaden des Brechers gegen Planeten,Daño adicional del Rompedor a Planetas,Dégâts Bonus de Briseur aux Planètes,נזק בונוס מפסק לכוכבי לכת,Bonus Damage Breaker ke Planet,Danno Bonus del Frantumatore ai Pianeti,惑星へのブレイカーボーナスダメージ,브레이커의 행성에 대한 보너스 피해,Bonusowe Obrażenia Łamacza wobec Planet,Dano Bônus do Quebrador Para Planetas,Бонус Урон Разрушителя Для Планет,ความเสียหายเบรกเกอร์ต่อดาวเคราะห์,Kırıcı Bonus Hasarı Gezegenlere,Tiền Thưởng Sát Thương Đập Tới Hành Tinh,对行星的额外伤害
V SYNC,V Sync,مزامنة عمودية,V Sync,V-Sync,V-Sync,V Sync,V Synchronisation,V Sync,V Sync,V Sync,Vシンク,V 동기화,V Sync,V Sync,Вертикальная Синхронизация (VSync),V ซิงค์,V Senkronizasyonu,V Đồng Bộ,垂直同步
SPECIAL_STAR_CHANCE_TO_FORK,Electric Star  Chance to Fork,فرصة النجم الكهربائي للتفرع,Probabilitat que l'Estrella Elèctrica es Dividixi,Šance na rozvětvení elektrické hvězdy,"Chance, dass elektrische Sterne ein Gabelung haben",Probabilidad de bifurcar de las Estrellas Eléctricas,Chance de Fourcher d'Étoile Électrique,הזדמנות להסתבך עם כוכב חשמלי,Peluang untuk Bercabang Bintang Listrik,Probabilità di Fork della Stella Elettrica,電気星が分岐するチャンス,전기 별 간격 갈라질 확률,Szansa na Rozgałęzienie Elektrycznej Gwiazdy,Chance de Bifurcação da Estrela Elétrica,Шанс разделения Цепи Молний Электро-Звезды,โอกาสในการแยกดาวไฟฟ้า,Elektrikli Yıldız Dallanmada Şansı,Cơ Hội Để Phân Nhánh Sao Điện,闪电星球分叉的概率
DEMO_MODE,Demo Mode,وضع العرض التجريبي,Mode de demostració,Demo režim,Demo-Modus,Modo de demostración,Mode démo,מצב הדגמה,Mode Demo,Modalità demo,デモモード,데모 모드,Tryb demo,Modo de demonstração,Демо Режим,โหมดสาธิต,Demo Modu,Chế độ Demo,演示模式
COMET_SPAWN_CHANCE,Comet Spawn Chance (Buff: Breaker Always Crits),فرصة ظهور المذنب (تعزيز: الضربة الحاسمة دائماً من نصيب كاسر الأهداف),Probabilitat de Generar Comet Crític,Šance na vznik komety,Chance auf kritischen Kometen-Spawn,Probabilidad de generar un Cometa Crítico,Chance d'Apparition de Comète Critique,סיכוי להשרצת שביט (שיפור: שובר תמיד קריטי),Peluang Munculnya Komet Kritis,Probabilità Spawn Cometa Critica,クリティカル彗星生成チャンス,치명타 혜성 생성 확률,Szansa na Pojawienie się Krytycznej Komety,Chance de Aparição do Cometa Crítico,Шанс появления Кометы (Эффект: Разрушитель Всегда Критует),โอกาสการเกิดดาวหางวิกฤต,Kritik Kuyruklu Yıldız Doğurma Şansı,Cơ Hội Sinh Ra Sao Chổi Kích Cỡ,暴击彗星生成概率
SPECIAL_STAR_LASER_SPAWN_CHANCE,Chance to Spawn Laser Stars,فرصة لظهور نجوم الليزر,Probabilitat de Generar Estrelles Làser,Šance na vznik Laserových hvězd,"Chance, Lasersterne zu spawnen",Probabilidad de generar Estrellas Láser,Chance de Faire Apparaître des Étoiles Laser,הזדמנות להשריץ כוכבי לייזר,Peluang untuk Munculnya Bintang Laser,Probabilità di Generare Stelle Laser,レーザースターを生成するチャンス,레이저 별 생성 확률,Szansa na Pojawienie się Laserowych Gwiazd,Chance de Gerar Estrelas de Laser,Шанс Лазерных Звезд,โอกาสในการเกิดดาวเลเซอร์,Lazer Yıldızı Doğurma Şansı,Cơ Hội Sinh Ra Sao Laser,生成激光恒星的概率
UFO_ELECTRIC_CHARGES_TO_ADD,UFO Electric Charges to Add to Clicker,شحنات كهربائية للأجسام الطائرة المجهولة لإضافتها إلى جهاز التحكم عن بعد,Càrregues Elèctriques d'OVNI a Afegir a Clicador,"Elektrické nabíjení UFO, které se přidává ke klikru",UFO-Elektrische Ladungen für den Klicker hinzuzufügen,Cargas eléctricas OVNI añadidas al Pulsador,Charges Électriques de OVNI à Ajouter au Clicker,"מטענים חשמליים של עב""מים להוספה לקליקר",Pengisian Listrik UFO untuk Ditambahkan ke Kliker,Cariche Elettriche di UFO da Aggiungere al Clic,クリック用のUFO電気チャージ,클리커에 추가할 UFO 전기 충전,Elektryczne Ładunki UFO do Dodania do Klikacza,Cargas Elétricas de OVNI para Adicionar ao Clicador,Дополнительные Электрические Заряды НЛО в Клике,พลังงานไฟฟ้า UFO ที่จะเพิ่มเข้าไปในคลิกเกอร์,Tıklayıcıya Ekleyecek UFO Elektrik Yükleri,Sạc Điện UFO Để Thêm vào Nhấp Chuột,添加给点击器的 UFO 电气电荷
SPECIAL_STAR_CHAIN_DISTANCE_SCALE,Electric Star Chain Distance,سلسلة النجوم الكهربائية المسافة,Distància de Cadena d'Estrella Elèctrica,Dosah řetězení elektrické hvězdy,Kettendistanz elektrischer Sterne,Distancia de salto de las Estrellas Eléctricas,Distance de Chaîne d'Étoile Électrique,מרחק שרשרת כוכב חשמלי,Jarak Rantai Bintang Listrik,Distanza della Catena della Stella Elettrica,電気星のチェーン距離,전기 별 연쇄 거리,Odległość Łańcucha Elektrycznej Gwiazdy,Distância da Corrente da Estrela Elétrica,Длина Цепи Молний Электо-Звезды,ระยะห่างการเชื่อมต่อดาวไฟฟ้า,Elektrikli Yıldız Zincir Mesafesi,Khoảng Cách Chuỗi Sao Điện,闪电星球连锁距离
PAN TREE,Pan Tree,بان تري,Panoràmica,Pohyb stromem vylepšení,Baum schwenken,Ajustar,Panorama d'Arbre,עץ הפאן,Seret Pohon,Panoramica dell'Albero,パンツリー,패닝 트리,Przesuwanie Drzewka,Ajustar o Grid,Дерево Панорамирования,แพนต้นไม้,Ağaç Pan,Pan Cây,移动
COMET_MAX_NUMBER_TO_SPAWN,Max Comets to Spawn,أقصى عدد من المذنبات للظهور,Màxim de Cometes a Generar,Max. počet vzniklých komet,Maximale Kometen zu spawnen,Número máximo de Cometas generados,Max de Comètes à Faire Apparaître,מקס שביטים להיווצר,Maksimum Komet untuk Muncul,Max Comete da Generare,生成する最大彗星数,생성할 최대 혜성 수,Maksymalna Liczba Powstających Komet,Número Máximo de Cometas que podem aparecer,Максимальное Количество Комет,สูงสุดดาวหางที่เกิดขึ้น,Doğacak Maksimum Kuyruklu Yıldız,Số Sao Chổi Tối Đa,最大生成彗星数
MAX_STAR_SIZE,Star Size,حجم النجوم,Mida d'Estrella,Velikost hvězdy,Größe der Sterne,Tamaño de las Estrellas,Taille d'Étoile,גודל כוכב,Ukuran Bintang,Dimensione della Stella,星のサイズ,별 크기,Rozmiar Gwiazdy,Tamanho da Estrela,Размер Звезды,ขนาดดาว,Yıldız Boyutu,Kích Thước Sao,恒星大小
COMETS_COLLECTED_THIS_SESSION,Comets Collected,مجموعة المذنبات,Cometes Recollits,Získané komety,Gesammelte Kometen,Cometas recogidos,Comètes Collectées,שביטים שנאספו,Komet Dikumpulkan,Comete Raccolte,収集した彗星,수집한 혜성,Zebrane Komety,Cometas Coletados,Комет Собрано,ดาวหางที่รวบรวมได้,Toplanan Kuyruklu Yıldızlar,Sao Chổi Được Thu Thập,收集的彗星
MILESTONE_8,The Singularity Milestone,معلم التفرد,Fita de la Singularitat,Milník singularita,Das Singularität Meilenstein,"Hito ""La singularidad""",Étape de la Singularité,אבן הדרך של הסינגולריות,Tonggak Singularity,Milestone della Singolarità,特異点マイルストーン,특이점 이정표,Kamień Milowy Osobliwość Czarnej Dziury,"Marco ""A Singularidade""",Достижение Сингулярности,เหตุการณ์สำคัญหลุมดำอันมหาศาล,Tekillik Eşiği,Mốc Đặc Tính,奇点里程碑
MATTER,Asteroid Matter,مادة الكويكب,Matèria d'Asteroide,Hmota asteroidů,Asteroidenmaterie,Materia asteroidal,Matière d'Astéroïde,חומר אסטרואידים,Materi Asteroid,Materia di Asteroidi,小惑星物質,소행성 물질,Materia Asteroid,Matéria de Asteroide,Астероидная Материя,สสารดาวเคราะห์น้อย,Asteroit Maddesi,Vật Chất Asteroid,小行星物质
END SESSION,End Session,إنهاء الجلسة,Finalitzar Sessió,Ukončit relaci,Sitzung beenden,Terminar sesión,Fin de Session,סיום המושב,Akhiri Sesi,Termina Sessione,セッションを終了,세션 종료,Zakończ Sesję,Encerrar Sessão,Закончить сессию,สิ้นสุดเซสชัน,Oturumu Sonlandır,Kết Thúc Phiên,结束游戏
UFO_MAX_NUMBER_TO_SPAWN,Max UFOs to Spawn,أقصى عدد من الأجسام الطائرة المجهولة التي ستظهر,Màxim d'OVNIs a Generar,Max. počet vzniklých UFO,Maximale UFOs zu spawnen,Número máximo de OVNIS generados,Max d'OVNIs à Faire Apparaître,"מקסימום עב""מים להשרצה",Maksimum UFO untuk Muncul,Max UFO da Generare,生成する最大UFO数,생성할 최대 UFO 수,Maksymalna Liczba UFO do Powstania,OVNIs Máximos que podem aparecer,Максимальное Количество НЛО,สูงสุด UFO ที่เกิดขึ้น,Doğacak Maksimum UFO,Số UFO Tối Đa,最大生成 UFO 数
ASTEROIDS_PERCENT_TO_RESPAWN_ON_BLACK_HOLE_GROW,Asteroids Spawned when the Black Hole Grows,الكويكبات التي تنشأ عندما يكبر الثقب الأسود,Asteroides Generats quan el Forat Negre Creix,"Vznik asteroidů, když se zvětší černá díra","Asteroiden, die entstehen, wenn das Schwarze Loch wächst",Asteroides generados cuando el Agujero negro crece,Astéroïdes Apparus lorsque le Trou Noir Grandit,אסטרואידים נוצרים כאשר החור השחור גדל,Asteroid yang Muncul saat Lubang Hitam Membesar,Asteroidi Generati quando il Buco Nero Cresce,ブラックホールが成長する際に生成される小惑星,블랙홀 성장 시 생성되는 소행성 수,"Asteroidy Powstające, gdy Czarna Dziura Urośnie",Asteroides Gerados quando o Buraco Negro Cresce,Рост Черной Дыры порождает Новые Астероиды,ดาวเคราะห์น้อยที่เกิดขึ้นเมื่อหลุมดำเติบโต,Kara Delik Büyüdüğünde Doğmuş Asteroitler,Asteroid Sinh Ra Khi Lỗ Đen Tăng Trưởng,黑洞变大时生成的小行星
ASTEROIDS_DESTROYED_THIS_SESSION,Asteroids Destroyed,تدمير الكويكبات,Asteroides Destruïts,Zničené asteroidy,Zerstörte Asteroiden,Asteroides destruidos,Astéroïdes Détruits,אסטרואידים הושמדו,Asteroid Dihancurkan,Asteroidi Distrutti,破壊された小惑星,파괴된 소행성,Zniszczone Asteroidy,Asteroides Destruídos,Уничтоженно Астероидов,ดาวเคราะห์น้อยที่ถูกทำลาย,Yok Edilen Asteroitler,Asteroid Bị Phá Hủy,摧毁的小行星
BLACK_HOLE_NAME_19,The Black Hole Must Grow,يجب أن يكبر الثقب الأسود,El Forat Negre Ha de Créixer,Černá díra musí růst,Das Schwarze Loch muss wachsen,El Agujero negro ha de crecer,Le Trou Noir Doit Grandir,החור השחור חייב לגדול,Lubang Hitam Harus Tumbuh,Il Buco Nero Deve Crescere,ブラックホールは成長しなければならない,블랙홀은 성장해야 합니다,Czarna Dziura Musi Rosnąć,O Buraco Negro Há de Crescer,Черная Дыра Должна Расти,หลุมดำต้องเติบโต,Kara Delik Büyümeli,Lỗ Đen Phải Tăng Trưởng,黑洞必须成长
MILESTONE_2,The Black Hole Must Grow Milestone,يجب أن يكبر الثقب الأسود - علامة فارقة,Fita de Creixement del Forat Negre,Milník Černá díra musí růst,Das Schwarze Loch muss wachsen Meilenstein,"Hito ""El Agujero negro ha de crecer""",Étape de Grandissement du Trou Noir,"אבן דרך ב""חור השחור חייב לגדול""",Tonggak Lubang Hitam Harus Tumbuh,Milestone Il Buco Nero Deve Crescere,ブラックホールは成長しなければならないマイルストーン,블랙홀 성장해야 하는 이정표,Czarna Dziura Musi Rosnąć Milestone,"Marco ""O Buraco Negro Há de Crescer""",Достижение - Черная Дыра Должна Расти,หลุมดำต้องเติบโตเหตุการณ์สำคัญ,Kara Delik Büyümeli Eşiği,Mốc Lỗ Đen Phải Tăng Trưởng,黑洞必须成长里程碑
BLACK_HOLE_NAME_18,That's No Moon Black Hole,هذا ليس ثقبًا أسود قمريًا,Això No És la Lluna Forat Negre,Tohle není měsíční černá díra,Das ist kein Mond Schwarzes Loch,"No es una Luna, es un Agujero negro",Ce N'est Pas une Lune Trou Noir,זה לא חור שחור ירח,Itu Bukan Bulan Lubang Hitam,Questo Non è un Buco Nero,それは月ではないブラックホール,저건 달이 아니야 블랙홀,To Nie Księżyc Czarna Dziura,"Isso Não é uma Lua, É um Buraco Negro",Это Безлунная Черная Дыра,นั่นไม่ใช่ดวงจันทร์หลุมดำ,Bu Bir Ay Değil Kara Delik,Đó Không Phải Là Một Mặt Trăng Lỗ Đen,那不是月球黑洞
MILESTONE_3,My Favorite Space Movies Milestone,أهم محطات رحلتي في عالم أفلام الفضاء المفضلة,Fita de Les Meves Pel·lícules Espacials Favorides,Milník Moje oblíbené vesmírné filmy,Meine Lieblings-Weltraumfilme Schwarzes Loch Meilenstein,"Hito ""Mis películas espaciales favoritas""",Étape de Mes Films de Science-Fiction Préférés,אבן דרך בסרטי החלל האהובים עליי,Tonggak Film Ruang Favorit Saya,Milestone I Miei Film Spaziali Preferiti,私のお気に入りの宇宙映画 マイルストーン,내가 좋아하는 우주 영화 이정표,Kamień Milowy Moje Ulubione Filmy Kosmiczne,"Marco ""Meus Filmes Espaciais Favoritos""",Достижение - Мои Любимые Космические Фильмы,เหตุการณ์สำคัญภาพยนตร์อวกาศที่ชอบของฉัน,Favori Uzay Filmlerim Eşiği,Mốc Những Bộ Phim Vũ Trụ Yêu Thích Của Tôi,我最喜欢的太空电影的里程碑
CONTINUE,Continue,يكمل,Continuar,Pokračovat,Fortsetzen,Continuar,Continuer,לְהַמשִׁיך,Lanjutkan,Continua,続ける,계속,Kontynuuj,Continuar,Продолжить,ดำเนินการต่อ,Devam et,Tiếp Tục,继续
MILESTONE_1,Miniature Milestone,معلم مصغر,Miniatura Fita,Miniaturní milník,Miniatur-Meilenstein,"Hito ""Miniatura""",Étapette Miniature,אבן דרך מיניאטורית,Tonggak Miniatur,Miniature Milestone,ミニチュアマイルストーン,미니어쳐 이정표,Miniaturowy Kamień Milowy,"Marco ""Miniatura""",Миниатюрное Достижение,เหตุการณ์สำคัญขนาดจิ๋ว,Miniatür Eşik,Mốc Thu Nhỏ,微型里程碑
PREVIOUS,Previous,سابق,Anterior,Předchozí,Vorherige,Anterior,Précédent,קוֹדֵם,Sebelumnya,Precedente,前の,이전의,Poprzedni,Anterior,Предыдущий,ก่อนหน้า,Öncesi,Trước,上一个
MILESTONE_6,Gargantua Milestone,معلم غارغانتوا,Fita Gargantua,Milník Gargantua,Gargantua Meilenstein,"Hito ""Descomunal""",Étape Gargantua,אבן דרך בגרגנטואה,Tonggak Gargantua,Milestone Gargantua,ガルガンチュア マイルストーン,가르간투아 이정표,Kamień Milowy Gargantuiczna Dziura,"Marco ""Descomunal""",Достижение Гаргантюа,เหตุการณ์สำคัญการ์แกนตัวยักษ์,Gargantua Eşiği,Mốc Gargantua,巨兽里程碑
PLANET_DENSITY,Planet Mass,كتلة الكوكب,Massa del Planeta,Hmotnost planety,Planetenmasse,Masa planetaria,Masse de Planète,מסת כוכב הלכת,Massa Planet,Massa del Pianeta,惑星の質量,행성 질량,Masa Planety,Massa do Planeta,Масса Планеты,มวลดาวเคราะห์,Gezegen Kütlesi,Khối Lượng Hành Tinh,行星质量
MILESTONE_7,A Well Fed Milestone,إنجازٌ هامٌّ في التغذية الجيدة,Una fita ben alimentada,Dobře živený milník,Ein gut genährter Meilenstein,"Hito ""Bien alimentado""",Une étape importante bien nourrie,אבן דרך של הזנה טובה,Tonggak Sejarah yang Terjamin,Una pietra miliare ben nutrita,満腹の節目,잘 먹은 음식의 이정표,Kamień Milowy Najedzona Dziura,"Marco ""Bem Alimentado""",Достижение — Хорошее Питание,หลักไมล์แห่งการอิ่มหนำสำราญ,İyi Beslenmiş Bir Dönüm Noktası,Một cột mốc đáng nhớ về cuộc sống sung túc.,喂饱的黑洞里程碑
BLACK_HOLE_NAME_13,We Are Black Hole,نحن ثقب أسود,Som Forat Negre,Jsme černá díra,Wir sind Schwarzes Loch,Somos Agujero negro,Nous Sommes un Trou Noir,אנחנו חור שחור,Kami adalah Lubang Hitam,Noi Siamo Buco Nero,我々はブラックホールである,우리는 블랙홀입니다,Jesteśmy Czarną Dziurą,Nós Somos um Buraco Negro,Мы — Черная Дыра,เราคือหลุมดำ,Biz Kara Delik,Chúng Ta Là Lỗ Đen,我们是黑洞
MILESTONE_4,The Creators Milestone,إنجازات المبدعين,Fita dels Creators,Milník tvůrců,Die Schöpfer Meilenstein,"Hito ""Los creadores""",Étape des Créateurs,אבן דרך של היוצרים,Tonggak Lubang Hitam Para Pencipta,Milestone I Creatori,創造者たちのマイルストーン,창조자 이정표,Kamień Milowy Twórców,"Marco ""Os Criadores""",Достижение От Разрабов,เหตุการณ์สำคัญของผู้สร้าง,Yapımcılar Eşiği,Mốc Những Tạo Ra,创造者里程碑
COMPACT_MODE,Mini Challenge Mode,وضع التحدي المصغر,Mode Mini Repte,Mini výzva,Mini-Herausforderungsmodus,Modo Minidesafío,Mode Défi Mini,מצב אתגר מיני,Mode Tantangan Mini,Modalità Mini Sfida,ミニチャレンジモード,미니 챌린지 모드,Tryb Mini Wyzwania,Modo Mini Desafio,Режим Мини-Испытания,โหมดลองขนาดเล็ก,Mini Meydan Okuma Modu,Chế Độ Thử Thách Mini,迷你挑战模式
GIANT_GRID,Giant Grid,شبكة عملاقة,Graella gegant,Obří mřížka,Riesennetz,Cuadrícula gigante,Grille géante,רשת ענקית,Jaringan Raksasa,Griglia gigante,巨大グリッド,거대 격자,Gigantyczna siatka,Grade Gigante,Гигантская Сетка,ไจแอนท์กริด,Dev Izgara,Lưới khổng lồ,巨型网格
BLACK_HOLE_NAME_12,Keep on Feeding The Black Hole,استمر في تغذية الثقب الأسود,Continua Alimentant El Forat Negre,Pokračujte v krmení černé díry,Weiter das Schwarze Loch füttern,Sigue alimentando al Agujero negro,Continuez à Nourrir le Trou Noir,המשיכו להאכיל את החור השחור,Terus Memberi Makan Lubang Hitam,Continua a Nutrire Il Buco Nero,ブラックホールに物質を与え続ける,블랙홀에 계속 먹이를 주세요,Kontynuuj Karmienie Czarnej Dziury,Continue Alimentando o Buraco Negro,Продолжаем Кормить Черную Дыру,ให้อาหารหลุมดำต่อไป,Kara Delik Beslemeye Devam et,Tiếp Tục Cho Lỗ Đen Ăn,继续养成黑洞
MILESTONE_5,Humongous Milestone,إنجاز ضخم,Fita Humongosa,Obrovský milník,Riesiges Meilenstein,"Hito ""Monumental""",Étape Humongueuse,אבן דרך עצומה,Tonggak Sangat Besar,Milestone Enorme,巨大なマイルストーン,엄청난 이정표,Ogromny Kamień Milowy,"Marco ""Monumental""",Огромное Достижение,เหตุการณ์สำคัญมหึมา,Devasa Eşiği,Mốc Khổng Lồ,庞大里程碑
CLICKER_BONUS_DAMAGE_TO_STAR,Breaker Bonus Damage To Stars,ضرر إضافي للنجوم من قبل كاسر,Boni de Dany de Breaker a Estrelles,Bonusové poškození hvězd rozbíječem,Bonus-Schaden des Brechers gegen Sterne,Daño adicional del Rompedor a las Estrellas,Dégâts Bonus de Briseur aux Étoiles,נזק בונוס מפסק לכוכבים,Bonus Damage Breaker ke Bintang,Danno Bonus del Frantumatore alle Stelle,星へのブレイカーボーナスダメージ,브레이커의 별에 대한 보너스 피해,Bonusowe Obrażenia Łamacza dla Gwiazd,Dano Bônus do Quebrador Para Estrelas,Бонусный Урон Разрушителя к Звездам,ความเสียหายเบรกเกอร์ต่อดาว,Kırıcı Bonus Hasarı Yıldızlara,Tiền Thưởng Sát Thương Đập Tới Sao,对恒星的额外伤害
BLACK_HOLE_NAME_11,Hungry Black Hole,الثقب الأسود الجائع,Forat Negre Famolenc,Hladová černá díra,Hungriges Schwarzes Loch,Agujero negro Hambriento,Trou Noir Affamé,חור שחור רעב,Lubang Hitam Lapar,Buco Nero Affamato,空腹のブラックホール,배고픈 블랙홀,Głodna Czarna Dziura,Buraco Negro Faminto,Голодная Черная Дыра,หลุมดำที่หิวโหย,Aç Kara Delik,Lỗ Đen Đói,饥饿黑洞
RUN_TIMER_AMOUNT_ON_ASTEROID_DESTROYED,Time Added when Asteroid is Destroyed,الوقت المضاف عند تدمير الكويكب,Temps Afegit quan un Asteroide és Destruït,"Přidání času, pokud je zničen asteroid","Zeit hinzugefügt, wenn ein Asteroid zerstört wird",Tiempo añadido al destruir un Asteroide,Temps Ajouté lorsque l'Astéroïde est Détruit,זמן נוסף כאשר אסטרואיד מושמד,Waktu Tambahan saat Asteroid Dihancurkan,Tempo Aggiunto quando l'Asteroide viene Distrutto,小惑星が破壊されたときに追加される時間,소행성이 파괴될 때 추가되는 시간,"Czas Dodany, gdy Asteroida Zostanie Zniszczona",Tempo Adicionado quando o Asteroide é Destruído,Дополнительное Время за Разрушение Астероидов,เวลาเพิ่มเมื่อดาวเคราะห์น้อยถูกทำลาย,Bir Asteroit Yok Edildiğinde Eklenen Zaman,Thời Gian Thêm Khi Asteroid Bị Phá Hủy,摧毁小行星时增加的时间
BLACK_HOLE_NAME_10,Planet Destroyer Black Hole,ثقب أسود مدمر للكواكب,Forat Negre Destrucció Planetària,Černá díra Ničitel planet,Planetenzerstörer-Schwarzes Loch,Agujero negro Destruyeplanetas,Trou Noir Destructeur de Planètes,חור שחור משמיד כוכבי לכת,Lubang Hitam Penghancur Planet,Buco Nero Distruttore di Pianeti,惑星破壊者ブラックホール,행성 파괴자 블랙홀,Czarna Dziura Niszczyciel Planet,Buraco Negro Destruidor de Planetas,Черная Дыра Уничтожитель Планет,หลุมดำทำลายดาวเคราะห์,Gezegen Yok Edici Kara Delik,Lỗ Đen Phá Hủy Hành Tinh,行星毁灭者黑洞
DAMAGE_THIS_MILESTONE,Total Damage this Milestone,أضرار جسيمة في هذه المرحلة,Dany Total aquesta Fita,Celkové poškození v tomto milníku,Gesamt-Schaden dieses Meilensteins,Daño este Hito,Dégâts Totaux de cette Étape,נזק כולל באבן דרך זו,Total Damage tonggak ini,Danno Totale di questo Milestone,このマイルストーンでの総ダメージ,이번 이정표의 총 피해,Łączne Obrażenia w tym Kamieniu Milowym,Dano Total neste Marco,Весь Урон за это Достажение,ความเสียหายทั้งหมดที่เหตุการณ์สำคัญนี้,Bu Eşiği geçilen Toplam Hasar,Tổng Sát Thương Mốc này,此里程碑的总伤害
BLACK_HOLE_NAME_17,Even Bigger Black Hole,ثقب أسود أكبر,MOLT MÉS Gran Forat Negre,Ještě větší černá díra,Noch größeres Schwarzes Loch,Agujero negro Gigante,Encore Plus Gros Trou Noir,חור שחור גדול עוד יותר,Lubang Hitam Bahkan Lebih Besar,Buco Nero Ancora Più Grande,さらに大きなブラックホール,더 큰 블랙홀,Jeszcze Większa Czarna Dziura,Buraco Negro Ainda Maior,Еще Большая Черная Дыра,หลุมดำที่ใหญ่กว่านี้,Daha da Büyük Kara Delik,Lỗ Đen Còn Lớn Hơn,更大的黑洞
BLACK_HOLE_NAME_31,A Dangerously Funny Black Hole,ثقب أسود مضحك بشكل خطير,Un Forat Negre Perillosament Divertit,Nebezpečně vtipná černá díra,Ein gefährlich lustiges Schwarzes Loch,"Agujero negro ""DangerouslyFunny""",Un Trou Noir Dangerusement Drôle,חור שחור מצחיק ומסוכן,Lubang Hitam yang Berbahaya Lucu,Un Buco Nero Follemente Divertente,危険なくらい面白いブラックホール,위험하게 재미있는 블랙홀,Niebezpiecznie Śmieszna Czarna Dziura,Um Buraco Negro Perigosamente Engraçado,Опасно Смешная Черная Дыра,หลุมดำที่อันตรายอย่างตลก,Tehlikeli Derecede Eğlenceli Kara Delik,Lỗ Đen Nguy Hiểm Hài Hước,危险而有趣的黑洞
BLACK_HOLE_NAME_16,Void Black Hole,ثقب أسود فراغي,Forat Negre Vuit,Prázdnotě Černá Dírka,Leerer Raum Schwarzes Loch,Agujero negro Vacío,Trou Noir Vide,חור שחור ריק,Lubang Hitam Kosong,Buco Nero Vuoto,虚無のブラックホール,공허한 블랙홀,Pustkowa Czarna Dziura,Buraco Negro Vazio,Пустотная черная дыра,หลุมดำอวกาศ,Boşluk Kara Delik,Lỗ Đen Chân Không,虚无黑洞
BLACK_HOLE_NAME_30,Orbiting Potato Black Hole,ثقب أسود يدور حول بطاطا,Forat Negre de Patata Orbital,Obíhající bramborová černá díra,Umkreisende Kartoffel Schwarzes Loch,"Agujero negro ""Orbiting Potato""",Trou Noir Patate Orbital,חור שחור מקיף תפוח אדמה,Lubang Hitam Kentang Mengorbit,Buco Nero Patata Orbita,軌道を描くジャガイモブラックホール,궤도를 도는 감자 블랙홀,Czarna Dziura Orbital Potato,"Buraco Negro ""Batata Orbitante""",Черная Дыра Орбитальной Картошки,หลุมดำมันฝรั่งที่โคจร,Yörüngeyi Takip Eden Patates Kara Delik,Lỗ Đen Khoai Tây Quay,土豆环绕黑洞
BLACK_HOLE_NAME_15,Bold Black Hole,ثقب أسود جريء,Forat Negre Agosarat,Odvážná černá díra,Wagemutiges Schwarzes Loch,Agujero negro Audaz,Trou Noir Audacieux,חור שחור נועז,Lubang Hitam Berani,Buco Nero Audace,大胆なブラックホール,대담한 블랙홀,Odważna Czarna Dziura,Buraco Negro Ousado,Смелая Черная Дыра,หลุมดำที่กล้าหาญ,Cesur Kara Delik,Lỗ Đen Quyết Đoán,大胆黑洞
BLACK_HOLE_NAME_33,Is Gray Still Playing Black Hole,هل لا يزال غراي يلعب دور الثقب الأسود؟,El Grís Encara Està Jugant Forat Negre,Ještě si hrající šedá černá díra,Spielt Gray noch Schwarzes Loch,"Agujero negro ""Is Gray still playing?""",Gray Joue-Toujours Trou Noir,האם גריי עדיין משחק חור שחור,Apakah Gray Masih Bermain Lubang Hitam,Grigio Sta Ancora Giocando Buco Nero,グレイはいまだに ブラックホールをプレイしている,그레이 아직도 플레이 중인가 블랙홀,Czarna Dziura Is Gray Still Playing,"Buraco Negro ""Gray Still Plays""",Черная Дыра от Еще играет Грей,หลุมดำที่เกรย์ยังเล่นอยู่,Gri Hâlâ Oynuyor mu Kara Delik,Lỗ Đen Xám Còn Chơi Không,灰色还在玩吗黑洞
BLACK_HOLE_NAME_14,Average Joe Black Hole,ثقب أسود عادي,Forat Negre Promig,Průměrná černá díra,Durchschnittlicher Joe Schwarzes Loch,Agujero negro Normalillo,Trou Noir Joe Moyen,ג'ו הממוצע חור שחור,Lubang Hitam Rata-rata,Buco Nero Joe Mediocre,平均的なブラックホール,평균적인 블랙홀,Zwykła Czarna Dziura,Buraco Negro Normalzinho,Обычная Черная Дыра,หลุมดำเฉลี่ยโจ,Ortalama Joe Kara Delik,Lỗ Đen Joe Trung Bình,普通小白领黑洞
BLACK_HOLE_NAME_32,Who's Cade Black Hole,من هو كيد بلاك هول؟,Qui és Cade Forat Negre,Cadeho černá díra,Wer ist Cade Schwarzes Loch,"Agujero negro ""Who's Cade?""",Qui est Cade Trou Noir,מי זה קייד חור שחור,Siapa Lubang Hitam Cade,Chi è Cade Buco Nero,カデブラックホールは誰か,케이드 블랙홀은 누구인가,Czarna Dziura Who's Cade,"Buraco Negro ""Quem é Cade""",Черная Дыра от Кто Такой Кейд,หลุมดำที่ใครคือเคด,Kim Cade Kara Delik,Lỗ Đen Ai Là Cade,谁是Cade黑洞
BLACK_HOLE_NAME_35,Stuffed Black Hole,ثقب أسود محشو,Forat Negre Farcit,Naplňující černá díra,Gefülltes Schwarzes Loch,Agujero negro Relleno,Trou Noir Enfouie,חור שחור ממולא,Lubang Hitam Terisi,Buco Nero Ripieno,詰め物のブラックホール,박제된 블랙홀,Nadziana Czarna Dziura,Buraco Negro Recheado,Насытившаяся Черная Дыра,หลุมดำที่ถูกบรรจุ,Dolu Kara Delik,Lỗ Đen Nhồi,充盈黑洞
BLACK_HOLE_NAME_34,The Creators Black Hole,الثقب الأسود للمبدعين,Els Creators Forat Negre,Černá díra tvůrců,Die Schöpfer Schwarzes Loch,Agujero negro Los creadores,Les Créateurs Trou Noir,החור השחור של היוצרים,Lubang Hitam Para Pencipta,I Creatori Buco Nero,創造者たちのブラックホール,창조자 블랙홀,Czarna Dziura Twórców,"Buraco Negro ""Os Criadores""",Черная Дыра От Разрабов,หลุมดำของผู้สร้าง,Yapımcılar Kara Delik,Lỗ Đen Những Tạo Ra,创造者黑洞
BLACK_HOLE_NAME_37,Colossal Black Hole,ثقب أسود هائل,Forat Negre Colossals,Kolosální černá díra,Kolossales Schwarzes Loch,Agujero negro Colosal,Trou Noir Colossal,חור שחור עצום,Lubang Hitam Kolosal,Buco Nero Colossale,巨大なブラックホール,거대한 블랙홀,Kolosalna Czarna Dziura,Buraco Negro Colossal,Колоссальная Черная Дыра,หลุมดำขนาดมหึมา,Kolasal Kara Delik,Lỗ Đen Khổng Lồ,巨型黑洞
BLACK_HOLE_NAME_36,Titanic Black Hole,ثقب أسود تيتانيك,Forat Negre Titanic,Titanická černá díra,Titanisches Schwarzes Loch,Agujero negro Titanico,Trou Noir Titanic,חור שחור של הטיטאניק,Lubang Hitam Titanic,Buco Nero Titanico,タイタニックブラックホール,타이타닉 블랙홀,Tytaniczna Czarna Dziura,Buraco Negro Titânico,Титаническая Черная Дыра,หลุมดำไททานิค,Titanik Kara Delik,Lỗ Đen Khổng Lồ,泰坦黑洞
BLACK_HOLE_NAME_28,Project Hail Mary Black Hole,مشروع هيل ماري بلاك هول,Forat Negre Projecte Hail Mary,Černá díra projektu Hail Mary,Projekt Hail Mary Schwarzes Loch,"Agujero negro ""Proyecto Salvación""",Projet Hail Mary Trou Noir,"פרויקט ""הייל מרי"" חור שחור",Lubang Hitam Proyek Hail Mary,Progetto Hail Mary Buco Nero,プロジェクト・ヘイル・メアリー ブラックホール,프로젝트 헤일 메리 블랙홀,Czarna Dziura Projektu Hail Mary,"Buraco Negro ""Devorador de Estrelas""",Проект Черной Дыры Хейл Мэри,หลุมดำโครงการเฮลแมรี,Project Hail Mary Kara Delik,Lỗ Đen Dự Án Hail Mary,项目大海怪黑洞
BLACK_HOLE_NAME_39,Humongous Black Hole,ثقب أسود هائل,Forat Negre Humongó,Obrovská černá díra,Riesiges Schwarzes Loch,Agujero negro Monumental,Trou Noir Humongueux,חור שחור ענק,Lubang Hitam Sangat Besar,Buco Nero Enorme,恐ろしいブラックホール,엄청난 블랙홀,Ogromna Czarna Dziura,Buraco Negro Monumental,Огромная Черная Дыра,หลุมดำที่มีขนาดใหญ่เหลือเกิน,Devasa Kara Delik,Lỗ Đen Vĩ Đại,庞大黑洞
NAVIGATE,Navigate,تصفح,Navega,Navigovat,Navigieren,Navegar,Naviguer,ניווט,Navigasi,Navigare,ナビゲート,탐색하기,Nawigować,Navegar,Навигация,นำทาง,Gezinti,Điều hướng,导航
BLACK_HOLE_NAME_29,My Favorite Space Movies Black Hole,أفلامي الفضائية المفضلة: الثقب الأسود,Les Meves Pel·lícules Espacials Favorides Forat Negre,Černá díra z mých oblíbených vesmírných filmů,Meine Lieblings-Weltraumfilme Schwarzes Loch,Agujero negro Mis películas espaciales favoritas,Mes Films de Science-Fiction Préférés Trou Noir,סרטי החלל האהובים עליי חור שחור,Lubang Hitam Film Ruang Favorit Saya,I Miei Film Spaziali Preferiti Buco Nero,私のお気に入りの宇宙映画 ブラックホール,내가 좋아하는 우주 영화 블랙홀,Czarna Dziura z Moich Ulubionych Filmów Kosmicznych,Buraco Negro dos Meus Filmes Espaciais Favoritos,Черная Дыра Из Моих Любимых Космических Фильмов,หลุมดำภาพยนตร์อวกาศที่ชอบของฉัน,Favori Uzay Filmlerim Kara Delik,Lỗ Đen Những Bộ Phim Vũ Trụ Yêu Thích Của Tôi,我最喜欢的太空电影的黑洞
BLACK_HOLE_NAME_38,Gigantic Black Hole,ثقب أسود عملاق,Forat Negre Gigantesc,Gigantická černá díra,Gigantisches Schwarzes Loch,Agujero negro Gigante,Trou Noir Gigantesque,חור שחור ענק,Lubang Hitam Raksasa,Buco Nero Gigantesco,巨大なブラックホール,거대 블랙홀,Gigantyczna Czarna Dziura,Buraco Negro Gigante,Гигантская Черная Дыра,หลุมดำยักษ์,Cüsseli Kara Delik,Lỗ Đen Khổng Lồ,巨型黑洞
STAR_PERCENT_TO_RESPAWN_ON_BLACK_HOLE_GROW,Stars Spawned when the Black Hole Grows,النجوم التي تولد عندما يكبر الثقب الأسود,Estrelles Generades quan el Forat Negre Creix,"Vznik hvězdy, když se zvětší černá díra","Sterne, die entstehen, wenn das Schwarze Loch wächst",Estrellas generadas cuando crece el Agujero negro,Étoiles Apparues lorsque le Trou Noir Grandit,כוכבים נוצרים כאשר החור השחור גדל,Bintang yang Muncul saat Lubang Hitam Membesar,Stelle Generati quando il Buco Nero Cresce,ブラックホールが成長する際に生成される星,블랙홀 성장 시 생성되는 별 수,"Powstałe Gwiazdy, gdy Czarna Dziura Rośnie",Estrelas Geradas quando o Buraco Negro Cresce,Звезды рождаються при Росте Черной Дыры,ดาวที่เกิดขึ้นเมื่อหลุมดำเติบโต,Kara Delik Büyüdüğünde Doğmuş Yıldızlar,Sao Được Sinh Ra Khi Lỗ Đen Tăng Trưởng,黑洞增长时生成的恒星
BLACK_HOLE_NAME_26,Rocky Black Hole,الثقب الأسود الصخري,Forat Negre Rocós,Skalnatá černá díra,Felsiges Schwarzes Loch,"Agujero negro ""Rocky""",Trou Noir Rocheux,חור שחור סלעי,Lubang Hitam Rocky,Buco Nero Roccioso,岩のようなブラックホール,록키 블랙홀,Czarna Dziura Rocky'ego Blacka,"Buraco Negro ""Rocky""",Скалистая Черная Дыра,หลุมดำที่มีบางก้อนหิน,Kayalı Kara Delik,Lỗ Đen Đá,岩石黑洞
BLACK_HOLE_NAME_27,Dr. Grace Black Hole,الدكتورة غريس بلاك هول,Forat Negre Dr. Grace,Černá díra Dr. Graceho,Dr. Grace Schwarzes Loch,"Agujero negro ""Dr. Grace""",Dr. Grace Trou Noir,"ד""ר גרייס חור שחור",Lubang Hitam Dr. Grace,Buco Nero Dr. Grace,グレース博士 ブラックホール,그레이스 박사 블랙홀,Czarna Dziura Doktora Grace'a,"Buraco Negro ""Dr. Grace""",Черная Дыра Доктора Грейса,หลุมดำดร.เกรซ,Dr. Grace Kara Delik,Lỗ Đen Tiến Sĩ Grace,格蕾丝博士黑洞
BLACK_HOLE_NAME_24,Mark Watney Black Hole,مارك واتني الثقب الأسود,Forat Negre Mark Watney,Černá díra Marka Watneyho,Mark Watney Schwarzes Loch,"Agujero negro ""Mark Watney""",Trou Noir de Mark Watney,חור שחור של מארק וואטני,Lubang Hitam Mark Watney,Buco Nero Mark Watney,マーク・ワトニー ブラックホール,마크 와트니 블랙홀,Czarna Dziura Marka Watneya,"Buraco Negro ""Mark Watney""",Черная Дыра Марка Уотни,หลุมดำมาร์ค วัตนีย์,Mark Watney Kara Delik,Lỗ Đen Mark Watney,Mark Watney尼黑洞
BLACK_HOLE_NAME_25,The Martian Black Hole,الثقب الأسود المريخي,El Forat Negre Martià,Marťanská černá díra,Das marsianische Schwarze Loch,"Agujero negro ""Marte""",Le Trou Noir Martien,החור השחור של מאדים,Lubang Hitam Marsian,Il Buco Nero Marziano,火星人 ブラックホール,화성인 블랙홀,Czarna Dziura Marsjańska,O Buraco Negro Marciano,Марсианская Черная Дыра,หลุมดำของมนุษย์อังคาร,Marslı Kara Delik,Lỗ Đen Người Hành Tinh Đỏ,火星人黑洞
NEW_GAME,New Game,لعبة جديدة,Nou joc,Nová hra,Neues Spiel,Partida nueva,Nouveau jeu,משחק חדש,Game Baru,Nuovo gioco,新しいゲーム,새로운 게임,Nowa gra,Novo jogo,Новая Игра,เกมใหม่,Yeni Oyun,Trò chơi mới,新游戏
ASTEROID_DENSITY,Asteroid Mass,كتلة الكويكب,Massa d'Asteroide,Hmotnost asteroidů,Asteroidenmasse,Masa asteroidal,Masse d'Astéroïde,מסת האסטרואיד,Massa Asteroid,Massa dell'Asteroide,小惑星の質量,소행성 질량,Masa Asteroidów,Massa do Asteroide,Масса Астероида,มวลดาวเคราะห์น้อย,Asteroit Kütlesi,Khối Lượng Asteroid,小行星质量
BLACK_HOLE_NAME_22,Interstellar Black Hole,ثقب أسود بين النجوم,Forat Negre Interstellar,Mezihvězdná černá díra,Interstellares Schwarzes Loch,"Agujero negro ""Interestelar""",Trou Noir Interstellaire,חור שחור בין-כוכבי,Lubang Hitam Antarbintang,Buco Nero Interstellare,星間ブラックホール,인터스텔라 블랙홀,Międzygwiezdna Czarna Dziura,"Buraco Negro ""Interestelar""",Межзвёздная Черная Дыра,หลุมดำข้ามดาว,Yıldalararası Kara Delik,Lỗ Đen Liên Sao,星际黑洞
BLACK_HOLE_NAME_23,Greatest Botanist Black Hole,أعظم عالم نباتات، ثقب أسود,El Més Gran Botanista Forat Negre,Největší botanická černá díra,Der größte Botaniker Schwarzes Loch,"Agujero negro ""El mejor botánico""",Le Plus Grand Botaniste Trou Noir,החור השחור הגדול ביותר של הבוטנאים,Lubang Hitam Botanis Terhebat,Il Migliore Botanico Buco Nero,偉大な植物学者ブラックホール,가장 위대한 식물학자 블랙홀,Największy Botanik Czarna Dziura,"Buraco Negro ""Grande Botânico""",Черная Дыра Великого Ботаника,หลุมดำพฤกษศาสตร์ที่ยอดเยี่ยม,En Büyük Botanikçi Kara Delik,Lỗ Đen Nhà Thực Vật Vĩ Đại Nhất,伟大植物学家黑洞
BLACK_HOLE_NAME_20,Cooper Black Hole,ثقب كوبر الأسود,Forat Negre Cooper,Měděná černá díra,Cooper-Schwarzes Loch,"Agujero negro ""Cooper""",Trou Noir Cooper,חור שחור של קופר,Lubang Hitam Cooper,Buco Nero Cooper,クーパーブラックホール,쿠퍼 블랙홀,Czarna Dziura Cooper,Buraco Negro Cooper,Черная Дыра Купера,หลุมดำลูกสะท้อน,Kooperatif Kara Delik,Lỗ Đen Cooper,Cooper黑洞
BLACK_HOLE_NAME_21,This Little Maneuver Black Hole,هذه المناورة الصغيرة ثقب أسود,Aquesta Petita Maniobra Forat Negre,Tahle malá manévrující černá díra,Dieses kleine Manöver Schwarzes Loch,"Agujero negro ""Pequeña maniobra""",Ce Petite Manœuvre Trou Noir,חור שחור קטן זה,Lubang Hitam Maneuver Kecil Ini,Questo Piccolo Manovra Buco Nero,この小さなマニューバーブラックホール,이 작은 기동 블랙홀,Ten Mały Manewr Czarna Dziura,"Buraco Negro ""Manobrinha""",Эта Маленькая Маневренная Черная Дыра,หลุมดำที่ควบคุมการเคลื่อนไหวเล็กนี้,Bu Küçük Manevra Kara Delik,Lỗ Đen Maneuver Nhỏ Này,这个小动作黑洞
TEXT_SIZE,Text Scale,مقياس النص,Escala de text,Měřítko textu,Textgröße,Tamaño del texto,Échelle du texte,קנה מידה של טקסט,Skala Teks,Scala del testo,テキストスケール,텍스트 크기,Skala tekstu,Escala de texto,Масштаб Текста,มาตราส่วนข้อความ,Metin Ölçeği,Thang đo văn bản,文本缩放
COMET_CRIT_CHANCE_BUFF_DURATION,Comet Buff Duration,مدة سطوع المذنب,Durada del Buff de Comet Crític,Doba trvání bonusu kritické komety,Dauer des kritischen Kometen-Buffs,Duración del don Cometa Crítico,Durée de Buff de Comète Critique,משך זמן חיטוב שביט,Durasi Buff Komet Kritis,Durata Buff Cometa Critica,クリティカル彗星バフの持続時間,치명타 혜성 버프 지속시간,Czas Wzmocnienia Krytycznej Komety,Duração do Buff do Cometa Crítico,Продолжительность Эффекта Кометы,ระยะเวลาบัฟดาวหางวิกฤต,Kritik Kuyruklu Yıldız Buff Süresi,Thời Gian Buff Sao Chổi Kích Cỡ,暴击彗星增益持续时间
MAIN_MODE,Normal Mode,الوضع العادي,Mode Normal,Normální režim,Normalmodus,Modo Normal,Mode Normal,מצב רגיל,Mode Normal,Modalità Normale,ノーマルモード,일반 모드,Tryb Normalny,Modo Normal,Нормальный Режим,โหมดธรรมดา,Normal Mod,Chế Độ Bình Thường,标准模式
SPECIAL_PLANET_ASTEROID_PINATA_AMOUNT_OF_ASTEROID,Asteroids spawned from Platinum Planets,الكويكبات المتولدة من الكواكب البلاتينية,Asteroides generats de Planetes de Platí,Asteroidy vznikající z platinových planet,"Asteroiden, die von Platin-Planeten stammen",Asteroides generados por los Planetas Platino,Astéroïdes apparus des Planètes Platines,אסטרואידים שנוצרו מכוכבי לכת פלטינה,Asteroid yang muncul dari Planet Platinum,Asteroidi generati dai Pianeti Platino,プラチナ惑星から生成された小惑星,플래티넘 행성에서 생성된 소행성,Asteroidy powstałe z Platynowych Planet,Asteroides gerados de Planetas de Platina,Астероиды появляются от Платиновых Планет,ดาวเคราะห์น้อยที่เกิดจากดาวเคราะห์แพลทินัม,Platin Gezegenlerden Doğmuş Asteroitler,Asteroid sinh ra từ Hành Tinh Bạch Kim,从铂金行星生成的小行星
SPECIAL_PLANET_MOON_MAX_MOONS,Max Moons Per Planet,أقصى عدد من الأقمار لكل كوكب,Màxim de Llunes per Planeta,Maximum Měsíců na planetu,Maximale Monde pro Planet,Número máximo de Lunas por Planeta,Max de Lunes par Planète,מקסימום ירחים לכל כוכב לכת,Maksimum Bulan per Planet,Max Lune per Pianeta,1惑星あたりの最大の月,행성당 최대 달 수,Maksymalna Liczba Księżyców na Planetę,Luas Máximas Por Planeta,Максимальное Количество Лун на Планету,สูงสุดดวงจันทร์ต่อดาวเคราะห์,Her Gezegen İçin Maksimum Ay,Số Mặt Trăng Tối Đa Mỗi Hành Tinh,每行星最大卫星数
SPECIAL_ASTEROID_CHANCE_TO_FORK,Electric Asteroid Chance to Fork,فرصة انقسام الكويكب الكهربائي,Probabilitat que l'Asteroide Elèctric es Dividixi,Šance na rozvětvení elektrického asteroidu,"Chance, dass elektrischer Asteroid einen Gabelung hat",Probabilidad de bifurcar del los Asteroides Eléctricos,Chance de Fourcher d'Astéroïde Électrique,סיכוי של התפצלות אסטרואיד חשמלי,Peluang Rantai Asteroid Listrik untuk Bercabang,Probabilità di Fork dell'Asteroide Elettrico,電気小惑星が分岐するチャンス,전기 소행성이 갈라질 확률,Szansa na Rozgałęzienie Elektrycznej Asteroidy,Chance de Bifurcação do Asteroide Elétrico,Шанс Продолжения Цепи Молний Электро-Астероида,โอกาสในการแยกดาวเคราะห์น้อยไฟฟ้า,Elektrikli Asteroit Dallanmada Şansı,Cơ Hội Để Phân Nhánh Asteroid Điện,闪电小行星分叉的概率
SPECIAL_ASTEROID_RADIOACTIVE_DOT,Radioactive Damage Per Second,الضرر الإشعاعي في الثانية,Dany radioactiu per segon,Radioaktivní poškození za sekundu,Radioaktiver Schaden pro Sekunde,Daños radiactivos por segundo,Dommages radioactifs par seconde,נזק רדיואקטיבי לשנייה,Kerusakan Radioaktif Per Detik,Danni radioattivi al secondo,1秒あたりの放射能ダメージ,초당 방사능 피해량,Radioaktywne obrażenia na sekundę,Danos radioativos por segundo,Радиоактивный Урон в Секунду,ความเสียหายจากรังสีต่อวินาที,Saniyede Radyoaktif Hasar,Mức độ tổn thương phóng xạ mỗi giây,放射性每秒伤害
NEW_GAME_CONFRIM_LABEL,Starting a new game will erase your previous save file.,سيؤدي بدء لعبة جديدة إلى مسح ملف الحفظ السابق.,Començar una partida nova esborrarà el fitxer desat anterior.,Spuštěním nové hry dojde ke smazání vaší předchozí uložené hry.,"Wenn Sie ein neues Spiel starten, wird Ihr vorheriger Spielstand gelöscht.",Empezar una partida nueva eliminará el guardado anterior.,Commencer une nouvelle partie effacera votre sauvegarde précédente.,התחלת משחק חדש תמחק את קובץ השמירה הקודם שלך.,Memulai permainan baru akan menghapus file penyimpanan Anda sebelumnya.,Avviando una nuova partita verrà cancellato il file di salvataggio precedente.,新しいゲームを開始すると、以前の保存ファイルが消去されます。,새 게임을 시작하면 이전 저장 파일이 삭제됩니다.,Rozpoczęcie nowej gry spowoduje usunięcie poprzedniego pliku zapisu.,Iniciar um novo jogo apagará seu arquivo de jogo salvo anteriormente.,При начале новой игры ваше предыдущее сохранение будет удалёно.,การเริ่มเกมใหม่จะลบไฟล์บันทึกเกมเก่าของคุณ,Yeni bir oyuna başlamak önceki kayıt dosyanızı silecektir.,Bắt đầu một trò chơi mới sẽ xóa tệp lưu trò chơi trước đó của bạn.,开始新游戏将会删除之前的存档文件。
PLANET,Planet Cores,لب الكواكب,Nuclis de Planeta,Jádra planet,Planetenkerne,Núcleos planetarios,Noyaux de Planète,ליבות פלנט,Inti Planet,Nuclei Planetari,惑星のコア,행성 중심,Jądro Planet,Núcleos de Planetas,Ядра Планет,แกนดาวเคราะห์,Gezegen Çekirdekleri,Lõi Hành Tinh,行星核
GAME_OVER_YOU_UNLCOKED,You've unlocked additional game modes!,لقد فتحت أوضاع لعب إضافية!,Has desbloquejat modalitats de joc addicionals!,Odemkli jste další herní režimy!,Du hast zusätzliche Spielmodi freigeschaltet!,¡Has desbloqueado otros modos de juego!,Vous avez débloqué des modes de jeu supplémentaires !,פתחת מצבי משחק נוספים!,Anda telah membuka mode permainan tambahan!,Hai sbloccato modalità di gioco aggiuntive!,追加のゲームモードがアンロックされました！,추가 게임 모드를 잠금 해제했습니다!,Odblokowałeś dodatkowe tryby gry!,Você desbloqueou modos de jogo extras!,Вы разблокировали дополнительные режимы игры!,คุณได้ปลดล็อคโหมดเกมเพิ่มเติมแล้ว!,Ek oyun modlarını açtınız!,Bạn đã mở khóa thêm các chế độ trò chơi!,您已经解锁更多游戏模式！
SUPERNOVA_DAMAGE_THIS_SESSION,Supernova Damage,أضرار المستعر الأعظم,Dany de Supernova,Poškození supernovou,Supernova-Schaden,Daño de Supernovas,Dégâts de Supernova,נזק סופרנובה,Damage Supernova,Danno da Supernova,超新星のダメージ,슈퍼노바 피해,Obrażenia Supernowej,Dano de Supernova,Урон от Сверхновой,ความเสียหายจากซูเปอร์โนวา,Süpernova Hasarı,Sát Thương Siêu Nova,超新星伤害
SPECIAL_PLANET_MOON_CLIKCER_RATE_BUFF_SCALE,Moon Buff Scale for Breaker Speed,مقياس تعزيز القمر لسرعة كاسر,Escala de Buff de Lluna per la Velocitat de Breaker,Vliv bonusových Měsíců na rychlost rozbíječe,Buff-Skala des Mondes für Brecher-Geschwindigkeit,Multiplicador del don lunar a la velocidad del Rompedor,Échelle de Buff de Lune pour Vitesse de Briseur,סולם חיזוק ירח למהירות מפסק,Skala Buff Bulan untuk Kecepatan Breaker,Scala Buff Luna per Velocità del Frantumatore,ブレイカースピードのための月バフスケール,브레이커 속도에 대한 달 버프 스케일,Skala Wzmocnienia Księżyca dla Szybkości Łamacza,Escala do Buff da Lua na Velocidade do Quebrador,Ускорение Разрушителя от Лун,สเกลบัฟดวงจันทร์สำหรับความเร็วเบรกเกอร์,Kırıcı Hızı için Ay Buff Ölçeği,Tỷ Lệ Buff Mặt Trăng cho Tốc Độ Đập,卫星对伤害速度的增益倍数
ELECTRIC_DAMAGE_THIS_SESSION,Electric Asteroid Damage,أضرار الكويكبات الكهربائية,Dany d'Asteroide Elèctric,Poškození elektrickým asteroidem,Elektrischer Asteroidenschaden,Daño de Asteroides Eléctricos,Dégâts d'Astéroïde Électrique,נזק חשמלי לאסטרואיד,Damage Asteroid Listrik,Danno da Asteroide Elettrico,電気小惑星のダメージ,전기 소행성 피해,Obrażenia Elektrycznej Asteroidy,Dano de Asteroide Elétrico,Урон Электро-Астероидов,ความเสียหายจากดาวเคราะห์น้อยไฟฟ้า,Elektrikli Asteroit Hasarı,Sát Thương Asteroid Điện,闪电小行星伤害
SCREEN_SHAKE,Screen Shake,اهتزاز الشاشة,Tremolar Pantalla,Chvění obrazovky,Bildschirmwackeln,Temblor de pantalla,Tremblement d'Écran,רעידת מסך,Goyangan Layar,Scossa dello Schermo,画面の揺れ,화면 흔들림,Trzęsienie Ekranu,Tremor de Tela,Тряска Экрана,การสั่นสะเทือนของหน้าจอ,Ekran Sarsılması,Rung Màn Hình,屏幕震动
DRAG_TREE,Drag Tree,شجرة السحب,Arrossegar,Táhnout strom vylepšení,Baum ziehen,Mover,Faire Glisser l'Arbre,עץ גרירה,Tarik Pohon,Trascina l'Albero,ドラッグツリー,드래그 트리,Przeciąganie drzewka,Movimentar o Grid,Дерево Перетаскивания,ลากต้นไม้,Ağaç Çek,Kéo Cây,拖拽
SPECIAL_ASTEROID_ELECTRIC_DAMAGE,Electric Asteroid Damage,أضرار الكويكبات الكهربائية,Dany d'Asteroide Elèctric,Poškození elektrickými asteroidy,Elektrischer Asteroidenschaden,Daño de los Asteroides Eléctricos,Dégâts d'Astéroïde Électrique,נזק חשמלי לאסטרואיד,Damage Asteroid Listrik,Danno da Asteroide Elettrico,電気小惑星のダメージ,전기 소행성 피해,Obrażenia Elektryczne Asteroidy,Dano do Asteroide Elétrico,Урон от Электро-Астероидов,ความเสียหายจากดาวเคราะห์น้อยไฟฟ้า,Elektrikli Asteroit Hasarı,Sát Thương Asteroid Điện,闪电小行星伤害
RUN_TIMER_AMOUNT_ON_PLANET_DESTROYED,Time Added when Planet is Destroyed,الوقت المضاف عند تدمير الكوكب,Temps Afegit quan l'Asteroide és un Planeta,"Přidán čas, když je asteroid planetou","Zeit hinzugefügt, wenn der Asteroid ein Planet ist",Tiempo añadido cuando un Asteroide es Planeta,Temps Ajouté lorsque un Astéroïde est une Planète,זמן נוסף כאשר כוכב הלכת נהרס,Waktu Tambahan saat Asteroid adalah Planet,Tempo Aggiunto quando l'Asteroide è Pianeta,小惑星が惑星になるときに追加される時間,소행성이 행성이 될 때 추가되는 시간,"Czas Dodany, gdy Asteroida jest Planetą",Tempo Adicionado quando o Planeta for Destruído,"Дополнительное Время, когда Астероид — это Планета",เวลาเพิ่มเมื่อดาวเคราะห์น้อยคือดาวเคราะห์,Asteroit Gezegenise Dönüştüğünde Eklenen Zaman,Thời Gian Thêm Khi Asteroid Là Hành Tinh,#N/A
ZEN_MODE_DESCRIPTION,"No Timer 
 No Upgrades 
 Just Break 10000 Asteroids","بدون مؤقت 
 بدون ترقيات 
 فقط حطم 10000 كويكب","Sense temporitzador 
 Sense millores 
 Només cal trencar 10.000 asteroides","Žádný časovač 
 Žádné vylepšení 
 Pouze rozbijte 10 000 asteroidů","Kein Zeitlimit 
 Keine Upgrades 
 Zerstöre einfach 10000 Asteroiden","Sin temporizador. 
 Sin mejoras. 
 10000 asteroides que romper.","Pas de chronomètre 
 Pas d'améliorations 
 Il suffit de détruire 10 000 astéroïdes","אין טיימר 
 אין שדרוגים 
 פשוט שברו 10,000 אסטרואידים","Tanpa Timer 
 Tanpa Upgrade 
 Cukup Hancurkan 10000 Asteroid","Nessun timer 
 Nessun potenziamento 
 Basta distruggere 10000 asteroidi","タイマーなし 
 アップグレードなし 
 小惑星を10000個破壊するだけ","타이머 없음
 업그레이드 없음
 소행성 10000개 파괴하기","Brak timera 
 Brak ulepszeń 
 Po prostu zniszcz 10 000 asteroid",Sem cronômetro | Sem melhorias | É só destruir 10.000 asteroides,"Без Таймера 
 ​​Без Улучшений 
 Просто Разбейте 10000 Астероидов","ไม่มีตัวจับเวลา 
 ไม่มีการอัปเกรด 
 แค่ทำลายดาวเคราะห์น้อย 10,000 ดวง","Zamanlayıcı Yok 
 Yükseltme Yok 
 Sadece 10000 Asteroit Kırın","Không có bộ đếm thời gian 
 Không có nâng cấp 
 Chỉ cần phá hủy 10000 tiểu hành tinh","没有时限
不用升级
只需击碎10000颗小行星"
SETTINGS,Settings,إعدادات,Configuracions,Nastavení,Einstellungen,Configuración,Paramètres,הגדרות,Pengaturan,Impostazioni,設定,설정,Opcje,Configurações,Настройки,การตั้งค่า,Ayarlar,Cài Đặt,设置
PAN_TREE,Pan Tree,بان تري,Panoràmica,Pohyb stromem vylepšení,Baum schwenken,Ajustar,Panorama d'Arbre,עץ הפאן,Seret Pohon,Panoramica dell'Albero,パンツリー,패닝 트리,Przesuń Drzewko,Ajustar o Grid,Перетаскивание дерева,แพนต้นไม้,Ağaç Pan,Pan Cây,移动
GAME_OVER_THANK_YOU,Thanks for playing our game!,شكراً للعبكم لعبتنا!,Gràcies per jugar al nostre joc!,"Děkujeme, že hrajete naši hru!","Danke, dass du unser Spiel gespielt hast!",¡Gracias por jugar a nuestro juego!,Merci de jouer à notre jeu !,תודה ששיחקתם במשחק שלנו!,Terima kasih telah memainkan permainan kami!,Grazie per aver giocato al nostro gioco!,ゲームをプレイしていただきありがとうございます！,게임을 플레이해 주셔서 감사합니다!,Dziękujemy za zagranie w naszą grę!,Obrigado por jogar nosso jogo!,Спасибо за игру!,ขอบคุณที่เล่นเกมของเรา!,Oyunumuza oynadığınız için teşekkürler!,Cảm ơn bạn đã chơi trò chơi của chúng tôi!,感谢您玩我们的游戏！
ASTEROIDS_TO_SPAWN,Number of Asteroids,عدد الكويكبات,Nombre d'Asteroides,Počet asteroidů,Anzahl der Asteroiden,Número de Asteroides,Nombre d'Astéroïdes,מספר האסטרואידים,Jumlah Asteroid,Numero di Asteroidi,小惑星の数,소행성 수,Liczba Asteroidów,Número de Asteroides,Количество Астероидов,จำนวนดาวเคราะห์น้อย,Asteroit Sayısı,Số Lượng Asteroid,小行星数量
LASER_MODE,Freaking Laser Beams,أشعة ليزر لعينة,Maleïts raigs làser,Zatracené laserové paprsky,Verrückte Laserstrahlen,¡Rayos láser!,Faisceaux laser incroyables,קרני לייזר מטורפות,Sinar Laser Sialan,Dannati raggi laser,恐ろしいレーザービーム,"젠장, 레이저 빔",Pierdzielone promienie laserowe,Malditos Raios Laser,Чертовы Лазерные Лучи,ลำแสงเลเซอร์สุดโหด,Lanet olası Lazer Işınları,Tia laser chết tiệt,激光束
TOTAL_MONEY_THIS_MILESTONE,Total Money Earned this Milestone,إجمالي الأموال المكتسبة في هذه المرحلة,Total de Dinero Guanyat aquesta Fita,Celkové získané peníze za tento milník,Gesamt-Geld verdient in diesem Meilenstein,Dinero obtenido este Hito,Argent Total Gagné de cette Étape,סך כל הכסף שהרווחת באבן דרך זו,Total Uang Diperoleh tonggak ini,Denaro Totale Guadagnato in questo Milestone,このマイルストーンで得た総額,이번 이정표에서 얻은 총 돈,Łączna Liczba Zarobionych Pieniędzy w tym Kamieniu Milowym,Total de Dinheiro Ganho neste Marco,Всего Заработанных Денег за это Достижение,จำนวนเงินทั้งหมดที่ได้รับในเหตุการณ์สำคัญนี้,Bu Eşiği geçilen Toplam Kazanılan Para,Tổng Tiền Kiếm Được Mốc này,此里程碑总共获得的余额
CHALLENGE_MODE,The Challenge Grid,شبكة التحدي,La graella de reptes,Režim výzvy,Herausforderungsmodus,Modo Desafío,Mode Défi,רשת האתגרים,Kisi Tantangan,La griglia della sfida,チャレンジグリッド,챌린지 그리드,Tryb Wyzwania,Modo Desafio,Режим Испытания,ตารางความท้าทาย,Meydan Okuma Izgarası,Lưới Thử thách,网格挑战
MONEY_TEXT,Floating Money Text,نص الأموال العائمة,Text de Dinero flotant,Plovoucí text s penězi,Schwebender Geldtext,Texto flotante: Dinero,Texte d'Argent Flottant,טקסט כסף צף,Teks Uang Mengambang,Testo di Denaro Fluttuante,浮遊するお金のテキスト,떠다니는 돈 텍스트,Pływający Tekst Pieniędzy,Texto Flutuante de Dinheiro,Плавающий Текст Денег,ข้อความเงินลอย,Yüzen Para Metni,Văn Bản Tiền Nổi,浮动金钱文本
PLAY_EPILOGUE,Play Epilogue,تشغيل الخاتمة,JUGAR EPILOG,HRÁT EPILOG,EPILOG SPIELEN,JUGAR EPÍLOGO,JOUER L'ÉPILOGUE,הפעל את האפילוג,MAINKAN EPILOG,GIOCA EPILOGO,エピローグをプレイ,에필로그 플레이,WŁĄCZ EPILOG,JOGAR EPÍLOGO,Играть в Эпилог,เล่นตำนาน,EPİLOGU OYNA,CHƠI EPILOGUE,开始无尽
BONUS_MONEY_SCALE,Bonus Money,مكافأة مالية,Dinero Extra,Bonusové peníze,Bonusgeld,Dinero adicional,Argent Bonus,כסף בונוס,Bonus Uang,Denaro Bonus,ボーナスお金,보너스 돈,Bonusowe Pieniądze,Dinheiro Bônus,Бонус к Доходу от Золотого Астероида,เงินโบนัส,Bonus Para,Tiền Thưởng,额外获取余额
PLAY_NEW_MODES,Play A New Game Mode,جرب نمط لعب جديد,Juga a un nou mode de joc,Zahrajte si nový herní režim,Spiele einen neuen Spielmodus,Juega un nuevo modo de juego,Jouez à un nouveau mode de jeu,שחק במצב משחק חדש,Mainkan Mode Permainan Baru,Gioca a una nuova modalità di gioco,新しいゲームモードをプレイ,새로운 게임 모드를 플레이하세요,Zagraj w nowy tryb gry,Jogue um novo modo de jogo,Попробуйте Новый Игровой Режим,เล่นโหมดเกมใหม่,Yeni Bir Oyun Modu Oynayın,Chơi chế độ chơi mới,体验全新游戏模式
NEXT,Next,التالي,Següent,Další,Nächste,Siguiente,Suivant,הַבָּא,Berikutnya,Prossimo,次,다음,Następny,Próximo,Следующий,ต่อไป,Sonraki,Kế tiếp,下一个
UI_CHOOSE_BATTLE_LEVEL,Choose Battle Level,اختر مستوى المعركة,Trieu el nivell de batalla,Vyberte úroveň bitvy,Wählen Sie Kampflevel,Elige el nivel de batalla,Choisissez le niveau de bataille,בחר רמת קרב,Pilih Tingkat Pertempuran,Scegli il livello di battaglia,戦闘レベルを選択してください,전투 레벨 선택,Wybierz poziom bitwy,Escolha o nível de batalha,Выберите уровень боя,เลือกระดับการต่อสู้,Savaş Seviyesini Seçin,Chọn cấp độ chiến đấu,选择战斗等级
UI_LEVEL_FORMAT,Level %d,المستوى %d,Nivell %d,Úroveň %d,Ebene %d,Nivel %d,Niveau %d,רמה %d,Tingkat %d,Livello %d,レベル%d,레벨 %d,Poziom %d,Nível %d,Уровень %d,ระดับ %d,Seviye %d,Cấp độ %d,级别 %d
UI_SELECT_BATTLE_LEVEL_RANGE,Select a battle level from 1 to %d.,حدد مستوى المعركة من 1 إلى %d.,Seleccioneu un nivell de batalla de l'1 al %d.,Vyberte úroveň bitvy od 1 do %d.,Wählen Sie ein Kampflevel von 1 bis %d.,Selecciona un nivel de batalla del 1 al %d.,Sélectionnez un niveau de combat de 1 à %d.,בחר רמת קרב מ-1 עד %d.,Pilih level pertempuran dari 1 hingga %d.,Seleziona un livello di battaglia da 1 a %d.,戦闘レベルを 1 から %d まで選択します。,1부터 %d까지 전투 레벨을 선택하세요.,Wybierz poziom bitwy od 1 do %d.,Selecione um nível de batalha de 1 a %d.,Выберите уровень боя от 1 до %d.,เลือกระดับการต่อสู้ตั้งแต่ 1 ถึง %d,1 ile %d arasında bir savaş seviyesi seçin.,Chọn cấp độ chiến đấu từ 1 đến %d.,选择从 1 到 %d 的战斗等级。
UI_CANCEL,Cancel,يلغي,Cancel·la,Zrušit,Stornieren,Cancelar,Annuler,לְבַטֵל,Membatalkan,Cancellare,キャンセル,취소,Anulować,Cancelar,Отмена,ยกเลิก,İptal etmek,Hủy bỏ,取消
UI_CONFIRM,Confirm,يتأكد,Confirmeu,Potvrdit,Bestätigen,Confirmar,Confirmer,לְאַשֵׁר,Mengonfirmasi,Confermare,確認する,확인하다,Potwierdzać,Confirmar,Подтверждать,ยืนยัน,Onaylamak,Xác nhận,确认
UI_YES,Yes,نعم,Sí,Ano,Ja,Sí,Oui,כֵּן,Ya,SÌ,はい,예,Tak,Sim,Да,ใช่,Evet,Đúng,是的
UI_NO,No,لا,No,Žádný,NEIN,No,Non,לֹא,TIDAK,NO,いいえ,아니요,NIE,Não,Нет,เลขที่,HAYIR,KHÔNG,不
UI_CONTINUE,Continue,يكمل,Continua,Pokračovat,Weitermachen,Continuar,Continuer,לְהַמשִׁיך,Melanjutkan,Continuare,続く,계속하다,Kontynuować,Continuar,Продолжать,ดำเนินการต่อ,Devam etmek,Tiếp tục,继续
UI_SETTINGS,Settings,إعدادات,Configuració,Nastavení,Einstellungen,Ajustes,Paramètres,הגדרות,Pengaturan,Impostazioni,設定,설정,Ustawienia,Configurações,Настройки,การตั้งค่า,Ayarlar,Cài đặt,设置
UI_SETTINGS_TITLE,SETTINGS,إعدادات,CONFIGURACIÓ,NASTAVENÍ,EINSTELLUNGEN,AJUSTES,PARAMÈTRES,הגדרות,PENGATURAN,IMPOSTAZIONI,設定,설정,USTAWIENIA,CONFIGURAÇÕES,НАСТРОЙКИ,การตั้งค่า,AYARLAR,CÀI ĐẶT,设置
UI_BACK,BACK,خلف,TORNAR,ZADNÍ,ZURÜCK,ATRÁS,DOS,בְּחֲזָרָה,KEMBALI,INDIETRO,戻る,뒤쪽에,Z POWROTEM,VOLTAR,НАЗАД,กลับ,GERİ,MẶT SAU,后退
UI_OK,OK,نعم,D'acord,OK,OK,DE ACUERDO,D'ACCORD,בְּסֵדֶר,OKE,OK,わかりました,좋아요,OK,OK,ХОРОШО,ตกลง,TAMAM,ĐƯỢC RỒI,好的
UI_UNMUTE_AUDIO,Unmute all audio,قم بإلغاء كتم صوت كل الصوت,Activa el so de tot l'àudio,Zapnout veškerý zvuk,Heben Sie die Stummschaltung aller Audiodaten auf,Activar todo el audio,Réactiver tout le son,בטל השתקת כל האודיו,Suarakan semua audio,Riattiva tutto l'audio,すべてのオーディオのミュートを解除する,모든 오디오 음소거 해제,Wyłącz wyciszenie całego dźwięku,Ativar todo o áudio,Включить все звуки,เปิดเสียงทั้งหมด,Tüm seslerin sesini aç,Tắt tiếng tất cả âm thanh,取消所有音频静音
UI_MUTE_AUDIO,Mute all audio,كتم كل الصوت,Silencia tot l'àudio,Ztlumit veškerý zvuk,Schalten Sie den gesamten Ton stumm,Silenciar todo el audio,Couper tout le son,השתק את כל האודיו,Bisukan semua audio,Disattiva tutto l'audio,すべての音声をミュートする,모든 오디오 음소거,Wycisz cały dźwięk,Silenciar todo o áudio,Отключить весь звук,ปิดเสียงทั้งหมด,Tüm sesleri kapat,Tắt tiếng tất cả âm thanh,将所有音频静音
UI_EXIT_FULLSCREEN,Exit fullscreen,الخروج من وضع ملء الشاشة,Sortir de pantalla completa,Ukončete celou obrazovku,Beenden Sie den Vollbildmodus,Salir de pantalla completa,Quitter le plein écran,צא ממסך מלא,Keluar dari layar penuh,Esci dallo schermo intero,全画面表示を終了する,전체 화면 종료,Wyjdź z pełnego ekranu,Sair da tela cheia,Выйти из полноэкранного режима,ออกจากโหมดเต็มหน้าจอ,Tam ekrandan çık,Thoát toàn màn hình,退出全屏
UI_ENTER_FULLSCREEN,Enter fullscreen,أدخل ملء الشاشة,Entra a pantalla completa,Vstupte na celou obrazovku,Geben Sie den Vollbildmodus ein,Entrar en pantalla completa,Entrez en plein écran,היכנס למסך מלא,Masuk ke layar penuh,Entra a schermo intero,全画面表示に入る,전체 화면으로 전환,Wejdź na pełny ekran,Entrar em tela cheia,Войти в полноэкранный режим,เข้าสู่โหมดเต็มหน้าจอ,Tam ekrana girin,Nhập toàn màn hình,进入全屏
UI_CONFIRM_UPGRADE_PURCHASE_ON,Confirm Upgrade Purchase: ON,تأكيد شراء الترقية: تشغيل,Confirmeu la compra d'actualització: ON,Potvrdit nákup upgradu: ZAPNUTO,Upgrade-Kauf bestätigen: EIN,Confirmar compra de actualización: ACTIVADO,Confirmer l'achat de la mise à niveau : ON,אשר רכישת שדרוג: פועל,Konfirmasi Pembelian Peningkatan: AKTIF,Conferma acquisto aggiornamento: ON,アップグレード購入の確認: ON,업그레이드 구매 확인: ON,Potwierdź zakup aktualizacji: WŁ,Confirmar compra de atualização: ATIVADO,Подтвердите покупку обновления: ВКЛ.,ยืนยันการซื้อการอัพเกรด: เปิด,Yükseltme Satın Alma İşlemini Onaylayın: AÇIK,Xác nhận mua nâng cấp: BẬT,确认升级购买：开
UI_CONFIRM_UPGRADE_PURCHASE_OFF,Confirm Upgrade Purchase: OFF,تأكيد شراء الترقية: إيقاف,Confirmeu la compra d'actualització: OFF,Potvrdit nákup upgradu: VYPNUTO,Upgrade-Kauf bestätigen: AUS,Confirmar compra de actualización: DESACTIVADO,Confirmer l'achat de la mise à niveau : OFF,אשר רכישת שדרוג: כבוי,Konfirmasi Pembelian Peningkatan: OFF,Conferma acquisto aggiornamento: DISATTIVATO,アップグレード購入の確認: オフ,업그레이드 구매 확인: 꺼짐,Potwierdź zakup aktualizacji: WYŁ,Confirmar compra de upgrade: DESLIGADO,Подтвердить покупку обновления: ВЫКЛ.,ยืนยันการซื้อการอัพเกรด: ปิด,Yükseltme Satın Alma İşlemini Onaylayın: KAPALI,Xác nhận mua nâng cấp: TẮT,确认升级购买：关闭
UI_VALUE_PAIR_PLACEHOLDER,0 / 0,0 / 0,0/0,0 / 0,0 / 0,0 / 0,0 / 0,0 / 0,0/0,0/0,0 / 0,0 / 0,0 / 0,0/0,0 / 0,0/0,0 / 0,0 / 0,0 / 0
UPGRADE_DEMO_MODE,DEMO MODE,الوضع التجريبي,MODE DEMO,DEMO REŽIM,DEMO-MODUS,MODO DEMOSTRACIÓN,MODE DÉMO,מצב הדגמה,MODE DEMO,MODALITÀ DEMO,デモモード,데모 모드,TRYB DEMO,MODO DEMO,ДЕМО РЕЖИМ,โหมดสาธิต,DEMO MODU,CHẾ ĐỘ DEMO,演示模式
UPGRADE_ICONS_COMING_SOON,*Icons are coming soon(TM),*الأيقونات ستتوفر قريبًا (TM),*Les icones arribaran aviat(TM),*Ikony již brzy (TM),*Symbole kommen bald(TM),*Los íconos estarán disponibles pronto(TM),*Les icônes arrivent bientôt (TM),*הסמלים מגיעים בקרוב(TM),*Ikon akan segera hadir(TM),*Le icone saranno presto disponibili(TM),※アイコンは近日公開予定(TM),*아이콘이 곧 출시됩니다(TM),*Ikony będą dostępne wkrótce(TM),*Os ícones estarão disponíveis em breve(TM),*Иконки скоро появятся(TM),*ไอคอนจะมาเร็ว ๆ นี้(TM),*Simgeler yakında geliyor(TM),*Các biểu tượng sắp ra mắt(TM),*图标即将推出(TM)
UPGRADE_PAN_TREE,PAN TREE,شجرة عموم,ARBRE DE PAN,PAN STROM,PAN-BAUM,PAN ÁRBOL,PANIER,עץ פאן,POHON PAN,ALBERO DEL PAN,パンツリー,팬트리,DRZEWO PANOWE,ÁRVORE PANELA,ПАН ДЕРЕВО,แพนทรี,TAVA AĞACI,CÂY PAN,泛树
UPGRADE_DRAG_TREE,DRAG TREE,شجرة السحب,ARRESTRE ARBRES,TAŽENÝ STROM,DRAG BAUM,ARRASTRAR ARBOL,ARBRE DE TRAÎNE,עץ גרירה,MENARIK POHON,TRASCINARE L'ALBERO,ドラッグツリー,드래그 트리,PRZECIĄGNIJ DRZEWO,ARRASTAR ÁRVORE,Перетащите дерево,ลากต้นไม้,AĞACI SÜRÜKLEYİN,CÂY KÉO,拖树
UPGRADE_NAVIGATE,NAVIGATE,التنقل,NAVEGAR,NAVIGOVAT,NAVIGIEREN,NAVEGAR POR,NAVIGUER,ניווט,NAVIGASI,NAVIGARE,ナビゲート,탐색,NAWIGOWAĆ,NAVEGAR,НАВИГАЦИЯ,นำทาง,GEZİN,ĐIỀU HƯỚNG,导航
UPGRADE_BUY_UPGRADE,BUY UPGRADE,شراء الترقية,COMPRA ACTUALITZACIÓ,KOUPIT UPGRADE,UPGRADE KAUFEN,COMPRAR ACTUALIZACIÓN,ACHETER UNE MISE À NIVEAU,קנה שדרוג,BELI PENINGKATAN,ACQUISTA AGGIORNAMENTO,アップグレードを購入,업그레이드 구매,KUP AKTUALIZACJĘ,COMPRAR ATUALIZAÇÃO,КУПИТЬ ОБНОВЛЕНИЕ,ซื้อการอัพเกรด,YÜKSELTME SATIN ALIN,MUA NÂNG CẤP,购买升级
UPGRADE_WISHLIST,WISHLIST,قائمة الرغبات,LLISTA DE DESITJOS,SEZNAM PŘÁNÍ,WUNSCHLISTE,LISTA DE DESEOS,LISTE DE SOUHAITS,רשימת משאלות,DAFTAR KEINGINAN,LISTA DEI DESIDERI,ウィッシュリスト,위시리스트,LISTA ŻYCZEŃ,LISTA DE DESEJOS,СПИСОК ЖЕЛАНИЙ,สิ่งที่ปรารถนา,İSTEK LİSTESİ,DANH SÁCH MUỐN,愿望清单
UPGRADE_GO_AGAIN_DISABLED_HINT,You must unlock an upgrade before starting.,يجب عليك فتح الترقية قبل البدء.,Heu de desbloquejar una actualització abans de començar.,Před zahájením musíte aktualizaci odemknout.,"Sie müssen ein Upgrade freischalten, bevor Sie beginnen.",Debes desbloquear una actualización antes de comenzar.,Vous devez débloquer une mise à niveau avant de commencer.,עליך לבטל את הנעילה של שדרוג לפני שתתחיל.,Anda harus membuka kunci pemutakhiran sebelum memulai.,È necessario sbloccare un aggiornamento prima di iniziare.,開始する前にアップグレードのロックを解除する必要があります。,시작하기 전에 업그레이드를 잠금 해제해야 합니다.,Przed rozpoczęciem musisz odblokować ulepszenie.,Você deve desbloquear uma atualização antes de começar.,"Прежде чем начать, вы должны разблокировать обновление.",คุณต้องปลดล็อคการอัพเกรดก่อนที่จะเริ่ม,Başlamadan önce bir yükseltmenin kilidini açmanız gerekir.,Bạn phải mở khóa nâng cấp trước khi bắt đầu.,您必须在开始之前解锁升级。
UPGRADE_EDITOR_RESET_ADD,Reset Add,إعادة تعيين إضافة,Restableix Afegeix,Resetovat Přidat,Hinzufügen zurücksetzen,Restablecer Agregar,Réinitialiser Ajouter,אפס הוסף,Atur Ulang Tambah,Reimposta Aggiungi,リセット追加,재설정 추가,Zresetuj Dodaj,Redefinir adição,Сбросить Добавить,รีเซ็ต เพิ่ม,Sıfırla Ekle,Đặt lại Thêm,重置 添加
UPGRADE_EDITOR_UNLOCK_ALL,Unlock All (Editor),فتح الكل (محرر),Desbloqueja-ho tot (Editor),Odemknout vše (editor),Alle freischalten (Herausgeber),Desbloquear todo (Editor),Tout débloquer (éditeur),בטל את נעילת הכל (עורך),Buka Kunci Semua (Editor),Sblocca tutto (editor),すべてのロックを解除 (編集者),모두 잠금해제(편집기),Odblokuj wszystko (edytor),Desbloquear tudo (Editor),Разблокировать все (редактор),ปลดล็อคทั้งหมด (บรรณาธิการ),Tümünün Kilidini Aç (Düzenleyici),Mở khóa tất cả (Biên tập viên),全部解锁（编辑）
UPGRADE_EDITOR_ADD_CASH,Add $%d (Editor),إضافة $%d (محرر),Afegeix $%d (Editor),Přidat $%d (editor),$%d hinzufügen (Herausgeber),Agregar $%d (Editor),Ajouter $%d (Éditeur),הוסף $%d (עורך),Tambahkan $%d (Editor),Aggiungi $%d (editore),$%d を追加 (編集者),$%d 추가(편집자),Dodaj $%d (redaktor),Adicionar $%d (Editor),Добавить $%d (редактор),เพิ่ม $%d (บรรณาธิการ),$%d ekle (Düzenleyici),Thêm $%d (Người chỉnh sửa),添加 $%d （编辑）
UPGRADE_RESET_PROGRESS,Reset Progress,إعادة تعيين التقدم,Restableix el progrés,Resetovat průběh,Fortschritt zurücksetzen,Restablecer progreso,Réinitialiser la progression,אפס התקדמות,Atur Ulang Kemajuan,Reimposta avanzamento,進行状況をリセットする,진행 상황 재설정,Zresetuj postęp,Redefinir progresso,Сбросить прогресс,รีเซ็ตความคืบหน้า,İlerlemeyi Sıfırla,Đặt lại tiến độ,重置进度
UPGRADE_CONFIRM_RESET_TITLE,Confirm Reset,تأكيد إعادة التعيين,Confirmeu el restabliment,Potvrďte Reset,Bestätigen Sie das Zurücksetzen,Confirmar reinicio,Confirmer la réinitialisation,אשר את האיפוס,Konfirmasi Reset,Conferma reimpostazione,リセットの確認,재설정 확인,Potwierdź reset,Confirmar redefinição,Подтвердить сброс,ยืนยันการรีเซ็ต,Sıfırlamayı Onayla,Xác nhận đặt lại,确认重置
UPGRADE_CONFIRM_RESET_BODY,"You will reset your time, currency, and upgrades. Would you like to continue?",ستقوم بإعادة ضبط الوقت والعملة والترقيات. هل ترغب في الاستمرار؟,"Reiniciareu l'hora, la moneda i les actualitzacions. T'agradaria continuar?","Vynulujete svůj čas, měnu a upgrady. Chcete pokračovat?","Sie werden Ihre Zeit, Währung und Upgrades zurücksetzen. Möchten Sie fortfahren?","Restablecerás tu tiempo, moneda y actualizaciones. ¿Quieres continuar?","Vous réinitialiserez votre heure, votre devise et vos mises à niveau. Souhaitez-vous continuer ?","אתה תאפס את הזמן, המטבע והשדרוגים שלך. האם תרצה להמשיך?","Anda akan mengatur ulang waktu, mata uang, dan peningkatan Anda. Apakah Anda ingin melanjutkan?","Ripristinerai tempo, valuta e aggiornamenti. Desideri continuare?",時間、通貨、アップグレードをリセットします。続けますか?,"시간, 통화, 업그레이드가 재설정됩니다. 계속하시겠습니까?","Zresetujesz swój czas, walutę i ulepszenia. Czy chcesz kontynuować?","Você redefinirá seu tempo, moeda e atualizações. Você gostaria de continuar?","Вы сбросите свое время, валюту и обновления. Хотите продолжить?",คุณจะรีเซ็ตเวลา สกุลเงิน และการอัพเกรดของคุณ คุณต้องการดำเนินการต่อหรือไม่?,"Zamanınızı, para biriminizi ve yükseltmelerinizi sıfırlayacaksınız. Devam etmek ister misiniz?","Bạn sẽ đặt lại thời gian, tiền tệ và nâng cấp của mình. Bạn có muốn tiếp tục không?",您将重置您的时间、货币和升级。您想继续吗？
UPGRADE_PROGRESS_RESET_REQUIRED,Progress Reset Required,مطلوب إعادة تعيين التقدم,Cal restabliment del progrés,Je vyžadován reset průběhu,Fortschrittsrücksetzung erforderlich,Se requiere reinicio de progreso,Réinitialisation de la progression requise,נדרש איפוס התקדמות,Diperlukan Penyetelan Ulang Kemajuan,È necessario reimpostare l'avanzamento,進行状況のリセットが必要です,진행 재설정 필요,Wymagany reset postępu,Redefinição de progresso necessária,Требуется сброс прогресса,ต้องรีเซ็ตความคืบหน้า,İlerleme Sıfırlaması Gerekli,Yêu cầu đặt lại tiến độ,需要重置进度
UPGRADE_LEGACY_RESET_BODY,"Thank you for playing the previous version. We apologize, but we have to reset your progress because the upgrades have changed so drastically. We will make every effort to avoid doing this again.",شكرا للعب الإصدار السابق. نعتذر، ولكن يتعين علينا إعادة ضبط تقدمك لأن الترقيات قد تغيرت بشكل كبير. وسوف نبذل قصارى جهدنا لتجنب القيام بذلك مرة أخرى.,"Gràcies per jugar la versió anterior. Demanem disculpes, però hem de restablir el vostre progrés perquè les actualitzacions han canviat dràsticament. Farem tot el possible per evitar que ho torni a fer.","Děkujeme, že jste si zahráli předchozí verzi. Omlouváme se, ale musíme resetovat váš postup, protože aktualizace se tak drasticky změnily. Uděláme vše pro to, aby se to už neopakovalo.","Vielen Dank, dass Sie die vorherige Version gespielt haben. Es tut uns leid, aber wir müssen Ihren Fortschritt zurücksetzen, da sich die Upgrades so drastisch geändert haben. Wir werden unser Bestes tun, um eine Wiederholung dieser Situation zu vermeiden.","Gracias por jugar la versión anterior. Nos disculpamos, pero tenemos que restablecer su progreso porque las actualizaciones han cambiado drásticamente. Haremos todo lo posible para evitar que esto vuelva a ocurrir.","Merci d'avoir joué à la version précédente. Nous nous excusons, mais nous devons réinitialiser votre progression car les mises à niveau ont radicalement changé. Nous ferons tout notre possible pour éviter que cela ne se reproduise.","תודה ששיחקת בגרסה הקודמת. אנו מתנצלים, אך עלינו לאפס את ההתקדמות שלך מכיוון שהשדרוגים השתנו בצורה כה קיצונית. אנו נעשה כל מאמץ להימנע מלעשות זאת שוב.","Terima kasih telah memainkan versi sebelumnya. Kami mohon maaf, namun kami harus mengatur ulang kemajuan Anda karena peningkatan telah berubah secara drastis. Kami akan melakukan segala upaya untuk menghindari hal ini terjadi lagi.","Grazie per aver giocato alla versione precedente. Ci scusiamo, ma dobbiamo ripristinare i tuoi progressi perché gli aggiornamenti sono cambiati in modo così drastico. Faremo ogni sforzo per evitare che ciò accada di nuovo.",旧バージョンをプレイしていただきありがとうございます。申し訳ありませんが、アップグレードが大幅に変更されたため、進行状況をリセットする必要があります。今後このようなことが二度と起こらないよう全力を尽くしてまいります。,이전 버전을 플레이해 주셔서 감사합니다. 죄송합니다. 업그레이드 내용이 너무 급격하게 변경되었기 때문에 진행 상황을 재설정해야 합니다. 다시는 이런 일이 발생하지 않도록 최선을 다하겠습니다.,"Dziękujemy za zagranie w poprzednią wersję. Przepraszamy, ale musimy zresetować Twoje postępy, ponieważ ulepszenia zmieniły się tak drastycznie. Dołożymy wszelkich starań, aby uniknąć ponownej takiej sytuacji.","Obrigado por jogar a versão anterior. Pedimos desculpas, mas precisamos redefinir seu progresso porque as atualizações mudaram drasticamente. Faremos todos os esforços para evitar que isso aconteça novamente.","Спасибо за игру в предыдущую версию. Приносим свои извинения, но нам придется сбросить ваш прогресс, поскольку обновления изменились очень сильно. Мы приложим все усилия, чтобы этого не повторилось.",ขอบคุณสำหรับการเล่นรุ่นก่อนหน้านี้ เราต้องขออภัย แต่เราต้องรีเซ็ตความคืบหน้าของคุณเนื่องจากการอัปเกรดมีการเปลี่ยนแปลงอย่างมาก เราจะพยายามอย่างเต็มที่เพื่อหลีกเลี่ยงไม่ให้ทำเช่นนี้อีก,"Önceki sürümü oynadığınız için teşekkür ederiz. Özür dileriz, ancak yükseltmeler çok büyük ölçüde değiştiği için ilerlemenizi sıfırlamak zorundayız. Bunu bir daha yapmamak için her türlü çabayı göstereceğiz.",Cảm ơn bạn đã chơi phiên bản trước. Chúng tôi xin lỗi nhưng chúng tôi phải đặt lại tiến trình của bạn vì các bản nâng cấp đã thay đổi quá nhiều. Chúng tôi sẽ cố gắng hết sức để tránh làm điều này một lần nữa.,感谢您玩以前的版本。我们深表歉意，但我们必须重置您的进度，因为升级发生了巨大的变化。我们将尽一切努力避免再次发生这种情况。
UPGRADE_VERSION_LABEL,Version %s,الإصدار %s,Versió %s,Verze %s,Version %s,Versión %s,Version %s,גרסה %s,Versi %s,Versione %s,バージョン %s,버전 %s,Wersja %s,Versão %s,Версия %s,เวอร์ชัน %s,Sürüm %s,Phiên bản %s,版本 %s
UPGRADE_CONTINUE_LOCKED,CONTINUE LOCKED,متابعة مغلق,CONTINUA BLOCAT,POKRAČOVAT UZAMČENO,WEITER GESPERRT,CONTINUAR BLOQUEADO,CONTINUER VERROUILLÉ,המשך נעול,LANJUTKAN TERKUNCI,CONTINUA BLOCCATO,ロックを続ける,계속 잠김,KONTYNUUJ ZABLOKOWANY,CONTINUAR BLOQUEADO,ПРОДОЛЖИТЬ ЗАБЛОКИРОВАНО,ล็อคต่อไป,KİLİTLİ DEVAM ET,TIẾP TỤC KHÓA,继续锁定
BATTLE_LEVEL_PLACEHOLDER,LEVEL 1,المستوى 1,NIVELL 1,ÚROVEŇ 1,STUFE 1,NIVEL 1,NIVEAU 1,רמה 1,TINGKAT 1,LIVELLO 1,レベル1,레벨 1,POZIOM 1,NÍVEL 1,УРОВЕНЬ 1,ระดับ 1,SEVİYE 1,CẤP 1,1级
BATTLE_EXP_PLACEHOLDER,EXP 0 / 32,تجربة 0 / 32,EXP 0/32,EXP 0/32,EXP 0 / 32,EXP 0 / 32,EXP 0 / 32,EXP 0 / 32,EXP 0/32,ESP 0/32,経験値0 / 32,경험치 0 / 32,EXP 0 / 32,EXP 0/32,ОПЫТ 0 / 32,ค่าประสบการณ์ 0 / 32,DENEYİM 0 / 32,EXP 0 / 32,经验 0 / 32
BATTLE_CURRENCY_PLACEHOLDER,Currency: 0,العملة: 0,Moneda: 0,Měna: 0,Währung: 0,Moneda: 0,Devise : 0,מטבע: 0,Mata uang: 0,Valuta: 0,通貨: 0,통화: 0,Waluta: 0,Moeda: 0,Валюта: 0,สกุลเงิน: 0,Para birimi: 0,Tiền tệ: 0,货币：0
BATTLE_CLOCK_PLACEHOLDER,Clock: 00:00:00,الساعة: 00:00:00,Rellotge: 00:00:00,Hodiny: 00:00:00,Uhr: 00:00:00,Reloj: 00:00:00,Horloge : 00:00:00,שעון: 00:00:00,Jam: 00:00:00,Orologio: 00:00:00,時計: 00:00:00,시계: 00:00:00,Zegar: 00:00:00,Relógio: 00:00:00,Часы: 00:00:00,นาฬิกา: 00:00:00 น,Saat: 00:00:00,Đồng hồ: 00:00:00,时钟：00:00:00
BATTLE_SPEED_PLACEHOLDER,Speed x1,السرعة ×1,Velocitat x1,Rychlost x1,Geschwindigkeit x1,Velocidad x1,Vitesse x1,מהירות x1,Kecepatan x1,Velocità x1,スピード×1,속도 x1,Prędkość x1,Velocidade x1,Скорость х1,ความเร็วx1,Hız x1,Tốc độ x1,速度x1
BATTLE_SIM_INFINITY,Sim Infinity,سيم إنفينيتي,Sim Infinity,Sim Infinity,Sim Infinity,Sim infinito,Sim Infini,סים אינפיניטי,Sim Tak Terhingga,Sim Infinito,シムインフィニティ,심 인피니티,Nieskończoność Sima,Sim Infinito,Сим Бесконечность,ซิมอินฟินิตี้,Sim Sonsuzluğu,Sim vô cực,模拟无限
BATTLE_SPAWN_UFO,Spawn UFO,تفرخ الجسم الغريب,Generar OVNI,Spawn UFO,UFO spawnen,Engendrar OVNI,Générer un OVNI,"השרצת עב""ם",Memunculkan UFO,Genera un UFO,スポーンUFO,UFO 생성,Rozwiń UFO,Gerar OVNI,Спавн НЛО,วางไข่ยูเอฟโอ,UFO'yu doğur,sinh sản UFO,产卵不明飞行物
BATTLE_EXIT,EXIT BATTLE,الخروج من المعركة,SORTIDA DE LA BATALLA,EXIT BITVA,KAMPF VERLASSEN,SALIR DE LA BATALLA,QUITTER LA BATAILLE,צא מקרב,KELUAR DARI PERTEMPURAN,USCIRE DALLA BATTAGLIA,戦闘を終了する,전투 종료,WYJDŹ Z BITWY,SAIR DA BATALHA,ВЫХОД ИЗ БОЯ,ออกจากการต่อสู้,SAVAŞTAN ÇIK,THOÁT TRẬN CHIẾN,退出战斗
BATTLE_SUMMARY_TITLE,Summary,ملخص,Resum,Shrnutí,Zusammenfassung,Resumen,Résumé,תַקצִיר,Ringkasan,Riepilogo,まとめ,요약,Streszczenie,Resumo,Краткое содержание,สรุป,Özet,Bản tóm tắt,概括
BATTLE_HINT_NUMBERED_PLACEHOLDER,Hint 1/1,نصيحة 1/1,Pista 1/1,Nápověda 1/1,Hinweis 1/1,Pista 1/1,Indice 1/1,רמז 1/1,Petunjuk 1/1,Suggerimento 1/1,ヒント1/1,힌트 1/1,Podpowiedź 1/1,Dica 1/1,Подсказка 1/1,คำแนะนำ 1/1,İpucu 1/1,Gợi ý 1/1,提示 1/1
BATTLE_HINT_TEXT_PLACEHOLDER,Hint text,نص تلميح,Text de pista,Text nápovědy,Hinweistext,Texto de sugerencia,Texte d'indice,טקסט רמז,Teks petunjuk,Testo di suggerimento,ヒントテキスト,힌트 텍스트,Tekst podpowiedzi,Texto de dica,Текст подсказки,ข้อความคำแนะนำ,İpucu metni,Văn bản gợi ý,提示文字
BATTLE_CHOOSE_NEXT_LEVEL,Choose your next battle level.,اختر مستوى المعركة التالي.,Tria el teu següent nivell de batalla.,Vyberte si svou další bojovou úroveň.,Wählen Sie Ihr nächstes Kampflevel.,Elige tu próximo nivel de batalla.,Choisissez votre prochain niveau de combat.,בחר את רמת הקרב הבאה שלך.,Pilih level pertempuran Anda berikutnya.,Scegli il tuo prossimo livello di battaglia.,次の戦闘レベルを選択してください。,다음 전투 레벨을 선택하세요.,Wybierz następny poziom bitwy.,Escolha seu próximo nível de batalha.,Выберите следующий уровень боя.,เลือกระดับการต่อสู้ครั้งต่อไปของคุณ,Bir sonraki savaş seviyenizi seçin.,Chọn cấp độ chiến đấu tiếp theo của bạn.,选择你的下一个战斗级别。
BATTLE_DEBUG_NEW_HERO_SCALE,New Hero Scale Debug,تصحيح أخطاء مقياس البطل الجديد,Nova depuració d'escala d'herois,Nové ladění Hero Scale,Neues Heldenskalen-Debug,Nueva depuración de escala de héroe,Nouveau débogage de l’échelle des héros,איתור באגים בסולם גיבורים חדש,Debug Skala Pahlawan Baru,Nuovo debug della scala dell'eroe,新しいヒーロースケールのデバッグ,새로운 영웅 규모 디버그,Debugowanie nowej skali bohaterów,Nova depuração de escala de herói,Новая отладка масштаба героя,ดีบักสเกลฮีโร่ใหม่,Yeni Kahraman Ölçeği Hata Ayıklama,Gỡ lỗi quy mô anh hùng mới,新英雄等级调试
BATTLE_DEBUG_NEW_HERO_SCALE_NOTE,Editor only. Affects NEW hero art only.,محرر فقط. يؤثر على فن البطل الجديد فقط.,Només editor. Afecta només l'art del NOU heroi.,Pouze editor. Ovlivňuje pouze NOVÉ umění hrdinů.,Nur Herausgeber. Betrifft nur NEUE Heldenkunst.,Sólo editor. Afecta únicamente al arte del NUEVO héroe.,Editeur uniquement. Affecte uniquement les NOUVELLES illustrations de héros.,עורך בלבד. משפיע על אמנות גיבור חדש בלבד.,Hanya penyunting. Hanya memengaruhi seni pahlawan BARU.,Solo redattore. Influisce solo sulla NUOVA grafica dell'eroe.,編集者のみ。新しいヒーローアートのみに影響します。,편집자 전용. 새로운 영웅 아트에만 영향을 미칩니다.,Tylko redaktor. Wpływa wyłącznie na NOWĄ grafikę bohatera.,Somente editor. Afeta apenas a NOVA arte do herói.,Только редактор. Влияет только на НОВОЕ изображение героя.,บรรณาธิการเท่านั้น ส่งผลต่ออาร์ตฮีโร่ใหม่เท่านั้น,Yalnızca editör. Yalnızca YENİ kahraman sanatını etkiler.,Chỉ biên tập viên. Chỉ ảnh hưởng đến hình ảnh anh hùng MỚI.,仅限编辑。仅影响新英雄艺术。
BATTLE_DEBUG_STEP,Step %.2f,الخطوة %.2f,Pas %.2f,Krok %.2f,Schritt %.2f,Paso %.2f,Étape %.2f,שלב %.2f,Langkah %.2f,Passaggio %.2f,ステップ %.2f,%.2f 단계,Krok %.2f,Etapa %.2f,Шаг %.2f,ขั้นตอนที่ %.2f,Adım %.2f,Bước %.2f,步骤 %.2f
BATTLE_DEBUG_Y_MINUS,Y-,ص-,Y-,Y-,Y-,Y-,O-,Y-,kamu-,Y-,や、,와이-,T-,S-,Д-,ย-,Y-,Y-,Y-
BATTLE_DEBUG_Y_PLUS,Y+,ص+,Y+,Y+,Y+,Y+,O+,Y+,Y+,Sì+,Y+,와이+,Y+,S+,Да+,ย+,Y+,Y+,是+
BATTLE_DEBUG_PRINT_SCALES,Print Scales,طباعة الموازين,Escales d'impressió,Tisková měřítka,Skalen drucken,Escalas de impresión,Imprimer les échelles,הדפס מאזניים,Timbangan Cetak,Stampa scale,プリントスケール,인쇄 저울,Drukuj wagi,Imprimir escalas,Печать весов,เครื่องชั่งพิมพ์,Yazdırma Terazileri,Cân in,打印秤
BATTLE_DEBUG_TOUCH_ZONE_ENEMIES,Touch Zone Enemies: %d,أعداء منطقة اللمس: %d,Enemics de la zona tàctil: %d,Nepřátelé dotykové zóny: %d,Feinde in der Berührungszone: %d,Enemigos de la zona táctil: %d,Ennemis de la zone tactile : %d,אויבי אזור המגע: %d,Musuh Zona Sentuh: %d,Nemici della zona tattile: %d,タッチゾーンの敵: %d,터치존 적: %d,Dotknij wrogów w strefie: %d,Inimigos da Zona de Toque: %d,Враги сенсорной зоны: %d,ศัตรูโซนสัมผัส: %d,Dokunma Bölgesi Düşmanları: %d,Kẻ thù trong vùng chạm: %d,接触区敌人：%d
BATTLE_ART_NEW,Art: NEW,الفن: جديد,Art: NOU,Umění: NOVÉ,Kunst: NEU,Arte: NUEVO,Art : NOUVEAU,אמנות: חדש,Seni: BARU,Arte: NUOVO,アート: 新しい,예술: 신규,Sztuka: NOWOŚĆ,Arte: NOVO,Арт: НОВЫЙ,ศิลปะ: ใหม่,Sanat: YENİ,Nghệ thuật: MỚI,艺术：新
BATTLE_ART_OLD,Art: OLD,الفن: قديم,Art: VELL,Umění: STARÝ,Kunst: ALT,Arte: ANTIGUO,Art: VIEUX,אמנות: ישנה,Seni: TUA,Arte: VECCHIO,アート: 古い,예술: 오래된,Sztuka: STARY,Arte: ANTIGO,Арт: СТАРЫЙ,ศิลปะ: เก่า,Sanat: ESKİ,Nghệ thuật: CŨ,艺术：旧
BATTLE_ART_TOGGLE_TOOLTIP,Switch between the original and new hero sprite sets.,قم بالتبديل بين مجموعات كائنات البطل الأصلية والجديدة.,Canvia entre els conjunts de sprites d'herois originals i nous.,Přepínejte mezi původní a novou sadou skřítků hrdinů.,Wechseln Sie zwischen dem ursprünglichen und dem neuen Helden-Sprite-Set.,Cambia entre los conjuntos de sprites de héroe originales y nuevos.,Basculez entre les ensembles de sprites de héros originaux et nouveaux.,החלף בין סט הספרייט הגיבור המקורי לחדש.,Beralih antara set sprite pahlawan asli dan baru.,Passa dal set di sprite dell'eroe originale a quello nuovo.,元のヒーロー スプライト セットと新しいヒーロー スプライト セットを切り替えます。,원본 영웅 스프라이트 세트와 새 영웅 스프라이트 세트 간에 전환합니다.,Przełączaj się pomiędzy oryginalnym i nowym zestawem ikonek bohaterów.,Alterne entre os conjuntos de sprites de heróis originais e novos.,Переключайтесь между исходным и новым наборами спрайтов героев.,สลับระหว่างชุดสไปรต์ฮีโร่ดั้งเดิมและชุดใหม่,Orijinal ve yeni kahraman sprite setleri arasında geçiş yapın.,Chuyển đổi giữa bộ sprite anh hùng gốc và mới.,在原始英雄精灵集和新英雄精灵集之间切换。
BATTLE_LEVEL_LABEL,LEVEL %d,المستوى %d,NIVELL %d,ÚROVEŇ %d,LEVEL %d,NIVEL %d,NIVEAU %d,רמה %d,TINGKAT %d,LIVELLO %d,レベル %d,레벨 %d,POZIOM %d,NÍVEL %d,УРОВЕНЬ %d,ระดับ %d,SEVİYE %d,CẤP ĐỘ %d,级别 %d
BATTLE_ENEMIES_REMAINING,Enemies Remaining: %d,الأعداء المتبقين: %d,Enemics restants: %d,Zbývající nepřátelé: %d,Verbleibende Feinde: %d,Enemigos restantes: %d,Ennemis restants : %d,אויבים שנותרו: %d,Musuh yang Tersisa: %d,Nemici rimasti: %d,残っている敵: %d,남은 적: %d,Pozostali wrogowie: %d,Inimigos restantes: %d,Осталось врагов: %d,ศัตรูที่เหลืออยู่: %d,Kalan Düşmanlar: %d,Kẻ địch còn lại: %d,剩余敌人：%d
BATTLE_CURRENCY_LABEL,Currency: %d,العملة: %d,Moneda: %d,Měna: %d,Währung: %d,Moneda: %d,Devise : %d,מטבע: %d,Mata uang: %d,Valuta: %d,通貨: %d,통화: %d,Waluta: %d,Moeda: %d,Валюта: %d,สกุลเงิน: %d,Para birimi: %d,Tiền tệ: %d,货币：%d
BATTLE_CLOCK_LABEL,Clock: %s,الساعة: %s,Rellotge: %s,Hodiny: %s,Uhr: %s,Reloj: %s,Horloge : %s,שעון: %s,Jam: %s,Orologio: %s,時計: %s,시계: %s,Zegar: %s,Relógio: %s,Часы: %s,นาฬิกา: %s,Saat: %s,Đồng hồ: %s,时钟：%s
BATTLE_VICTORY,VICTORY,انتصار,VICTORIA,VÍTĚZSTVÍ,SIEG,VICTORIA,VICTOIRE,נִצָחוֹן,KEMENANGAN,VITTORIA,勝利,승리,ZWYCIĘSTWO,VITÓRIA,ПОБЕДА,ชัยชนะ,ZAFER,CHIẾN THẮNG,胜利
BATTLE_DEFEAT,DEFEAT,هزيمة,DERROTA,PORAZIT,VERLUST,FRACASO,DÉFAITE,לִהַבִיס,MENGALAHKAN,SCONFITTA,敗北,패배시키다,POKONAĆ,DERROTA,ПОРАЖЕНИЕ,ความพ่ายแพ้,YENMEK,ĐÁNH BẠI,击败
BATTLE_SUMMARY_BODY,"BATTLE OVER  |  %s

Level: %d
Enemies defeated: %d
Boss segments broken: %d
Coins gained this run: %d
Gold total: %d","انتهت المعركة |  %s

المستوى: %d
هزم الأعداء: %d
مقاطع الزعيم مكسورة: %d
العملات المكتسبة في هذه الجولة: %d
إجمالي الذهب: %d","ACABAT LA BATALLA |  %s

Nivell: %d
Enemics derrotats: %d
Segments de cap trencats: %d
Les monedes han guanyat aquesta tirada: %d
Or total: %d","BITVA UKONČENA |  %s

Úroveň: %d
Poražení nepřátelé: %d
Boss segmenty poškozené: %d
Coiny získané v tomto cyklu: %d
Celkem zlata: %d","KAMPF ENDE |  %s

Level: %d
Besiegte Feinde: %d
Boss-Segmente defekt: %d
In diesem Lauf gewonnene Münzen: %d
Gold insgesamt: %d","BATALLA TERMINADA |  %s

Nivel: %d
Enemigos derrotados: %d
Segmentos de jefe rotos: %d
Monedas ganadas en esta carrera: %d
Total de oro: %d","BATAILLE TERMINÉE |  %s

Niveau : %d
Ennemis vaincus : %d
Segments de boss cassés : %d
Pièces gagnées lors de cette course : %d
Total d’or : %d","קרב על |  %s

רמה: %d
אויבים מובסים: %d
קטעי בוס שבורים: %d
מטבעות שזכו בריצה זו: %d
סה""כ זהב: %d","PERTEMPURAN BERAKHIR |  %s

Tingkat: %d
Musuh dikalahkan: %d
Segmen bos rusak: %d
Koin yang diperoleh pada putaran ini: %d
Jumlah emas: %d","BATTAGLIA FINITA |  %s

Livello: %d
Nemici sconfitti: %d
Segmenti del boss interrotti: %d
Monete guadagnate in questa corsa: %d
Totale oro: %d","バトルオーバー |  %s

レベル: %d
倒した敵: %d
壊れたボスセグメント: %d
このランで獲得したコイン: %d
ゴールド合計: %d","전투 종료 |  %s

레벨: %d
적 처치: %d
보스 세그먼트 깨짐: %d
이번 런에서 얻은 코인: %d
총 골드: %d","KONIEC BITWY |  %s

Poziom: %d
Pokonani wrogowie: %d
Segmenty szefa uszkodzone: %d
Monety zdobyte w tej rundzie: %d
Suma złota: %d","A BATALHA ACABOU |  %s

Nível: %d
Inimigos derrotados: %d
Segmentos de chefe quebrados: %d
Moedas ganhas nesta corrida: %d
Ouro total: %d","БИТВА ЗАВЕРШЕНА |  %s

Уровень: %d
Враги побеждены: %d
Сегменты босса сломаны: %d
Монеты получили этот пробег: %d
Всего золота: %d","การต่อสู้จบลง |  %s

ระดับ: %d
ศัตรูที่พ่ายแพ้: %d
กลุ่มบอสพัง: %d
เหรียญที่ได้รับในช่วงนี้: %d
ทองทั้งหมด: %d","SAVAŞ BİTTİ |  %s

Seviye: %d
Yenilen düşmanlar: %d
Patron segmentleri bozuk: %d
Bu koşuda kazanılan paralar: %d
Toplam altın: %d","TRẬN CHIẾN KẾT THÚC |  %s

Cấp độ: %d
Kẻ địch bị đánh bại: %d
Phân đoạn Boss bị hỏng: %d
Số xu kiếm được trong lần chạy này: %d
Tổng số vàng: %d","战斗结束 |  %s

级别：%d
击败的敌人：%d
Boss 段损坏：%d
本次比赛获得的金币：%d
黄金总数：%d"
BATTLE_COLLECTING_LOOT,Collecting remaining loot...,جمع الغنائم المتبقية...,S'està recollint el botí restant...,Sbírání zbývající kořisti...,Restliche Beute einsammeln...,Recogiendo el botín restante...,Récupérer le butin restant...,אוספים את השלל שנותר...,Mengumpulkan sisa jarahan...,Raccolta del bottino rimanente...,残りの戦利品を集めています...,남은 전리품을 수집 중입니다...,Zbieranie pozostałych łupów...,Coletando o saque restante...,Собираем оставшуюся добычу...,รวบรวมไอเทมที่เหลือ...,Geriye kalan ganimetler toplanıyor...,Thu thập chiến lợi phẩm còn sót lại...,收集剩余的战利品...
BATTLE_LEVEL20_CLEAR_BODY,"Congratulations on beating level 20!
Level 20 clear time: %s
Thanks for playing.
This game was created by a single developer.
Please leave feedback or email to web@beep2bleep.com if you would like more content.
Creator: Beep2Bleep.","تهانينا على التغلب على المستوى 20!
الوقت الواضح للمستوى 20: %s
شكرا للعب.
تم إنشاء هذه اللعبة بواسطة مطور واحد.
يرجى ترك تعليقات أو إرسال بريد إلكتروني إلى web@beep2bleep.com إذا كنت ترغب في المزيد من المحتوى.
المنشئ: Beep2Bleep.","Felicitats per superar el nivell 20!
Temps clar de nivell 20: %s
Gràcies per jugar.
Aquest joc va ser creat per un sol desenvolupador.
Si us plau, deixeu comentaris o envieu un correu electrònic a web@beep2bleep.com si voleu més contingut.
Creador: Beep2Bleep.","Gratulujeme k překonání úrovně 20!
Doba vymazání úrovně 20: %s
Díky za hraní.
Tuto hru vytvořil jediný vývojář.
Pokud byste chtěli další obsah, zanechte prosím zpětnou vazbu nebo e-mail na adresu web@beep2bleep.com.
Tvůrce: Beep2Bleep.","Herzlichen Glückwunsch zum Erreichen von Level 20!
Clear-Zeit für Level 20: %s
Danke fürs Spielen.
Dieses Spiel wurde von einem einzigen Entwickler erstellt.
Bitte hinterlassen Sie Feedback oder senden Sie eine E-Mail an web@beep2bleep.com, wenn Sie weitere Inhalte wünschen.
Ersteller: Beep2Bleep.","¡Felicitaciones por superar el nivel 20!
Tiempo despejado nivel 20: %s
Gracias por jugar.
Este juego fue creado por un único desarrollador.
Deje sus comentarios o envíe un correo electrónico a web@beep2bleep.com si desea obtener más contenido.
Creador: Beep2Bleep.","Félicitations pour avoir battu le niveau 20 !
Temps d'effacement du niveau 20 : %s
Merci d'avoir joué.
Ce jeu a été créé par un seul développeur.
Veuillez laisser vos commentaires ou envoyer un e-mail à web@beep2bleep.com si vous souhaitez plus de contenu.
Créateur : Beep2Bleep.","ברכות על הניצחון על רמה 20!
זמן נקי רמה 20: %s
תודה ששיחקת.
המשחק הזה נוצר על ידי מפתח יחיד.
אנא השאירו משוב או אימייל לכתובת web@beep2bleep.com אם תרצו תוכן נוסף.
יוצר: Beep2Bleep.","Selamat telah mengalahkan level 20!
Waktu bersih level 20: %s
Terima kasih sudah bermain.
Game ini dibuat oleh satu pengembang.
Silakan tinggalkan umpan balik atau email ke web@beep2bleep.com jika Anda ingin lebih banyak konten.
Pencipta: Bip2Bleep.","Congratulazioni per aver superato il livello 20!
Tempo di completamento livello 20: %s
Grazie per aver giocato.
Questo gioco è stato creato da un singolo sviluppatore.
Si prega di lasciare un feedback o inviare un'e-mail a web@beep2bleep.com se desideri più contenuti.
Creatore: Beep2Bleep.","レベル20突破おめでとうございます！
レベル 20 クリアタイム: %s
遊んでいただきありがとうございます。
このゲームは 1 人の開発者によって作成されました。
さらにコンテンツが必要な場合は、フィードバックを残すか、web@beep2bleep.com に電子メールを送信してください。
作成者: Beep2Bleep。","레벨 20 달성을 축하합니다!
레벨 20 클리어 시간: %s
플레이해주셔서 감사합니다.
이 게임은 단일 개발자가 만들었습니다.
더 많은 콘텐츠를 원하시면 피드백을 남기시거나 web@beep2bleep.com으로 이메일을 보내주세요.
제작자: Beep2Bleep.","Gratulujemy pokonania poziomu 20!
Czas oczyszczenia poziomu 20: %s
Dziękuję za grę.
Ta gra została stworzona przez jednego programistę.
Jeśli chcesz uzyskać więcej treści, zostaw opinię lub wyślij e-mail na adres web@beep2bleep.com.
Twórca: Beep2Bleep.","Parabéns por vencer o nível 20!
Tempo de conclusão do nível 20: %s
Obrigado por jogar.
Este jogo foi criado por um único desenvolvedor.
Deixe comentários ou envie um e-mail para web@beep2bleep.com se desejar mais conteúdo.
Criador: Beep2Bleep.","Поздравляем с прохождением 20 уровня!
Время прохождения 20 уровня: %s
Спасибо за игру.
Эта игра была создана одним разработчиком.
Если вам нужен дополнительный контент, оставьте отзыв или отправьте электронное письмо по адресу web@beep2bleep.com.
Создатель: Beep2Bleep.","ขอแสดงความยินดีที่เอาชนะระดับ 20!
เวลาเคลียร์ระดับ 20: %s
ขอบคุณสำหรับการเล่น
เกมนี้สร้างโดยผู้พัฒนารายเดียว
กรุณาแสดงความคิดเห็นหรือส่งอีเมลไปที่ web@beep2bleep.com หากคุณต้องการเนื้อหาเพิ่มเติม
ผู้สร้าง: Beep2Bleep","20. seviyeyi geçtiğiniz için tebrikler!
Seviye 20 temizleme süresi: %s
Oynadığınız için teşekkürler.
Bu oyun tek bir geliştirici tarafından oluşturuldu.
Daha fazla içerik istiyorsanız lütfen geri bildirim bırakın veya web@beep2bleep.com adresine e-posta gönderin.
Yaratıcı: Beep2Bleep.","Chúc mừng bạn đã vượt qua cấp 20!
Thời gian hoàn thành cấp 20: %s
Cảm ơn vì đã chơi.
Trò chơi này được tạo ra bởi một nhà phát triển duy nhất.
Vui lòng để lại phản hồi hoặc gửi email tới web@beep2bleep.com nếu bạn muốn biết thêm nội dung.
Người tạo: Beep2Bleep.","恭喜您突破 20 级！
20级通关时间：%s
感谢您的参与。
该游戏是由单个开发者创建的。
如果您想了解更多内容，请留下反馈或发送电子邮件至 web@beep2bleep.com。
创建者：Beep2Bleep。"
BATTLE_DEMO_THANK_YOU_BODY,"Thanks for playing the demo!
Time to reach Level %d: %s
This game was created by a single developer.
Please leave feedback or email to web@beep2bleep.com if you would like more content.
Creator: Beep2Bleep.","شكرا للعب التجريبي!
الوقت للوصول إلى المستوى %d: %s
تم إنشاء هذه اللعبة بواسطة مطور واحد.
يرجى ترك تعليقات أو إرسال بريد إلكتروني إلى web@beep2bleep.com إذا كنت ترغب في المزيد من المحتوى.
المنشئ: Beep2Bleep.","Gràcies per jugar a la demostració!
Temps per assolir el nivell %d: %s
Aquest joc va ser creat per un sol desenvolupador.
Si us plau, deixeu comentaris o envieu un correu electrònic a web@beep2bleep.com si voleu més contingut.
Creador: Beep2Bleep.","Děkujeme, že jste si zahráli demo!
Čas k dosažení úrovně %d: %s
Tuto hru vytvořil jediný vývojář.
Pokud byste chtěli další obsah, zanechte prosím zpětnou vazbu nebo e-mail na adresu web@beep2bleep.com.
Tvůrce: Beep2Bleep.","Danke, dass du die Demo gespielt hast!
Zeit, um Level %d zu erreichen: %s
Dieses Spiel wurde von einem einzigen Entwickler erstellt.
Bitte hinterlassen Sie Feedback oder senden Sie eine E-Mail an web@beep2bleep.com, wenn Sie weitere Inhalte wünschen.
Ersteller: Beep2Bleep.","¡Gracias por jugar la demo!
Tiempo para alcanzar el nivel %d: %s
Este juego fue creado por un único desarrollador.
Deje sus comentarios o envíe un correo electrónico a web@beep2bleep.com si desea obtener más contenido.
Creador: Beep2Bleep.","Merci d'avoir joué à la démo !
Temps pour atteindre le niveau %d : %s
Ce jeu a été créé par un seul développeur.
Veuillez laisser vos commentaires ou envoyer un e-mail à web@beep2bleep.com si vous souhaitez plus de contenu.
Créateur : Beep2Bleep.","תודה ששיחקת את ההדגמה!
זמן להגיע לרמה %d: %s
המשחק הזה נוצר על ידי מפתח יחיד.
אנא השאירו משוב או אימייל לכתובת web@beep2bleep.com אם תרצו תוכן נוסף.
יוצר: Beep2Bleep.","Terima kasih telah memainkan demonya!
Saatnya mencapai Level %d: %s
Game ini dibuat oleh satu pengembang.
Silakan tinggalkan umpan balik atau email ke web@beep2bleep.com jika Anda ingin lebih banyak konten.
Pencipta: Bip2Bleep.","Grazie per aver giocato alla demo!
Tempo per raggiungere il livello %d: %s
Questo gioco è stato creato da un singolo sviluppatore.
Si prega di lasciare un feedback o inviare un'e-mail a web@beep2bleep.com se desideri più contenuti.
Creatore: Beep2Bleep.","デモをプレイしていただきありがとうございます!
レベル %d に到達するまでの時間: %s
このゲームは 1 人の開発者によって作成されました。
さらにコンテンツが必要な場合は、フィードバックを残すか、web@beep2bleep.com に電子メールを送信してください。
作成者: Beep2Bleep。","데모를 플레이해 주셔서 감사합니다!
레벨 %d 도달 시간: %s
이 게임은 단일 개발자가 만들었습니다.
더 많은 콘텐츠를 원하시면 피드백을 남기시거나 web@beep2bleep.com으로 이메일을 보내주세요.
제작자: Beep2Bleep.","Dziękujemy za zagranie w wersję demo!
Czas osiągnąć poziom %d: %s
Ta gra została stworzona przez jednego programistę.
Jeśli chcesz uzyskać więcej treści, zostaw opinię lub wyślij e-mail na adres web@beep2bleep.com.
Twórca: Beep2Bleep.","Obrigado por jogar a demonstração!
Hora de atingir o nível %d: %s
Este jogo foi criado por um único desenvolvedor.
Deixe comentários ou envie um e-mail para web@beep2bleep.com se desejar mais conteúdo.
Criador: Beep2Bleep.","Спасибо за игру в демо!
Время достижения уровня %d: %s
Эта игра была создана одним разработчиком.
Если вам нужен дополнительный контент, оставьте отзыв или отправьте электронное письмо по адресу web@beep2bleep.com.
Создатель: Beep2Bleep.","ขอบคุณสำหรับการเล่นการสาธิต!
ถึงเวลาที่จะถึงระดับ %d: %s
เกมนี้สร้างโดยผู้พัฒนารายเดียว
กรุณาแสดงความคิดเห็นหรือส่งอีเมลไปที่ web@beep2bleep.com หากคุณต้องการเนื้อหาเพิ่มเติม
ผู้สร้าง: Beep2Bleep","Demoyu oynadığınız için teşekkürler!
%d Seviyesine ulaşma zamanı: %s
Bu oyun tek bir geliştirici tarafından oluşturuldu.
Daha fazla içerik istiyorsanız lütfen geri bildirim bırakın veya web@beep2bleep.com adresine e-posta gönderin.
Yaratıcı: Beep2Bleep.","Cảm ơn bạn đã chơi bản demo!
Thời gian đạt cấp độ %d: %s
Trò chơi này được tạo ra bởi một nhà phát triển duy nhất.
Vui lòng để lại phản hồi hoặc gửi email tới web@beep2bleep.com nếu bạn muốn biết thêm nội dung.
Người tạo: Beep2Bleep.","感谢您玩演示！
达到等级 %d 的时间：%s
该游戏是由单个开发者创建的。
如果您想了解更多内容，请留下反馈或发送电子邮件至 web@beep2bleep.com。
创建者：Beep2Bleep。"
BATTLE_LEVEL3_CLEAR_TIME,Level 3 clear time: %s,الوقت الواضح للمستوى 3: %s,Temps clar de nivell 3: %s,Doba vymazání úrovně 3: %s,Löschzeit der Stufe 3: %s,Tiempo de limpieza de nivel 3: %s,Temps d'effacement de niveau 3 : %s,זמן נקי רמה 3: %s,Waktu bersih level 3: %s,Tempo di pulizia livello 3: %s,レベル 3 クリアタイム: %s,레벨 3 클리어 시간: %s,Czas oczyszczenia poziomu 3: %s,Tempo de conclusão do nível 3: %s,Время прохождения уровня 3: %s,เวลาที่ชัดเจนระดับ 3: %s,Seviye 3 temizleme süresi: %s,Thời gian hoàn thành cấp 3: %s,3级通关时间：%s
BATTLE_HINT,Hint,تَلمِيح,Pista,Náznak,Hinweis,Pista,Indice,רֶמֶז,Petunjuk,Suggerimento,ヒント,힌트,Wskazówka,Dica,Намекать,คำใบ้,İpucu,Gợi ý,暗示
BATTLE_HINT_NUMBERED,Hint %d/%d,تلميح %d/%d,Pista %d/%d,Nápověda %d/%d,Hinweis %d/%d,Sugerencia %d/%d,Indice %d/%d,רמז %d/%d,Petunjuk %d/%d,Suggerimento %d/%d,ヒント %d/%d,힌트 %d/%d,Podpowiedź %d/%d,Dica %d/%d,Подсказка %d/%d,คำแนะนำ %d/%d,İpucu %d/%d,Gợi ý %d/%d,提示 %d/%d
BATTLE_COMBAT_BREAKDOWN,Combat Breakdown,انهيار القتال,Avaria de combat,Bojové zhroucení,Kampfzusammenbruch,Desglose del combate,Répartition des combats,התמוטטות קרב,Kerusakan Tempur,Ripartizione del combattimento,戦闘の内訳,전투 분석,Załamanie walki,Análise do combate,Боевой распад,การต่อสู้พังทลาย,Savaş Dağılımı,Sự cố chiến đấu,战斗分解
BATTLE_SOURCE,Source,مصدر,Font,Zdroj,Quelle,Fuente,Source,מָקוֹר,Sumber,Fonte,ソース,원천,Źródło,Fonte,Источник,แหล่งที่มา,Kaynak,Nguồn,来源
BATTLE_DAMAGE,Damage,ضرر,Danys,Poškození,Schaden,Daño,Dommage,נֵזֶק,Kerusakan,Danno,ダメージ,손상,Szkoda,Dano,Повреждать,ความเสียหาย,Zarar,Hư hại,损害
BATTLE_HEALED,Healed,شفيت,Curat,Vyléčeno,Geheilt,sanado,Guéri,נרפא,Sembuh,Guarito,癒されました,치유됨,Uzdrowiony,Curado,Исцеленный,หายเป็นปกติ,İyileşti,được chữa lành,痊愈了
BATTLE_PREVENTED,Prevented,منع,Prevenit,Zabráněno,Verhindert,Prevenido,Empêché,נמנע,Dicegah,Prevenuto,防止された,방지됨,Zapobiegnięto,Prevenido,Предотвращено,ป้องกันแล้ว,Önlendi,ngăn chặn,预防
BATTLE_LEVEL_UNLOCKED_DIALOG_BODY,"You unlocked new battle levels by defeating bosses.
Choose your next level.","لقد فتحت مستويات معركة جديدة بهزيمة الزعماء.
اختر مستواك التالي.","Has desbloquejat nous nivells de batalla derrotant caps.
Tria el teu següent nivell.","Nové bitevní úrovně jste odemykali porážkou bossů.
Vyberte si další úroveň.","Durch das Besiegen von Bossen hast du neue Kampflevel freigeschaltet.
Wählen Sie Ihr nächstes Level.","Desbloqueaste nuevos niveles de batalla al derrotar a los jefes.
Elige tu siguiente nivel.","Vous avez débloqué de nouveaux niveaux de combat en battant des boss.
Choisissez votre prochain niveau.","פתחת רמות קרב חדשות על ידי הבסת בוסים.
בחר את הרמה הבאה שלך.","Anda membuka level pertempuran baru dengan mengalahkan bos.
Pilih level Anda berikutnya.","Hai sbloccato nuovi livelli di battaglia sconfiggendo i boss.
Scegli il tuo livello successivo.","ボスを倒して新しい戦闘レベルのロックを解除しました。
次のレベルを選択してください。","보스를 물리치고 새로운 전투 레벨을 잠금 해제했습니다.
다음 레벨을 선택하세요.","Odblokowałeś nowe poziomy bitwy, pokonując bossów.
Wybierz następny poziom.","Você desbloqueou novos níveis de batalha ao derrotar chefes.
Escolha seu próximo nível.","Вы открывали новые боевые уровни, побеждая боссов.
Выберите свой следующий уровень.","คุณปลดล็อคระดับการต่อสู้ใหม่โดยการเอาชนะบอส
เลือกระดับถัดไปของคุณ","Patronları yenerek yeni savaş seviyelerinin kilidini açtınız.
Bir sonraki seviyenizi seçin.","Bạn đã mở khóa các cấp độ chiến đấu mới bằng cách đánh bại trùm.
Chọn cấp độ tiếp theo của bạn.","您通过击败头目解锁了新的战斗级别。
选择你的下一个级别。"
BATTLE_SPEED_LABEL,Speed x%d,السرعة x%d,Velocitat x%d,Rychlost x%d,Geschwindigkeit x%d,Velocidad x%d,Vitesse x%d,מהירות x%d,Kecepatan x%d,Velocità x%d,速度 x%d,속도 x%d,Prędkość x%d,Velocidade x%d,Скорость x%d,ความเร็ว x%d,Hız x%d,Tốc độ x%d,速度 x%d
BATTLE_HINT_DEFAULT_01,Knight Vampirism restores health from all attacks. Using it is critical.,Knight Vampirism يستعيد الصحة من جميع الهجمات. استخدامه أمر بالغ الأهمية.,Knight Vampirism restaura la salut de tots els atacs. El seu ús és fonamental.,Knight Vampirism obnovuje zdraví ze všech útoků. Jeho použití je kritické.,Rittervampirismus stellt die Gesundheit aller Angriffe wieder her. Die Verwendung ist von entscheidender Bedeutung.,Knight Vampirism restaura la salud de todos los ataques. Usarlo es fundamental.,Knight Vampirism restaure la santé de toutes les attaques. Son utilisation est essentielle.,נייט ערפד מחזיר את הבריאות מכל ההתקפות. השימוש בו הוא קריטי.,Knight Vampirism memulihkan kesehatan dari semua serangan. Menggunakannya sangat penting.,Knight Vampirism ripristina la salute da tutti gli attacchi. Usarlo è fondamentale.,Knight Vampirism はあらゆる攻撃から健康を回復します。それを使用することが重要です。,Knight Vampirism은 모든 공격으로부터 체력을 회복합니다. 그것을 사용하는 것이 중요합니다.,Rycerz Wampiryzm przywraca zdrowie po wszystkich atakach. Korzystanie z niego ma kluczowe znaczenie.,Knight Vampirism restaura a saúde de todos os ataques. Usá-lo é fundamental.,Рыцарь Вампиризма восстанавливает здоровье от всех атак. Его использование имеет решающее значение.,Knight Vampirism ฟื้นฟูสุขภาพจากการโจมตีทั้งหมด การใช้มันเป็นสิ่งสำคัญ,Şövalye Vampirizmi tüm saldırılardan sağlığı geri kazandırır. Bunu kullanmak kritiktir.,Hiệp sĩ ma cà rồng phục hồi sức khỏe từ tất cả các cuộc tấn công. Sử dụng nó là rất quan trọng.,吸血鬼骑士可以从所有攻击中恢复生命值。使用它至关重要。
BATTLE_HINT_DEFAULT_02,"Guardian Fortify reduces damage taken and removes the armor cap, allowing you to stop all damage.",يقلل Guardian Fortify من الأضرار التي لحقت به ويزيل غطاء الدرع، مما يسمح لك بإيقاف كل الأضرار.,"Guardian Fortify redueix el dany rebut i elimina la tapa de l'armadura, la qual cosa us permet aturar tots els danys.","Guardian Fortify snižuje utrpěné poškození a odstraňuje brnění, což vám umožňuje zastavit všechna poškození.","„Guardian Fortify“ reduziert den erlittenen Schaden und entfernt die Rüstungsobergrenze, sodass Sie jeglichen Schaden stoppen können.","Guardian Fortify reduce el daño recibido y elimina la capa de armadura, lo que te permite detener todo el daño.","Guardian Fortify réduit les dégâts subis et supprime le capuchon d'armure, vous permettant d'arrêter tous les dégâts.","Guardian Fortify מפחית את הנזק שנגרם ומסיר את מכסה השריון, ומאפשר לך לעצור את כל הנזק.","Guardian Fortify mengurangi kerusakan yang diterima dan menghilangkan tutup pelindung, memungkinkan Anda menghentikan semua kerusakan.","Guardian Fortify riduce i danni subiti e rimuove il limite dell'armatura, permettendoti di fermare tutti i danni.",Guardian Fortify は受けるダメージを軽減し、アーマー キャップを取り除き、すべてのダメージを防ぐことができます。,Guardian Fortify는 받는 피해를 줄이고 갑옷 캡을 제거하여 모든 피해를 막을 수 있습니다.,"Guardian Fortify zmniejsza otrzymywane obrażenia i usuwa osłonę pancerza, pozwalając ci zatrzymać wszystkie obrażenia.","Guardian Fortify reduz o dano recebido e remove a tampa da armadura, permitindo que você interrompa todos os danos.","Guardian Fortify уменьшает получаемый урон и снимает предел брони, позволяя вам остановить весь урон.",Guardian Fortify ช่วยลดความเสียหายที่ได้รับและถอดฝาครอบเกราะออก ทำให้คุณหยุดความเสียหายทั้งหมดได้,"Guardian Fortify, alınan hasarı azaltır ve zırh kapağını kaldırarak tüm hasarı durdurmanıza olanak tanır.","Guardian Fortify giảm sát thương nhận vào và loại bỏ mũ giáp, cho phép bạn ngăn chặn mọi sát thương.",Guardian Fortify 可减少受到的伤害并移除护甲上限，让您能够阻止所有伤害。
BATTLE_HINT_DEFAULT_03,Archer Pierce hits all enemies in its path and can be very powerful when many are on screen.,يضرب آرتشر بيرس جميع الأعداء في طريقه ويمكن أن يكون قويًا للغاية عندما يظهر الكثير منهم على الشاشة.,Archer Pierce colpeja tots els enemics al seu pas i pot ser molt poderós quan hi ha molts a la pantalla.,"Archer Pierce zasáhne všechny nepřátele v cestě a může být velmi silný, když je jich na obrazovce mnoho.","Archer Pierce trifft alle Feinde auf seinem Weg und kann sehr mächtig sein, wenn viele auf dem Bildschirm sind.",Archer Pierce golpea a todos los enemigos a su paso y puede ser muy poderoso cuando hay muchos en pantalla.,Archer Pierce frappe tous les ennemis sur son passage et peut être très puissant lorsqu'il y en a plusieurs à l'écran.,ארצ'ר פירס פוגע בכל האויבים בדרכו ויכול להיות חזק מאוד כאשר רבים נמצאים על המסך.,Archer Pierce mengenai semua musuh yang dilewatinya dan bisa menjadi sangat kuat ketika banyak musuh yang ada di layar.,Archer Pierce colpisce tutti i nemici sul suo cammino e può essere molto potente quando molti sono sullo schermo.,Archer Pierce は進路上のすべての敵を攻撃し、画面上に多数の敵がいる場合は非常に強力です。,Archer Pierce는 경로에 있는 모든 적을 공격하며 화면에 많은 적들이 있을 때 매우 강력할 수 있습니다.,"Archer Pierce uderza wszystkich wrogów na swojej drodze i może być bardzo potężny, gdy na ekranie jest ich wielu.",Archer Pierce atinge todos os inimigos em seu caminho e pode ser muito poderoso quando muitos estão na tela.,"Арчер Пирс поражает всех врагов на своем пути и может быть очень мощным, когда их много на экране.",Archer Pierce โจมตีศัตรูทุกตัวที่ขวางหน้าและมีพลังมากเมื่อมีหลายคนอยู่บนหน้าจอ,"Archer Pierce, yoluna çıkan tüm düşmanlara vurur ve ekranda çok sayıda düşman varken çok güçlü olabilir.",Archer Pierce tấn công tất cả kẻ thù trên đường đi của nó và có thể rất mạnh khi có nhiều kẻ địch xuất hiện trên màn hình.,弓箭手皮尔斯会击中路径上的所有敌人，当屏幕上有很多敌人时，它会非常强大。
BATTLE_HINT_DEFAULT_04,Mage Storm hits all enemies on screen and weakens future enemies farther into the fight.,تضرب Mage Storm جميع الأعداء على الشاشة وتضعف أعداء المستقبل في القتال.,Mage Storm colpeja tots els enemics a la pantalla i debilita els futurs enemics més enllà de la lluita.,Mage Storm zasáhne všechny nepřátele na obrazovce a oslabí budoucí nepřátele dále do boje.,Mage Storm trifft alle Feinde auf dem Bildschirm und schwächt zukünftige Feinde im weiteren Verlauf des Kampfes.,Mage Storm golpea a todos los enemigos en la pantalla y debilita a los futuros enemigos más adelante en la lucha.,Mage Storm frappe tous les ennemis à l'écran et affaiblit les futurs ennemis plus loin dans le combat.,Mage Storm פוגע בכל האויבים על המסך ומחליש אויבים עתידיים רחוק יותר לתוך הקרב.,Mage Storm mengenai semua musuh di layar dan melemahkan musuh di masa depan dalam pertarungan.,Mage Storm colpisce tutti i nemici sullo schermo e indebolisce i futuri nemici più avanti nel combattimento.,メイジ ストームは画面上のすべての敵を攻撃し、戦闘が進むにつれて将来の敵を弱体化させます。,Mage Storm은 화면의 모든 적을 공격하고 전투에 더 멀리 있는 적들을 약화시킵니다.,Magiczna Burza uderza we wszystkich wrogów na ekranie i osłabia przyszłych wrogów w dalszej części walki.,Mage Storm atinge todos os inimigos na tela e enfraquece os inimigos futuros na luta.,Mage Storm поражает всех врагов на экране и ослабляет будущих врагов в дальнейшем.,Mage Storm โจมตีศัตรูทั้งหมดบนหน้าจอ และทำให้ศัตรูในอนาคตอ่อนแอลงในการต่อสู้,Mage Storm ekrandaki tüm düşmanlara saldırır ve gelecekteki düşmanları dövüşün ilerleyen safhalarında zayıflatır.,Mage Storm tấn công tất cả kẻ thù trên màn hình và làm suy yếu kẻ thù trong tương lai khi bước vào trận chiến.,法师风暴会击中屏幕上的所有敌人，并削弱未来敌人的战斗力。
BATTLE_HINT_DEFAULT_05,Timing Fortify and Vampirism correctly can be critical for beating the boss.,يمكن أن يكون توقيت التحصين ومصاصي الدماء بشكل صحيح أمرًا بالغ الأهمية للتغلب على الزعيم.,El moment correcte de Fortify i Vampirism pot ser fonamental per vèncer el cap.,Správné načasování Fortify a Vampirism může být rozhodující pro poražení bosse.,"Das richtige Timing von „Verstärkung“ und „Vampirismus“ kann entscheidend sein, um den Boss zu besiegen.",Sincronizar correctamente Fortify y Vampirism puede ser fundamental para vencer al jefe.,Synchroniser correctement Fortify et Vampirism peut être essentiel pour battre le boss.,תזמון חיזוק וערפד בצורה נכונה יכול להיות קריטי כדי להכות את הבוס.,Pengaturan waktu Fortify dan Vampirism yang tepat sangat penting untuk mengalahkan bos.,Il tempismo corretto di Fortificazione e Vampirismo può essere fondamentale per sconfiggere il boss.,ボスを倒すには、Fortify と Vampirism のタイミングを正しく行うことが重要です。,보스를 물리치려면 Fortify와 Vampirism의 타이밍을 올바르게 맞추는 것이 중요할 수 있습니다.,Właściwe wyczucie czasu na wzmocnienie i wampiryzm może mieć kluczowe znaczenie w pokonaniu bossa.,Cronometrar Fortify e Vampirismo corretamente pode ser crítico para derrotar o chefe.,Правильное время Укрепления и Вампиризма может иметь решающее значение для победы над боссом.,การกำหนดเวลา Fortify และ Vampirism อย่างถูกต้องอาจมีความสำคัญอย่างยิ่งในการเอาชนะบอส,"Güçlendirmeyi ve Vampirizmi doğru bir şekilde zamanlamak, patronu yenmek için kritik öneme sahip olabilir.",Việc canh thời gian Fortify và Vampirism một cách chính xác có thể rất quan trọng để đánh bại trùm.,正确把握强化和吸血鬼的时机对于击败 Boss 至关重要。
BATTLE_HINT_DEFAULT_06,Armor can only reduce damage taken by 90% unless Guardian Fortify is active.,يمكن للدرع أن يقلل الضرر الذي يتعرض له بنسبة 90% فقط ما لم يتم تنشيط Guardian Fortify.,L'armadura només pot reduir el dany rebut en un 90% tret que Guardian Fortify estigui actiu.,"Armor může snížit utržené poškození pouze o 90 %, pokud není aktivní Guardian Fortify.","Rüstung kann den erlittenen Schaden nur um 90 % reduzieren, es sei denn, Guardian Fortify ist aktiv.",La armadura solo puede reducir el daño recibido en un 90 % a menos que Guardian Fortify esté activo.,L'armure ne peut réduire les dégâts subis que de 90 % à moins que Guardian Fortify ne soit actif.,שריון יכול רק להפחית את הנזק שנגרם ב-90% אלא אם Guardian Fortify פעיל.,Armor hanya dapat mengurangi damage yang diterima sebesar 90% kecuali Guardian Fortify aktif.,L'armatura può ridurre i danni subiti solo del 90% a meno che Guardian Fortify non sia attivo.,Guardian Fortify がアクティブでない限り、アーマーは受けるダメージを 90% しか減らすことができません。,Guardian Fortify가 활성화되어 있지 않으면 방어구는 받는 피해를 90%까지만 줄일 수 있습니다.,"Pancerz może zmniejszyć otrzymywane obrażenia tylko o 90%, jeśli nie jest aktywne Guardian Fortify.","A armadura só pode reduzir o dano recebido em 90%, a menos que Guardian Fortify esteja ativo.","Броня может уменьшить получаемый урон только на 90%, если не активирована функция Guardian Fortify.",เกราะสามารถลดความเสียหายที่ได้รับได้เพียง 90% เว้นแต่ Guardian Fortify จะทำงานอยู่,"Zırh, Guardian Fortify aktif olmadığı sürece alınan hasarı yalnızca %90 azaltabilir.",Áo giáp chỉ có thể giảm 90% sát thương nhận vào trừ khi Guardian Fortify được kích hoạt.,除非守护者强化激活，否则护甲只能减少 90% 受到的伤害。
BATTLE_HINT_DEFAULT_07,"Wishlist Vanguard - Idle Auto Battler, and thank you for playing.",قائمة الأمنيات Vanguard - Idle Auto Battler، شكرًا لك على اللعب.,Llista de desitjos Vanguard - Idle Auto Battler i gràcies per jugar.,Wishlist Vanguard - Idle Auto Battler a děkujeme za hraní.,"Wunschliste Vanguard - Idle Auto Battler, und vielen Dank fürs Spielen.","Lista de deseos Vanguard - Idle Auto Battler, y gracias por jugar.","Liste de souhaits Vanguard - Idle Auto Battler, et merci d'avoir joué.","ברשימת המשאלות Vanguard - Idle Auto Battler, ותודה ששיחקת.","Daftar Keinginan Vanguard - Idle Auto Battler, dan terima kasih telah bermain.",Lista dei desideri Vanguard - Idle Auto Battler e grazie per aver giocato.,ウィッシュリスト ヴァンガード - アイドルオートバトラー、プレイしていただきありがとうございます。,Vanguard - Idle Auto Battler를 위시리스트에 추가해 주셔서 감사합니다.,Lista życzeń Vanguard – Idle Auto Battler i dziękuję za grę.,Lista de desejos Vanguard - Idle Auto Battler e obrigado por jogar.,"Список желаний Vanguard - Idle Auto Battler, и спасибо за игру.",Wishlist Vanguard - Idle Auto Battler และขอขอบคุณสำหรับการเล่น,İstek Listesi Vanguard - Idle Auto Battler ve oynadığınız için teşekkür ederiz.,Danh sách yêu thích Vanguard - Idle Auto Battler và cảm ơn bạn đã chơi.,愿望清单先锋 - 放置自动战斗，感谢您的参与。
BATTLE_HINT_DEFAULT_08,You can bank energy on heroes by partially filling their activation.,يمكنك توفير الطاقة للأبطال عن طريق ملء التنشيط الخاص بهم جزئيًا.,Podeu destinar energia als herois omplint parcialment la seva activació.,"Energii můžete na hrdiny vložit tak, že částečně vyplníte jejich aktivaci.","Du kannst Helden Energie zuführen, indem du ihre Aktivierung teilweise ausfüllst.",Puedes acumular energía en los héroes completando parcialmente su activación.,Vous pouvez mettre de l'énergie sur les héros en remplissant partiellement leur activation.,אתה יכול לבזבז אנרגיה על גיבורים על ידי מילוי חלקי של ההפעלה שלהם.,Anda dapat menyimpan energi pada pahlawan dengan mengisi sebagian aktivasi mereka.,Puoi accumulare energia sugli eroi riempiendo parzialmente la loro attivazione.,ヒーローのアクティベーションを部分的に満たすことで、ヒーローにエネルギーを蓄えることができます。,영웅의 활성화를 부분적으로 채워 영웅에게 에너지를 축적할 수 있습니다.,"Możesz gromadzić energię na bohaterach, częściowo wypełniając ich aktywację.",Você pode acumular energia nos heróis preenchendo parcialmente sua ativação.,"Вы можете накопить энергию на героях, частично восполнив их активацию.",คุณสามารถสะสมพลังงานให้กับฮีโร่ได้โดยการเติมการเปิดใช้งานบางส่วน,Aktivasyonlarını kısmen doldurarak kahramanlara enerji depolayabilirsiniz.,Bạn có thể tích trữ năng lượng cho các anh hùng bằng cách kích hoạt một phần năng lượng của họ.,您可以通过部分激活英雄来为他们储存能量。
BATTLE_HINT_RECRUIT_ARCHER,Recruit the Archer for steady ranged damage. It helps smooth out early and mid-run fights.,قم بتجنيد رامي السهام لإحداث ضرر ثابت المدى. فهو يساعد على تهدئة المعارك المبكرة والمتوسطة.,Recluta l'Arquer per a un dany a distància constant. Ajuda a suavitzar les baralles primerenques i mitjanes.,Naverbujte Archera pro stabilní poškození na dálku. Pomáhá vyhlazovat rané a střední bitvy.,"Rekrutiere den Bogenschützen für gleichmäßigen Fernkampfschaden. Es hilft, Kämpfe zu Beginn und in der Mitte des Laufs zu glätten.",Recluta al arquero para que inflija daño a distancia constante. Ayuda a suavizar las peleas al principio y a mitad de carrera.,Recrutez l'Archer pour infliger des dégâts à distance constants. Cela aide à aplanir les combats en début et à mi-parcours.,גייס את הארצ'ר עבור נזק קבוע לטווחים. זה עוזר להחליק קרבות מוקדמים ובאמצע ריצה.,Rekrut Pemanah untuk kerusakan jarak jauh yang stabil. Ini membantu memuluskan pertarungan awal dan pertengahan.,Recluta l'Arciere per danni a distanza costanti. Aiuta a appianare i litigi a inizio e metà corsa.,安定した遠距離ダメージを得るためにアーチャーを採用しましょう。初期および中期の戦闘をスムーズにするのに役立ちます。,꾸준한 원거리 피해를 위해 궁수를 모집하세요. 초반 및 중간 전투를 원활하게 진행하는 데 도움이 됩니다.,"Zwerbuj Łucznika, który zadaje stałe obrażenia dystansowe. Pomaga wygładzić walki na początku i w połowie rundy.",Recrute o Arqueiro para causar dano constante à distância. Ajuda a suavizar as lutas iniciais e intermediárias.,Наймите лучника для постоянного урона на расстоянии. Это помогает сгладить ранние и средние драки.,รับสมัคร Archer เพื่อรับความเสียหายจากระยะคงที่ ช่วยให้การต่อสู้ในช่วงแรกและระยะกลางราบรื่นขึ้น,Sabit menzilli hasar için Okçuyu işe alın. Erken ve orta koşudaki kavgaların yumuşatılmasına yardımcı olur.,Tuyển dụng Cung thủ để có lực sát thương tầm xa ổn định. Nó giúp giải quyết các trận chiến ở giai đoạn đầu và giữa trận.,招募弓箭手以获得稳定的远程伤害。它有助于平滑早期和中期的战斗。
BATTLE_HINT_RECRUIT_GUARDIAN,Recruit the Guardian if your frontline is collapsing. Extra durability buys the rest of the team more time.,قم بتجنيد The Guardian إذا كان خط المواجهة الخاص بك ينهار. المتانة الإضافية تمنح بقية الفريق مزيدًا من الوقت.,Recluta el guardià si la teva primera línia s'està col·lapsant. La durabilitat addicional li permet guanyar més temps a la resta de l'equip.,"Naverbujte Guardiana, pokud se vaše frontová linie hroutí. Extra trvanlivost kupuje zbytku týmu více času.","Rekrutieren Sie den Wächter, wenn Ihre Frontlinie zusammenbricht. Durch die zusätzliche Haltbarkeit verschafft sich der Rest des Teams mehr Zeit.",Recluta al Guardián si tu primera línea está colapsando. La durabilidad adicional le da más tiempo al resto del equipo.,Recrutez le Gardien si votre ligne de front s'effondre. Une durabilité supplémentaire permet au reste de l’équipe de gagner plus de temps.,גייס את השומר אם הקו הקדמי שלך קורס. עמידות נוספת קונה לשאר הצוות יותר זמן.,Rekrut Penjaga jika garis depan Anda runtuh. Daya tahan ekstra memberi anggota tim lebih banyak waktu.,Recluta il Guardiano se la tua prima linea sta crollando. Una maggiore durabilità fa guadagnare più tempo al resto della squadra.,前線が崩壊している場合は、ガーディアンを雇いましょう。追加の耐久性により、チームの残りのメンバーがより多くの時間を獲得できます。,최전선이 무너지고 있다면 Guardian을 고용하세요. 내구성이 향상되면 나머지 팀원이 더 많은 시간을 벌 수 있습니다.,"Zrekrutuj Strażnika, jeśli Twoja linia frontu się załamuje. Dodatkowa wytrzymałość zapewnia reszcie zespołu więcej czasu.",Recrute o Guardião se sua linha de frente estiver em colapso. Durabilidade extra dá mais tempo ao resto da equipe.,"Наймите Стража, если ваша линия фронта рушится. Дополнительная долговечность дает остальной команде больше времени.",รับสมัครผู้พิทักษ์หากแนวหน้าของคุณพังทลายลง ความทนทานเป็นพิเศษซื้อเวลาที่เหลือในทีมได้มากขึ้น,"Ön cepheniz çöküyorsa Muhafızı işe alın. Ekstra dayanıklılık, ekibin geri kalanına daha fazla zaman kazandırır.",Tuyển dụng Người bảo vệ nếu tiền tuyến của bạn đang sụp đổ. Độ bền cao hơn giúp những người còn lại trong đội có thêm thời gian.,如果你的前线崩溃了，就招募守护者。额外的耐用性可以为团队其他成员赢得更多时间。
BATTLE_HINT_RECRUIT_MAGE,Recruit the Mage when you need burst damage to break harder waves and boss segments faster.,قم بتجنيد الساحر عندما تحتاج إلى ضرر متفجر لكسر الموجات الأصعب وقطاعات الزعيم بشكل أسرع.,Recluta el Mag quan necessitis dany per esclat per trencar onades més dures i segments de cap més ràpidament.,"Naverbujte mága, když potřebujete nárazové poškození, abyste rychleji prolomili tvrdší vlny a segmenty bossů.","Rekrutieren Sie den Magier, wenn Sie Spitzenschaden benötigen, um härtere Wellen und Bosssegmente schneller zu durchbrechen.",Recluta al mago cuando necesites daño explosivo para romper oleadas más fuertes y segmentos de jefes más rápido.,Recrutez le Mage lorsque vous avez besoin de dégâts en rafale pour briser plus rapidement des vagues plus dures et des segments de boss.,גייס את הקוסם כאשר אתה צריך נזק מתפרץ כדי לשבור גלים קשים יותר וקטעי בוס מהר יותר.,Rekrut Mage ketika Anda membutuhkan burst damage untuk memecahkan gelombang yang lebih keras dan segmen bos dengan lebih cepat.,Recluta il Mago quando hai bisogno di danni esplosivi per spezzare ondate più forti e segmenti di boss più velocemente.,より強力なウェーブやボスセグメントをより早く破壊するためにバーストダメージが必要な場合は、メイジを採用してください。,더 강한 파도와 보스 세그먼트를 더 빨리 부수기 위해 폭발적인 피해가 필요할 때 마법사를 모집하세요.,"Rekrutuj Maga, gdy potrzebujesz obrażeń wybuchowych, aby szybciej przełamać twardsze fale i segmenty bossów.",Recrute o Mago quando precisar de dano explosivo para quebrar ondas mais fortes e segmentos de chefes mais rapidamente.,"Нанимайте Мага, когда вам нужен взрывной урон, чтобы быстрее преодолевать более сильные волны и сегменты боссов.",รับสมัคร Mage เมื่อคุณต้องการระเบิดความเสียหายเพื่อทำลายคลื่นที่แรงกว่าและกลุ่มบอสได้เร็วขึ้น,Daha sert dalgaları ve patron bölümlerini daha hızlı kırmak için ani hasara ihtiyaç duyduğunuzda Büyücüyü işe alın.,Tuyển dụng Pháp sư khi bạn cần sát thương dồn dập để phá vỡ các đợt khó hơn và phân đoạn trùm nhanh hơn.,当您需要爆发伤害以更快地打破更难的波浪和 Boss 部分时，请招募法师。
BATTLE_HINT_CURSOR_PICKUP,"Cursor Pickup lets you grab coins faster during combat and earn more coins, which speeds up your post-battle upgrade purchases.",يتيح لك Cursor Pickup الحصول على العملات المعدنية بشكل أسرع أثناء القتال وكسب المزيد من العملات المعدنية، مما يؤدي إلى تسريع عمليات شراء الترقية بعد المعركة.,"Cursor Pickup us permet agafar monedes més ràpidament durant el combat i guanyar més monedes, la qual cosa accelera les vostres compres d'actualització després de la batalla.","Vyzvednutí kurzoru vám umožní získat mince rychleji během boje a získat více mincí, což urychlí vaše nákupy vylepšení po bitvě.","Mit „Cursor Pickup“ können Sie während des Kampfes schneller Münzen holen und mehr Münzen verdienen, was Ihre Upgrade-Käufe nach dem Kampf beschleunigt.","Cursor Pickup te permite agarrar monedas más rápido durante el combate y ganar más monedas, lo que acelera tus compras de mejoras posteriores a la batalla.","Cursor Pickup vous permet de récupérer des pièces plus rapidement pendant le combat et de gagner plus de pièces, ce qui accélère vos achats de mises à niveau après la bataille.","איסוף הסמן מאפשר לך לתפוס מטבעות מהר יותר במהלך קרב ולהרוויח יותר מטבעות, מה שמאיץ את רכישות השדרוג שלך לאחר הקרב.","Penjemputan Kursor memungkinkan Anda mengambil koin lebih cepat selama pertempuran dan mendapatkan lebih banyak koin, sehingga mempercepat pembelian peningkatan pasca-pertempuran.","La raccolta del cursore ti consente di raccogliere monete più velocemente durante il combattimento e di guadagnare più monete, velocizzando gli acquisti di potenziamenti post-battaglia.",カーソルピックアップを使用すると、戦闘中により速くコインを掴み、より多くのコインを獲得できるため、戦闘後のアップグレードの購入が早くなります。,커서 픽업을 사용하면 전투 중에 코인을 더 빨리 획득하고 더 많은 코인을 얻을 수 있어 전투 후 업그레이드 구매 속도가 빨라집니다.,"Podnoszenie kursora pozwala szybciej zbierać monety podczas walki i zarabiać więcej monet, co przyspiesza zakupy ulepszeń po bitwie.","O Cursor Pickup permite que você pegue moedas mais rapidamente durante o combate e ganhe mais moedas, o que acelera suas compras de atualizações pós-batalha.","Подбор курсора позволяет вам быстрее собирать монеты во время боя и зарабатывать больше монет, что ускоряет покупку улучшений после боя.",Cursor Pickup ช่วยให้คุณคว้าเหรียญได้เร็วขึ้นในระหว่างการต่อสู้และรับเหรียญมากขึ้น ซึ่งจะช่วยเร่งความเร็วในการซื้อการอัพเกรดหลังการต่อสู้ของคุณ,"İmleç Alma, savaş sırasında paraları daha hızlı almanızı ve daha fazla para kazanmanızı sağlar, bu da savaş sonrası yükseltme satın alımlarınızı hızlandırır.","Nhặt con trỏ cho phép bạn lấy xu nhanh hơn trong khi chiến đấu và kiếm được nhiều xu hơn, giúp tăng tốc độ mua nâng cấp sau trận chiến của bạn.",光标拾取可让您在战斗中更快地获取金币并赚取更多金币，从而加快您的战后升级购买速度。
BATTLE_HINT_DEFEAT,"If this fight ended in defeat, spend your next coins before retrying. Small upgrade bumps compound quickly.",إذا انتهت هذه المعركة بالهزيمة، فقم بإنفاق عملاتك المعدنية التالية قبل إعادة المحاولة. تتراكم مطبات الترقية الصغيرة بسرعة.,"Si aquesta lluita va acabar amb una derrota, gasta les teves monedes següents abans de tornar-ho a provar. La petita millora fa uns cops ràpids.","Pokud tento boj skončil porážkou, utraťte další mince, než to zkusíte znovu. Malé upgradové hrboly se rychle spojí.","Wenn dieser Kampf mit einer Niederlage endete, geben Sie Ihre nächsten Münzen aus, bevor Sie es erneut versuchen. Kleine Upgrade-Unebenheiten verschlimmern sich schnell.","Si esta pelea terminó en derrota, gasta tus próximas monedas antes de volver a intentarlo. Los pequeños problemas de actualización se agravan rápidamente.","Si ce combat s'est soldé par une défaite, dépensez vos prochaines pièces avant de réessayer. Les petites bosses de mise à niveau s’aggravent rapidement.","אם הקרב הזה הסתיים בתבוסה, השקיעו את המטבעות הבאים לפני שתנסו שוב. מתחם בליטות שדרוג קטנות במהירות.","Jika pertarungan ini berakhir dengan kekalahan, belanjakan koin Anda berikutnya sebelum mencoba lagi. Peningkatan kecil akan bertambah dengan cepat.","Se questo combattimento si è concluso con una sconfitta, spendi le monete successive prima di riprovare. Piccoli problemi di aggiornamento si risolvono rapidamente.",この戦いが敗北に終わった場合は、再試行する前に次のコインを消費してください。小さなアップグレードの影響はすぐに大きくなります。,이 싸움이 패배로 끝났다면 재시도하기 전에 다음 코인을 사용하세요. 작은 업그레이드 범프가 빠르게 복합됩니다.,"Jeśli ta walka zakończyła się porażką, wydaj kolejne monety przed ponowną próbą. Małe ulepszenia szybko podbijają związek.","Se esta luta terminar em derrota, gaste suas próximas moedas antes de tentar novamente. Pequenos problemas de atualização aumentam rapidamente.","Если этот бой закончился поражением, потратьте следующие монеты, прежде чем повторить попытку. Небольшие улучшения быстро усугубляются.",หากการต่อสู้ครั้งนี้จบลงด้วยความพ่ายแพ้ ให้ใช้เหรียญถัดไปก่อนที่จะลองอีกครั้ง การอัพเกรดขนาดเล็กกระแทกทบอย่างรวดเร็ว,"Bu dövüş yenilgiyle sonuçlanırsa, tekrar denemeden önce bir sonraki jetonlarınızı harcayın. Küçük yükseltmeler bileşiği hızlı bir şekilde çarpar.","Nếu cuộc chiến này kết thúc trong thất bại, hãy tiêu số xu tiếp theo trước khi thử lại. Nâng cấp nhỏ va chạm nhanh chóng.",如果这场战斗以失败告终，请在重试之前花费下一个硬币。小的升级颠簸会迅速复合。
BATTLE_HINT_BOSS_ARMOR,"If the boss defeated you quickly, consider adding Boss Armor.",إذا هزمك رئيسك بسرعة، ففكر في إضافة Boss Armor.,"Si el cap us va derrotar ràpidament, considereu afegir Boss Armor.","Pokud vás šéf porazil rychle, zvažte přidání Boss Armor.","Wenn der Boss Sie schnell besiegt hat, sollten Sie darüber nachdenken, eine Boss-Rüstung hinzuzufügen.","Si el jefe te derrotó rápidamente, considera agregar Boss Armor.","Si le boss vous a vaincu rapidement, pensez à ajouter Boss Armor.","אם הבוס הביס אותך במהירות, שקול להוסיף את Boss Armor.","Jika bos mengalahkan Anda dengan cepat, pertimbangkan untuk menambahkan Boss Armor.","Se il boss ti ha sconfitto rapidamente, considera l'aggiunta dell'Armatura Boss.",ボスがすぐに倒してしまう場合は、ボスアーマーを追加することを検討してください。,보스가 당신을 빨리 물리쳤다면 보스 방어구를 추가하는 것을 고려해 보세요.,"Jeśli boss szybko Cię pokonał, rozważ dodanie Zbroi Bossa.","Se o chefe derrotou você rapidamente, considere adicionar Boss Armor.","Если босс быстро вас победил, подумайте о том, чтобы добавить броню босса.",หากบอสเอาชนะคุณได้อย่างรวดเร็ว ลองพิจารณาเพิ่มชุดเกราะบอส,Patron sizi hızlı bir şekilde mağlup ederse Boss Zırhını eklemeyi düşünün.,"Nếu trùm đánh bại bạn nhanh chóng, hãy cân nhắc bổ sung Giáp Trùm.",如果 Boss 很快击败了你，请考虑添加 Boss 护甲。
BATTLE_SOURCE_TOTAL,Total,المجموع,Total,Celkový,Gesamt,Total,Total,סַך הַכֹּל,Total,Totale,合計,총,Całkowity,Total,Общий,ทั้งหมด,Toplam,Tổng cộng,全部的
BATTLE_SOURCE_KNIGHT,Knight,فارس,Cavaller,Rytíř,Ritter,Caballero,Chevalier,אַבִּיר,Ksatria,Cavaliere,騎士,기사,Rycerz,Cavaleiro,Рыцарь,อัศวิน,Şövalye,Hiệp sĩ,骑士
BATTLE_SOURCE_ARCHER,Archer,آرتشر,Arquer,Lukostřelec,Bogenschütze,Arquero,Archer,קַשָׁת,Pemanah,Arciere,射手,궁수,Łucznik,Arqueiro,Лучник,อาร์เชอร์,Okçu,Cung thủ,射手
BATTLE_SOURCE_GUARDIAN,Guardian,الوصي,Guardià,Strážce,Wächter,Guardián,Tuteur,אַפּוֹטרוֹפּוֹס,Wali,Custode,ガーディアン,보호자,Opiekun,Guardião,Хранитель,ผู้พิทักษ์,Gardiyan,Người giám hộ,监护人
BATTLE_SOURCE_MAGE,Mage,بركه,Mag,Kouzelník,Magier,mago,Mage,קוסם,Penyihir,Mago,メイジ,마술사,Mag,Mago,Маг,ผู้วิเศษ,Büyücü,pháp sư,法师
BATTLE_SOURCE_KNIGHT_VAMP,Knight Vamp,فارس الرقعة,Cavaller Vamp,Rytíř Vamp,Rittervamp,Caballero vampiro,Chevalier vampire,נייט ערפד,Ksatria Vampir,Cavaliere Vampiro,ナイトヴァンプ,나이트 뱀프,Rycerz Wampir,Cavaleiro Vampiro,Рыцарь Вамп,อัศวินแวมไพร์,Şövalye Vampiri,Hiệp sĩ ma cà rồng,骑士鞋面
BATTLE_SOURCE_GUARDIAN_FORTIFY,Guardian Fortify,تحصين الجارديان,Guardian Fortify,Guardian Fortify,Wächter verstärken,Fortificar guardián,Fortification du Gardien,גרדיאן מבצר,Benteng Penjaga,Fortificazione del guardiano,ガーディアン・フォーティファイ,가디언 강화,Wzmocnij Strażnika,Fortificação do Guardião,Страж Укрепить,ผู้พิทักษ์เสริมกำลัง,Muhafız Güçlendirmesi,Người bảo vệ củng cố,守护者强化
BATTLE_SOURCE_ARMOR,Armor,درع,Armadura,Brnění,Rüstung,Armadura,Armure,שִׁריוֹן,Baja,Armatura,鎧,갑옷,Zbroja,Armadura,Броня,เกราะ,Zırh,Giáp,盔甲
BATTLE_SOURCE_ENEMY_GUARD,Enemy Guard,حارس العدو,Guàrdia Enemiga,Nepřátelská stráž,Feindliche Wache,Guardia enemiga,Garde ennemie,משמר האויב,Penjaga Musuh,Guardia nemica,敵のガード,적 경비병,Strażnik wroga,Guarda Inimiga,Вражеский страж,ศัตรูยาม,Düşman Muhafızı,Vệ binh địch,敌方守卫
BATTLE_SOURCE_DOT_GUARD,DOT Guard,نقطة الحرس,Guàrdia DOT,DOT Guard,DOT-Guard,Guardia del DOT,Garde DOT,DOT Guard,Penjaga TITIK,Guardia DOT,ドットガード,도트 가드,Strażnik DOT,Guarda DOT,ДОТ Гвардия,ดอท การ์ด,DOT Koruması,Bảo vệ DOT,点守卫
BATTLE_SOURCE_BOSS_GUARD,Boss Guard,حارس الزعيم,Cap de Guàrdia,Šéfová stráž,Boss-Wache,Guardia jefe,Garde du patron,שומר הבוס,Bos Penjaga,Guardia del Boss,ボスガード,보스 가드,Szef Straży,Guarda Chefe,Босс-охранник,บอสการ์ด,Patron Muhafızı,Bảo vệ ông chủ,老板守卫
UPGRADE_DB_NAME_CURSOR_PICKUP_UNLOCK,Cursor Pickup Unlock,فتح التقاط المؤشر,Desbloqueig de recollida del cursor,Odemknutí vyzvednutí kurzoru,Cursor-Pickup entsperren,Desbloqueo de recogida del cursor,Déverrouillage du curseur,ביטול נעילה של איסוף סמן,Buka Kunci Pengambilan Kursor,Sblocco della raccolta del cursore,カーソルピックアップのロック解除,커서 픽업 잠금 해제,Odblokowanie przechwytywania kursora,Desbloqueio de captura de cursor,Разблокировка захвата курсора,ปลดล็อครถกระบะเคอร์เซอร์,İmleç Alma Kilidini Açma,Mở khóa đón con trỏ,光标拾取解锁
UPGRADE_DB_NAME_RECRUIT_ARCHER,Recruit Archer,قم بتجنيد آرتشر,Recluta un arquer,Naverbujte Archera,Rekrutiere den Bogenschützen,Reclutar arquero,Archer de recrue,גייס את ארצ'ר,Rekrut Pemanah,Recluta arciere,アーチャーを採用する,궁수 모집,Rekrutuj Łucznika,Recrutar Arqueiro,Нанять лучника,รับสมัครนักธนู,Okçu Al,Tuyển Cung Thủ,招募弓箭手
UPGRADE_DB_NAME_AUTO_ATTACK_UNLOCK,Tactical Telemetry,القياس عن بعد التكتيكي,Telemetria tàctica,Taktická telemetrie,Taktische Telemetrie,Telemetría táctica,Télémétrie tactique,טלמטריה טקטית,Telemetri Taktis,Telemetria tattica,戦術テレメトリー,전술적 원격 측정,Telemetria taktyczna,Telemetria Tática,Тактическая телеметрия,การวัดระยะไกลทางยุทธวิธี,Taktik Telemetri,Đo từ xa chiến thuật,战术遥测
UPGRADE_DB_NAME_BATTLE_SPEED_UNLOCK_2X,Temportal Throttle,خنق مؤقت,Acelerador temporal,Temporal Throttle,Temporale Drossel,Acelerador temporal,Accélérateur temporel,מצערת Tempportal,Pembatas Sementara,Acceleratore temporale,テンポラルスロットル,임시 제한,Przepustnica czasowa,Acelerador temporal,Временной дроссель,คันเร่งชั่วคราว,Geçici Kısma,Van tiết lưu tạm thời,时间节流阀
UPGRADE_DB_NAME_BATTLE_SPEED_UNLOCK_4X,Temportal Throttle II,خنق مؤقت II,Acelerador temporal II,Temporal Throttle II,Temporaldrossel II,Acelerador temporal II,Accélérateur temporel II,Tempportal Throttle II,Throttle Duniawi II,Acceleratore temporale II,テンポラルスロットル II,임시 제한 II,Przepustnica czasowa II,Acelerador Temporal II,Временной дроссель II,คันเร่งชั่วคราว II,Geçici Kısma II,Van tiết lưu tạm thời II,时间节流阀 II
UPGRADE_DB_NAME_BATTLE_SPEED_UNLOCK_8X,Temportal Throttle III,الخانق الزمني III,Acelerador temporal III,Temporal Throttle III,Temporaldrossel III,Acelerador temporal III,Accélérateur temporel III,Tempportal Throttle III,Throttle Duniawi III,Acceleratore temporale III,テンポルスロットルIII,임시 제한 III,Przepustnica czasowa III,Acelerador Temporal III,Временной дроссель III,คันเร่งชั่วคราว III,Geçici Kısma III,Van tiết lưu tạm thời III,时间节流 III
UPGRADE_DB_NAME_OLD_ART_UNLOCK,Archive of First Light,أرشيف الضوء الأول,Arxiu de la Primera Llum,Archiv Prvního světla,Archiv des Ersten Lichts,Archivo de la primera luz,Archives de Première Lumière,ארכיון אור ראשון,Arsip Cahaya Pertama,Archivio della prima luce,ファーストライトのアーカイブ,첫 번째 빛의 기록 보관소,Archiwum Pierwszego Światła,Arquivo da Primeira Luz,Архив Первого Света,เอกสารเก่าของแสงแรก,İlk Işık Arşivi,Lưu trữ ánh sáng đầu tiên,第一缕曙光档案
UPGRADE_DB_NAME_KNIGHT_VAMP_UNLOCK,Knight Vampirism Unlock,فتح فارس مصاص الدماء,Knight Vampirism Desbloqueig,Odemknutí rytířského vampirismu,Ritter-Vampirismus freischalten,Desbloqueo del vampirismo del caballero,Déverrouillage du vampirisme du chevalier,ביטול נעילה של נייט ערפד,Ksatria Vampirisme Buka Kunci,Sblocco del vampirismo del cavaliere,ナイトヴァンピリズムのロックを解除,기사 뱀파이어 잠금 해제,Odblokowanie wampiryzmu rycerza,Desbloqueio de Vampirismo de Cavaleiro,Рыцарь вампиризма: разблокировка,ปลดล็อคอัศวินแวมไพร์,Şövalye Vampirizminin Kilidini Aç,Mở khóa hiệp sĩ ma cà rồng,骑士吸血鬼解锁
UPGRADE_DB_NAME_ARCHER_PIERCE_UNLOCK,Archer Pierce Unlock,فتح آرتشر بيرس,Desbloqueig d'Archer Pierce,Archer Pierce Odemknout,Archer Pierce freischalten,Desbloqueo de Archer Pierce,Archer Pierce Déverrouillage,ארצ'ר פירס פתח את הנעילה,Buka Kunci Pemanah Pierce,Sblocco Perforazione dell'arciere,アーチャーピアスのロック解除,아처 피어스 잠금 해제,Odblokowanie przebicia łucznika,Desbloqueio do Arqueiro Pierce,Разблокировка Арчера Пирса,ปลดล็อค Archer Pierce,Archer Pierce'ın Kilidini Aç,Mở khóa Archer Pierce,弓箭手皮尔斯解锁
UPGRADE_DB_NAME_POWER_HARVEST_UNLOCK,Power Harvest Unlock,فتح حصاد الطاقة,Desbloqueig de Power Harvest,Power Harvest Unlock,Power Harvest-Freischaltung,Desbloqueo de cosecha de poder,Déverrouillage de la récolte de puissance,ביטול נעילה של Power Harvest,Buka Kunci Power Harvest,Sblocco del Raccolto di Potere,パワーハーベストのロック解除,전력 수확 잠금 해제,Odblokowanie żniwa mocy,Desbloqueio de colheita de energia,Разблокировка сбора урожая энергии,ปลดล็อกการเก็บเกี่ยวพลัง,Güç Hasadı Kilidini Aç,Mở khóa thu hoạch năng lượng,能量收获解锁
UPGRADE_DB_NAME_RECRUIT_GUARDIAN,Recruit Guardian,تجنيد الوصي,Recluta Guardian,Recruit Guardian,Rekrutiere einen Wächter,Reclutar guardián,Recruter un gardien,גייס אפוטרופוס,Rekrut Wali,Recluta Guardiano,ガーディアンをリクルートする,가디언 모집,Rekrutuj Strażnika,Recrutar Guardião,Нанять стража,รับสมัครผู้พิทักษ์,Gardiyan Al,Tuyển dụng người giám hộ,招募守护者
UPGRADE_DB_NAME_GUARDIAN_FORTIFY_UNLOCK,Guardian Fortify Unlock,فتح الجارديان المحصن,Desbloqueig de Guardian Fortify,Guardian Fortify Unlock,Wächter-Verstärkung freischalten,Desbloqueo de Fortificación del Guardián,Déverrouillage du Fortification du Gardien,ביטול הנעילה של Guardian Fortify,Buka Kunci Benteng Penjaga,Sblocco Fortifica guardiano,ガーディアンフォーティファイアンロック,Guardian Fortify 잠금 해제,Odblokowanie wzmocnienia Strażnika,Desbloqueio do Fortalecimento do Guardião,Разблокировка Guardian Fortify,ปลดล็อค Guardian Fortify,Guardian Fortify'ın Kilidini Aç,Mở khóa bảo vệ củng cố,守护者强化解锁
UPGRADE_DB_NAME_RECRUIT_MAGE,Recruit Mage,تجنيد ماجى,Recluta Mage,Rekrutujte mága,Rekrutiere einen Magier,Reclutar mago,Recruter un mage,גיוס קוסם,Rekrut Penyihir,Recluta un mago,リクルートメイジ,마법사 모집,Rekrutuj maga,Recrutar Mago,Нанять мага,รับสมัครเมจ,Büyücü Al,Tuyển dụng pháp sư,招募法师
UPGRADE_DB_NAME_MAGE_STORM_UNLOCK,Mage Storm Unlock,فتح ماجى العاصفة,Desbloqueig Mage Storm,Odemknutí Mage Storm,Magiersturm freischalten,Desbloqueo de tormenta de magos,Déverrouillage de Tempête de Mage,פתיחת נעילה של Storm Mage,Buka Kunci Badai Penyihir,Sblocco Tempesta magica,メイジストームのロック解除,메이지 스톰 잠금 해제,Odblokowanie Magicznej Burzy,Desbloqueio da Tempestade Maga,Разблокировка Магического Шторма,ปลดล็อค Mage Storm,Büyücü Fırtınası Kilidini Aç,Mở khóa cơn bão pháp sư,法师风暴解锁
UPGRADE_DB_NAME_VITALITY_FOUNDATION,Vitality Foundation,مؤسسة الحيوية,Fundació Vitalitat,Nadace vitality,Vitalitätsstiftung,Fundación Vitalidad,Fondation Vitalité,קרן חיוניות,Yayasan Vitalitas,Fondazione Vitalità,バイタリティ財団,바이탈리티 파운데이션,Fundacja Witalność,Fundação Vitalidade,Фонд Жизнеспособность,มูลนิธิพลังชีวิต,Canlılık Vakfı,Quỹ Sức Sống,活力基金会
UPGRADE_DB_NAME_HERO_COIN_GAIN,Hero Coin Gain %s,ربح عملة البطل %s,Guany de moneda d'heroi %s,Hero Coin Gain %s,Heldenmünzengewinn %s,Ganancia de moneda de héroe %s,Gain de pièces de héros %s,רווח מטבע גיבור %s,Perolehan Koin Pahlawan %s,Guadagno monete eroe %s,ヒーローコイン獲得 %s,영웅 코인 획득 %s,Zysk monet bohatera %s,Ganho de moedas de herói %s,Выигрыш монет героя %s,ได้รับเหรียญฮีโร่ %s,Kahraman Para Kazanımı %s,Kiếm xu anh hùng %s,英雄币增益 %s
UPGRADE_DB_NAME_CURSOR_CAPTURE,Cursor Capture %s,التقاط المؤشر %s,Captura del cursor %s,Zachycení kurzoru %s,Cursorerfassung %s,Captura del cursor %s,Capture du curseur %s,לכידת סמן %s,Tangkapan Kursor %s,Cattura cursore %s,カーソルキャプチャ %s,커서 캡처 %s,Przechwycenie kursora %s,Captura do Cursor %s,Захват курсора %s,การจับเคอร์เซอร์ %s,İmleç Yakalama %s,Chụp con trỏ %s,光标捕获 %s
UPGRADE_DB_NAME_VITALITY_HITPOINTS,Vitality Hitpoints %s,نقاط الإصابة الحيوية %s,Punts de vida vitals %s,Životní body vitality %s,Vitalitätstrefferpunkte %s,Puntos de vida de vitalidad %s,Points de vie de vitalité %s,Vitality Hitpoints %s,Titik Hit Vitalitas %s,Punti vitali %s,活力ヒットポイント %s,활력 체력 %s,Punkty życia witalności %s,Pontos de vida de vitalidade %s,Жизнеспособность %s,พลังชีวิต %s,Canlılık İsabet Noktaları %s,Điểm sinh lực %s,活力生命值 %s
UPGRADE_DB_NAME_VITALITY_POWER,Vitality Power %s,قوة الحيوية %s,Poder vital %s,Síla vitality %s,Vitalitätskraft %s,Poder de vitalidad %s,Puissance de vitalité %s,כוח חיוניות %s,Kekuatan Vitalitas %s,Potere vitale %s,バイタリティパワー %s,생명력 %s,Siła witalna %s,Poder de Vitalidade %s,Жизненная сила %s,พลังชีวิต %s,Canlılık Gücü %s,Sức sống %s,活力力量%s
UPGRADE_DB_NAME_VITALITY_CHANNEL,Vitality Channel %s,قناة الحيوية %s,Canal de vitalitat %s,Vitality Channel %s,Vitalitätskanal %s,Canal de vitalidad %s,Canal Vitalité %s,ערוץ חיוניות %s,Saluran Vitalitas %s,Canale vitalità %s,バイタリティ チャンネル %s,활력 채널 %s,Kanał witalności %s,Canal de Vitalidade %s,Канал жизненной силы %s,ช่องพลัง %s,Canlılık Kanalı %s,Kênh Sức Sống %s,活力通道%s
UPGRADE_DB_NAME_CORE_ARMOR,Core Armor,الدرع الأساسي,Armadura central,Core Armor,Kernrüstung,Armadura central,Armure de base,שריון ליבה,Armor Inti,Armatura centrale,コアアーマー,코어 아머,Zbroja rdzenia,Armadura Central,Основная броня,เกราะหลัก,Çekirdek Zırh,Giáp lõi,核心装甲
UPGRADE_DB_NAME_CONTACT_ARMOR,Contact Armor %s,اتصل بالدرع %s,Contacta amb Armor %s,Kontaktujte Armor %s,Kontaktpanzerung %s,Armadura de contacto %s,Contacter l'armure %s,צור קשר עם Armor %s,Hubungi Armor %s,Contatta Armatura %s,コンタクトアーマー %s,갑옷에 문의 %s,Skontaktuj się z Armorem %s,Armadura de contato %s,Контактная броня %s,ติดต่อเกราะ %s,Temas Zırhı %s,Liên hệ Giáp %s,接触装甲 %s
UPGRADE_DB_NAME_DOT_ARMOR,DoT Armor %s,درع دوت %s,Armadura DoT %s,DoT Armor %s,DoT-Rüstung %s,Armadura de punto %s,Armure DoT %s,שריון DoT %s,Armor DoT %s,Armatura DOT %s,DoT アーマー %s,DoT 방어구 %s,Pancerz DoT %s,Armadura DoT %s,ДоТ Броня %s,ดอทเกราะ %s,DoT Zırhı %s,Giáp DoT %s,DoT 护甲 %s
UPGRADE_DB_NAME_BOSS_ARMOR,Boss Armor %s,درع الزعيم %s,Boss Armor %s,Boss Armor %s,Boss-Rüstung %s,Armadura de jefe %s,Armure de boss %s,בוס שריון %s,Bos Armor %s,Armatura del boss %s,ボスアーマー %s,보스 방어구 %s,Pancerz Bossa %s,Armadura de Chefe %s,Броня босса %s,เกราะบอส %s,Patron Zırhı %s,Giáp Boss %s,Boss 护甲 %s
UPGRADE_DB_NAME_CORE_DROP,Core Drop,إسقاط الأساسية,Caiguda del nucli,Core Drop,Kernabwurf,Caída del núcleo,Chute de base,ירידה הליבה,Penurunan Inti,Caduta del nucleo,コアドロップ,코어 드롭,Upadek rdzenia,Queda do Núcleo,Ядро,แกนดร็อป,Çekirdek Düşüşü,Thả lõi,核心掉落
UPGRADE_DB_NAME_HERO_DAMAGE,%s Damage %s,%s الضرر %s,%s Danys %s,%s Poškození %s,%s Schaden %s,%s Daño %s,%s Dommages %s,%s נזק %s,%s Kerusakan %s,%s Danno %s,%s ダメージ %s,%s 손상 %s,%s Uszkodzenie %s,%s Dano %s,%s Повреждение %s,%s ความเสียหาย %s,%s Hasar %s,%s Thiệt hại %s,%s 损坏 %s
UPGRADE_DB_NAME_HERO_SPEED,%s Speed %s,%s السرعة %s,%s Velocitat %s,%s Rychlost %s,%s Geschwindigkeit %s,%s Velocidad %s,%s Vitesse %s,%s מהירות %s,%s Kecepatan %s,%s Velocità %s,%s 速度 %s,%s 속도 %s,%s Prędkość %s,%s Velocidade %s,%s Скорость %s,%s ความเร็ว %s,%s Hız %s,%s Tốc độ %s,%s 速度 %s
UPGRADE_DB_DESCRIPTION_CURSOR_PICKUP_UNLOCK,Unlocks cursor pickup bonuses so cursor-collected coins are worth more.,يفتح مكافآت التقاط المؤشر، لذا فإن العملات المعدنية المجمعة بواسطة المؤشر تستحق المزيد.,Desbloqueja les bonificacions de recollida del cursor perquè les monedes recollides amb el cursor valguin més.,"Odemyká bonusy za vyzvednutí kurzoru, takže mince nasbírané kurzorem mají větší hodnotu.","Schaltet Boni für das Aufsammeln des Cursors frei, sodass mit dem Cursor gesammelte Münzen mehr wert sind.",Desbloquea bonificaciones por recogida del cursor para que las monedas recogidas con el cursor valgan más.,Débloquez les bonus de récupération du curseur afin que les pièces collectées par le curseur valent plus.,פותח בונוסים לאיסוף סמן כך שמטבעות שנאספו עם הסמן שווים יותר.,Membuka bonus pengambilan kursor sehingga koin yang dikumpulkan kursor bernilai lebih.,Sblocca i bonus di raccolta del cursore in modo che le monete raccolte dal cursore valgano di più.,カーソル収集ボーナスのロックを解除し、カーソルで収集したコインの価値を高めます。,커서 수집 보너스를 잠금 해제하여 커서로 수집한 코인의 가치를 높입니다.,"Odblokowuje premie za zbieranie kursora, dzięki czemu monety zebrane przez kursor są warte więcej.",Desbloqueia bônus de coleta de cursor para que as moedas coletadas pelo cursor valham mais.,"Открывает бонусы при подборе курсора, поэтому монеты, собранные курсором, стоят больше.",ปลดล็อคโบนัสการดึงเคอร์เซอร์เพื่อให้เหรียญที่เคอร์เซอร์เก็บมีค่ามากขึ้น,"İmleç toplama bonuslarının kilidini açar, böylece imleçle toplanan paralar daha değerli olur.",Mở khóa phần thưởng nhận con trỏ để đồng xu được thu thập bằng con trỏ có giá trị hơn.,解锁光标拾取奖励，使光标收集的硬币价值更高。
UPGRADE_DB_DESCRIPTION_RECRUIT_ARCHER,Adds the Archer hero to your combat lineup.,يضيف بطل آرتشر إلى تشكيلة القتال الخاصة بك.,Afegeix l'heroi Archer a la teva formació de combat.,Přidá hrdinu Archer do vaší bojové sestavy.,Fügt den Bogenschützen-Helden zu Ihrer Kampfaufstellung hinzu.,Agrega el héroe Arquero a tu alineación de combate.,Ajoute le héros Archer à votre effectif de combat.,מוסיף את גיבור הארצ'ר למערך הלחימה שלך.,Menambahkan pahlawan Pemanah ke barisan tempur Anda.,Aggiunge l'eroe Arciere alla tua formazione di combattimento.,アーチャーヒーローを戦闘ラインナップに追加します。,전투 라인업에 궁수 영웅을 추가합니다.,Dodaje bohatera Łucznika do twojego składu bojowego.,Adiciona o herói Arqueiro à sua escalação de combate.,Добавляет героя-лучника в ваш боевой состав.,เพิ่มฮีโร่ Archer ในกลุ่มการต่อสู้ของคุณ,Okçu kahramanını savaş dizilişinize ekler.,Thêm anh hùng Archer vào đội hình chiến đấu của bạn.,将弓箭手英雄添加到您的战斗阵容中。
UPGRADE_DB_DESCRIPTION_AUTO_ATTACK_UNLOCK,Unlocks Tactical Telemetry: reveals enemies remaining during battle using the blue progress HUD.,يفتح القياس عن بعد التكتيكي: يكشف عن الأعداء المتبقين أثناء المعركة باستخدام شاشة التقدم الزرقاء.,Desbloqueja la telemetria tàctica: revela els enemics que queden durant la batalla mitjançant l'HUD de progrés blau.,Odemyká taktickou telemetrii: odhaluje nepřátele zbývající během bitvy pomocí modrého HUD pro pokrok.,Schaltet taktische Telemetrie frei: Zeigt mithilfe des blauen Fortschritts-HUD die während des Kampfes verbleibenden Feinde an.,Desbloquea la telemetría táctica: revela los enemigos que quedan durante la batalla usando el HUD de progreso azul.,Débloque la télémétrie tactique : révèle les ennemis restants pendant la bataille à l'aide du HUD de progression bleu.,פותח טלמטריה טקטית: חושף אויבים שנותרו במהלך הקרב באמצעות HUD ההתקדמות הכחול.,Membuka Telemetri Taktis: mengungkapkan musuh yang tersisa selama pertempuran menggunakan HUD kemajuan biru.,Sblocca la telemetria tattica: rivela i nemici rimasti durante la battaglia utilizzando l'HUD di progresso blu.,戦術テレメトリーのロックを解除: 青色の進行状況 HUD を使用して、戦闘中に残っている敵を表示します。,전술 원격 측정 잠금 해제: 파란색 진행 HUD를 사용하여 전투 중 남은 적들을 표시합니다.,Odblokowuje telemetrię taktyczną: ujawnia wrogów pozostałych podczas bitwy za pomocą niebieskiego interfejsu postępu.,Desbloqueia a telemetria tática: revela os inimigos restantes durante a batalha usando o HUD de progresso azul.,"Открывает тактическую телеметрию: показывает врагов, оставшихся во время боя, с помощью синего индикатора прогресса.",ปลดล็อค Tactical Telemetry: เผยศัตรูที่เหลืออยู่ระหว่างการต่อสู้โดยใช้ HUD ความคืบหน้าสีน้ำเงิน,Taktiksel Telemetrinin Kilidini Açar: Mavi ilerleme HUD'unu kullanarak savaş sırasında kalan düşmanları ortaya çıkarır.,Mở khóa Đo từ xa chiến thuật: hiển thị kẻ thù còn lại trong trận chiến bằng cách sử dụng HUD tiến trình màu xanh lam.,解锁战术遥测：使用蓝色进度 HUD 显示战斗中剩余的敌人。
UPGRADE_DB_DESCRIPTION_BATTLE_SPEED_2X,Unlocks the Speed button and enables 2x battle speed.,يفتح زر السرعة ويتيح سرعة معركة مضاعفة.,Desbloqueja el botó Velocitat i activa el doble de velocitat de batalla.,Odemyká tlačítko Rychlost a umožňuje 2x rychlost bitvy.,Schaltet die Geschwindigkeitstaste frei und ermöglicht die doppelte Kampfgeschwindigkeit.,Desbloquea el botón Velocidad y habilita el doble de velocidad de batalla.,Débloque le bouton Vitesse et permet une vitesse de combat 2x.,פותח את כפתור המהירות ומאפשר מהירות קרב פי 2.,Membuka kunci tombol Kecepatan dan mengaktifkan 2x kecepatan pertempuran.,Sblocca il pulsante Velocità e abilita una velocità di battaglia 2x.,スピードボタンのロックを解除し、戦闘速度を 2 倍にします。,속도 버튼을 잠금 해제하고 전투 속도를 2배로 활성화합니다.,Odblokowuje przycisk Szybkości i umożliwia 2-krotną prędkość bitwy.,Desbloqueia o botão Velocidade e permite 2x a velocidade de batalha.,Открывает кнопку «Скорость» и увеличивает скорость боя в 2 раза.,ปลดล็อคปุ่มความเร็วและเปิดใช้งานความเร็วการต่อสู้ 2 เท่า,Hız düğmesinin kilidini açar ve 2 kat savaş hızı sağlar.,Mở khóa nút Tốc độ và kích hoạt tốc độ chiến đấu gấp đôi.,解锁速度按钮并启用 2 倍战斗速度。
UPGRADE_DB_DESCRIPTION_BATTLE_SPEED_4X,Unlocks 4x battle speed.,يفتح سرعة المعركة 4x.,Desbloqueja una velocitat de batalla 4x.,Odemkne 4x rychlost bitvy.,Schaltet die 4-fache Kampfgeschwindigkeit frei.,Desbloquea 4 veces la velocidad de batalla.,Débloque une vitesse de combat 4x.,פותח מהירות קרב פי 4.,Membuka 4x kecepatan pertempuran.,Sblocca una velocità di battaglia 4x.,4倍の戦闘速度を解除します。,4배의 전투 속도를 잠금 해제합니다.,Odblokowuje 4x prędkość bitwy.,Desbloqueia velocidade de batalha 4x.,Открывает 4-кратную скорость боя.,ปลดล็อคความเร็วการต่อสู้ 4 เท่า,4x savaş hızının kilidini açar.,Mở khóa tốc độ chiến đấu gấp 4 lần.,解锁 4 倍战斗速度。
UPGRADE_DB_DESCRIPTION_BATTLE_SPEED_8X,Unlocks 8x battle speed.,يفتح سرعة المعركة 8x.,Desbloqueja 8 vegades la velocitat de batalla.,Odemkne 8x rychlost bitvy.,Schaltet die 8-fache Kampfgeschwindigkeit frei.,Desbloquea 8 veces la velocidad de batalla.,Débloque une vitesse de combat 8x.,פותח מהירות קרב פי 8.,Membuka kecepatan pertempuran 8x.,Sblocca la velocità di battaglia 8x.,8倍の戦闘速度を解除します。,8배의 전투 속도를 잠금 해제합니다.,Odblokowuje 8-krotną prędkość bitwy.,Desbloqueia velocidade de batalha 8x.,Открывает 8-кратную скорость боя.,ปลดล็อคความเร็วการต่อสู้ 8x,8x savaş hızının kilidini açar.,Mở khóa tốc độ chiến đấu gấp 8 lần.,解锁 8 倍战斗速度。
UPGRADE_DB_DESCRIPTION_OLD_ART_UNLOCK,Reveals the Art: Old/New toggle in release builds. Cosmetic only; no gameplay effect.,يكشف عن الفن: تبديل قديم/جديد في إصدارات الإصدار. مستحضرات التجميل فقط؛ لا يوجد تأثير اللعب.,Revela l'opció Art: antic/nou a les versions de versions. Només cosmètica; cap efecte de joc.,Odhaluje přepínání Umění: Staré/Nové v sestaveních vydání. Pouze kosmetické; žádný herní efekt.,Zeigt die Art: Alt/Neu-Umschaltung in Release-Builds. Nur kosmetisch; kein Gameplay-Effekt.,Revela el cambio Arte: Antiguo/Nuevo en las versiones de lanzamiento. Sólo cosméticos; sin efecto de juego.,Révèle la bascule Art : Ancien/Nouveau dans les versions de version. Cosmétique uniquement ; aucun effet de gameplay.,חושף את האומנות: החלפת מצב ישן/חדש בבניית גרסה. קוסמטיקה בלבד; אין אפקט משחק.,Mengungkap Seni: Tombol Lama/Baru dalam versi rilis. Hanya kosmetik; tidak ada efek gameplay.,Rivela l'arte: attiva/disattiva il vecchio/nuovo nelle build di rilascio. Solo cosmetici; nessun effetto di gioco.,アートを明らかにします: リリース ビルドの新旧切り替え。化粧品のみ。ゲームプレイ効果はありません。,릴리스 빌드에서 Art: Old/New 토글을 공개합니다. 화장품 전용; 게임 플레이 효과가 없습니다.,Ujawnia sztukę: przełączanie starego/nowego w kompilacjach wydań. Tylko kosmetyczne; brak efektu rozgrywki.,Revela a arte: alternância antigo/novo nas compilações de lançamento. Somente cosmético; nenhum efeito de jogabilidade.,Показывает искусство: переключатель «Старое/Новое» в релизных сборках. Только косметический; нет геймплейного эффекта.,เผยศิลปะ: การสลับเก่า/ใหม่ในการสร้างรุ่น เครื่องสำอางเท่านั้น ไม่มีเอฟเฟกต์การเล่นเกม,Sanatı Ortaya Çıkarıyor: Sürüm sürümlerinde Eski/Yeni geçişi. Yalnızca kozmetik; oyun etkisi yok.,Tiết lộ nghệ thuật: Chuyển đổi cũ/mới trong các bản phát hành. Chỉ mỹ phẩm; không có hiệu ứng chơi game.,揭示艺术：发布版本中的旧/新切换。仅限化妆品；没有游戏效果。
UPGRADE_DB_DESCRIPTION_KNIGHT_VAMP_UNLOCK,Unlocks the Knight active and improves life steal sustain.,يفتح الفارس النشط ويحسن استدامة سرقة الحياة.,Desbloqueja el Cavaller actiu i millora el manteniment del robatori de vida.,Odemyká aktivního rytíře a zlepšuje výdrž při krádeži života.,Schaltet den aktiven Ritter frei und verbessert die Lebensraub-Aufrechterhaltung.,Desbloquea el Caballero activo y mejora el mantenimiento del robo de vida.,Débloque le chevalier actif et améliore le maintien du vol de vie.,פותח את האביר הפעיל ומשפר את גניבת החיים.,Membuka kunci Ksatria aktif dan meningkatkan ketahanan life steal.,Sblocca il Cavaliere attivo e migliora la resistenza al furto di vita.,アクティブなナイトのロックを解除し、ライフスティールの持続を向上させます。,기사 활성 상태를 잠금 해제하고 생명력 흡수 지속 시간을 향상시킵니다.,Odblokowuje aktywność Rycerza i poprawia trwałość kradzieży życia.,Desbloqueia o Cavaleiro ativo e melhora a sustentação do roubo de vida.,Открывает активный рыцарь и улучшает выносливость вампиризма.,ปลดล็อคอัศวินที่ใช้งานและปรับปรุงการขโมยชีวิตอย่างยั่งยืน,Şövalye aktifinin kilidini açar ve can çalma devamlılığını iyileştirir.,Mở khóa khả năng kích hoạt của Hiệp sĩ và cải thiện khả năng duy trì khả năng đánh cắp mạng sống.,解锁骑士主动并提高生命窃取维持力。
UPGRADE_DB_DESCRIPTION_ARCHER_PIERCE_UNLOCK,Unlocks the Archer active with piercing attack coverage.,يفتح رامي السهام النشط بتغطية هجوم خارقة.,Desbloqueja l'Arquer actiu amb una cobertura d'atac penetrant.,Odemkne aktivního lučištníka s pokrytím pronikavým útokem.,Schaltet den aktiven Bogenschützen mit durchdringender Angriffsabdeckung frei.,Desbloquea al Arquero activo con cobertura de ataque penetrante.,Débloque l'Archer actif avec une couverture d'attaque perçante.,פותח את הארצ'ר פעיל עם כיסוי תקיפה נוקב.,Membuka kunci Archer aktif dengan jangkauan serangan yang menusuk.,Sblocca l'Arciere attivo con copertura dell'attacco perforante.,貫通攻撃範囲でアクティブなアーチャーのロックを解除します。,관통 공격 범위로 활성화된 궁수를 잠금 해제합니다.,Odblokowuje umiejętność Łucznika z pokryciem przeszywającym atakiem.,Desbloqueia o Arqueiro ativo com cobertura de ataque perfurante.,Открывает активную способность Лучника с колющей атакой.,ปลดล็อค Archer ที่ใช้งานอยู่โดยครอบคลุมการโจมตีที่เจาะทะลุ,Delici saldırı kapsamına sahip aktif Okçu'nun kilidini açar.,Mở khóa hoạt động của Archer với phạm vi tấn công xuyên thấu.,解锁具有穿透攻击覆盖范围的主动弓箭手。
UPGRADE_DB_DESCRIPTION_POWER_HARVEST_UNLOCK,Unlocks stronger power generation from combat and pickups.,يفتح توليد طاقة أقوى من القتال والشاحنات الصغيرة.,Desbloqueja una generació d'energia més forta a partir de combats i camions.,Odemyká silnější generování energie z boje a zvednutí.,Schaltet eine stärkere Energieerzeugung durch Kampf und Pickups frei.,Desbloquea una generación de energía más fuerte a partir del combate y las camionetas.,Débloque une génération d'énergie plus forte lors des combats et des micros.,פותח ייצור כוח חזק יותר מקרב וטנדרים.,Membuka pembangkitan tenaga yang lebih kuat dari pertempuran dan pickup.,Sblocca una generazione di energia più potente dal combattimento e dalle raccolte.,戦闘やピックアップからより強力な発電を解放します。,전투와 픽업을 통해 더 강력한 전력 생성을 잠금 해제합니다.,Odblokowuje silniejsze wytwarzanie mocy w walce i podnoszeniu.,Desbloqueia uma geração de energia mais forte em combate e coletas.,Открывает более мощное генерирование энергии в бою и при подборах.,ปลดล็อกการสร้างพลังที่แข็งแกร่งขึ้นจากการต่อสู้และปิ๊กอัพ,Savaş ve toplamalardan daha güçlü güç üretiminin kilidini açar.,Mở khóa khả năng tạo sức mạnh mạnh mẽ hơn từ chiến đấu và xe bán tải.,从战斗和皮卡中释放更强大的发电能力。
UPGRADE_DB_DESCRIPTION_RECRUIT_GUARDIAN,Adds the Guardian hero to your combat lineup.,يضيف بطل Guardian إلى تشكيلة القتال الخاصة بك.,Afegeix l'heroi Guardian a la teva alineació de combat.,Přidá hrdinu Guardian do vaší bojové sestavy.,Fügt den Guardian-Helden zu deiner Kampfaufstellung hinzu.,Agrega el héroe Guardián a tu alineación de combate.,Ajoute le héros Gardien à votre effectif de combat.,מוסיף את גיבור ה-Guardian למערך הלחימה שלך.,Menambahkan pahlawan Penjaga ke barisan tempur Anda.,Aggiunge l'eroe Guardiano alla tua formazione di combattimento.,ガーディアンのヒーローを戦闘ラインナップに追加します。,전투 라인업에 Guardian 영웅을 추가합니다.,Dodaje bohatera Strażnika do twojego składu bojowego.,Adiciona o herói Guardião à sua escalação de combate.,Добавляет героя-Стража в ваш боевой состав.,เพิ่มฮีโร่ Guardian ให้กับรายชื่อการต่อสู้ของคุณ,Muhafız kahramanını savaş dizilişinize ekler.,Thêm anh hùng Người giám hộ vào đội hình chiến đấu của bạn.,将守护者英雄添加到您的战斗阵容中。
UPGRADE_DB_DESCRIPTION_GUARDIAN_FORTIFY_UNLOCK,Unlocks the Guardian active: grants a Limited-Time Fortify that reduces incoming damage.,يفتح Guardian نشطًا: يمنح تحصينًا لفترة محدودة يقلل من الأضرار الواردة.,Desbloqueja el guardià actiu: atorga un enfortiment per temps limitat que redueix el dany entrant.,"Odemyká aktivního strážce: poskytuje časově omezené posílení, které snižuje příchozí poškození.","Schaltet den aktiven Wächter frei: Gewährt eine zeitlich begrenzte Verstärkung, die den eingehenden Schaden verringert.",Desbloquea al Guardián activo: otorga una Fortificación por tiempo limitado que reduce el daño recibido.,Débloque l'actif Gardien : accorde un Fortification à durée limitée qui réduit les dégâts reçus.,פותח את ה-Guardian פעיל: מעניק חיזוק לזמן מוגבל שמפחית נזקים נכנסים.,Membuka kunci Penjaga aktif: memberikan Benteng Waktu Terbatas yang mengurangi kerusakan yang masuk.,Sblocca il Guardiano attivo: garantisce una fortificazione a tempo limitato che riduce i danni in arrivo.,アクティブなガーディアンのロックを解除します。受けるダメージを軽減する期間限定の Fortify を付与します。,Guardian 활성 상태를 잠금 해제합니다. 받는 피해를 줄이는 기간 한정 요새화를 부여합니다.,"Odblokowuje Aktywnego Strażnika: zapewnia ograniczone czasowo wzmocnienie, które zmniejsza otrzymywane obrażenia.",Desbloqueia o Guardião ativo: concede uma Fortificação por tempo limitado que reduz o dano recebido.,"Открывает активную функцию Стража: дает ограниченное по времени усиление, уменьшающее входящий урон.",ปลดล็อค Guardian ที่ใช้งานอยู่: ให้การเสริมความแข็งแกร่งแบบจำกัดเวลาซึ่งจะช่วยลดความเสียหายที่เข้ามา,Aktif Muhafızın kilidini açar: Gelen hasarı azaltan bir Sınırlı Süreli Tahkimat kazandırır.,Mở khóa kích hoạt Người giám hộ: cấp Pháo đài trong thời gian giới hạn để giảm sát thương nhận vào.,解锁守护者主动：授予限时强化，减少传入伤害。
UPGRADE_DB_DESCRIPTION_RECRUIT_MAGE,Adds the Mage hero to your combat lineup.,يضيف البطل Mage إلى تشكيلة القتال الخاصة بك.,Afegeix l'heroi Mag a la teva alineació de combat.,Přidá hrdinu Mága do vaší bojové sestavy.,Fügt den Magier-Helden zu Ihrer Kampfaufstellung hinzu.,Agrega el héroe Mago a tu alineación de combate.,Ajoute le héros Mage à votre effectif de combat.,מוסיף את גיבור הקוסם למערך הלחימה שלך.,Menambahkan pahlawan Mage ke barisan tempur Anda.,Aggiunge l'eroe Mago alla tua formazione di combattimento.,魔術師のヒーローを戦闘ラインナップに追加します。,전투 라인업에 마법사 영웅을 추가합니다.,Dodaje bohatera Maga do twojego zestawu bojowego.,Adiciona o herói Mago à sua escalação de combate.,Добавляет героя-мага в ваш боевой состав.,เพิ่มฮีโร่ Mage ในกลุ่มการต่อสู้ของคุณ,Büyücü kahramanını savaş dizilişinize ekler.,Thêm anh hùng Pháp sư vào đội hình chiến đấu của bạn.,将法师英雄添加到您的战斗阵容中。
UPGRADE_DB_DESCRIPTION_MAGE_STORM_UNLOCK,"Unlocks the Mage active: while active, the storm repeatedly damages all enemies on screen.",يفتح الساحر النشط: أثناء نشاطه، تتسبب العاصفة بشكل متكرر في إتلاف جميع الأعداء على الشاشة.,"Desbloqueja el Mag actiu: mentre està actiu, la tempesta danya repetidament tots els enemics a la pantalla.","Odemyká aktivního mága: když je aktivní, bouře opakovaně poškozuje všechny nepřátele na obrazovce.","Schaltet den aktiven Magier frei: Während er aktiv ist, fügt der Sturm wiederholt allen Feinden auf dem Bildschirm Schaden zu.","Desbloquea al mago activo: mientras está activo, la tormenta daña repetidamente a todos los enemigos en la pantalla.","Débloque le Mage actif : lorsqu'elle est active, la tempête endommage à plusieurs reprises tous les ennemis à l'écran.","פותח את הקוסם הפעיל: בעודו פעיל, הסופה פוגעת שוב ושוב בכל האויבים על המסך.","Membuka kunci Mage aktif: saat aktif, badai berulang kali memberikan kerusakan pada semua musuh di layar.","Sblocca il Mago attivo: mentre è attivo, la tempesta danneggia ripetutamente tutti i nemici sullo schermo.",アクティブな魔術師のロックを解除します。アクティブの間、嵐は画面上のすべての敵に繰り返しダメージを与えます。,활성화된 마법사 잠금 해제: 활성화된 동안 폭풍은 화면의 모든 적에게 반복적으로 피해를 줍니다.,"Odblokowuje aktywnego Maga: gdy jest aktywny, burza wielokrotnie zadaje obrażenia wszystkim wrogom na ekranie.","Desbloqueia o Mago ativo: enquanto ativa, a tempestade causa danos repetidamente a todos os inimigos na tela.","Разблокирует активный маг: пока он активен, шторм неоднократно наносит урон всем врагам на экране.",ปลดล็อค Mage ขณะใช้งาน: ขณะใช้งาน พายุจะสร้างความเสียหายซ้ำๆ ให้กับศัตรูทั้งหมดบนหน้าจอ,"Aktif Büyücünün kilidini açar: aktifken fırtına, ekrandaki tüm düşmanlara art arda hasar verir.","Mở khóa Pháp sư đang hoạt động: khi hoạt động, cơn bão liên tục gây sát thương cho tất cả kẻ thù trên màn hình.",解锁活跃的法师：活跃时，风暴会反复伤害屏幕上的所有敌人。
UPGRADE_DB_DESCRIPTION_VITALITY_FOUNDATION,"Unlocks the Vitality tree: +50 max Health. From here you can invest in Hitpoints, Power, or Channel time.",يفتح شجرة الحيوية: +50 كحد أقصى من الصحة. من هنا يمكنك الاستثمار في نقاط الإصابة أو القوة أو وقت القناة.,"Desbloqueja l'arbre de vitalitat: +50 màxim de salut. Des d'aquí podeu invertir en Hitpoints, Power o Channel Time.","Odemkne strom vitality: max. zdraví +50. Odtud můžete investovat do Hitpoints, Power nebo Channel time.","Schaltet den Vitalitätsbaum frei: +50 maximale Gesundheit. Von hier aus können Sie in Trefferpunkte, Kraft oder Kanalzeit investieren.","Desbloquea el árbol de vitalidad: +50 de salud máxima. Desde aquí puedes invertir en Hitpoints, Power o Channel time.","Débloque l'arbre Vitalité : +50 Santé max. À partir de là, vous pouvez investir dans les points de vie, la puissance ou le temps de chaîne.","פותח את עץ החיוניות: +50 מקסימום בריאות. מכאן תוכלו להשקיע ב-Hitpoints, Power או Time Channel.","Membuka kunci pohon Vitalitas: +50 Kesehatan maksimal. Dari sini Anda dapat berinvestasi dalam Hitpoints, Power, atau Channel time.","Sblocca l'albero della vitalità: +50 salute massima. Da qui puoi investire in Hitpoint, Potenza o Tempo di canalizzazione.",活力ツリーのロックを解除します: +50 最大体力。ここから、ヒットポイント、パワー、またはチャネル時間に投資できます。,"활력 트리 잠금 해제: 최대 체력 +50. 여기에서 Hitpoints, Power 또는 Channel time에 투자할 수 있습니다.","Odblokowuje drzewo witalności: +50 maksymalnego zdrowia. Stąd możesz inwestować w punkty życia, moc lub czas utrzymywania umiejętności.","Desbloqueia a árvore de vitalidade: +50 de saúde máxima. A partir daqui você pode investir em pontos de vida, potência ou tempo de canal.","Открывает дерево живучести: +50 к максимальному здоровью. Отсюда вы можете инвестировать в очки жизни, силу или время канала.","ปลดล็อคแผนผังพลังชีวิต: พลังชีวิตสูงสุด +50 จากที่นี่ คุณสามารถลงทุนใน Hitpoints, Power หรือ Channel time","Canlılık ağacının kilidini açar: +50 maksimum Sağlık. Buradan İsabet Puanına, Güce veya Kanal zamanına yatırım yapabilirsiniz.","Mở khóa cây Sức sống: +50 Máu tối đa. Từ đây, bạn có thể đầu tư vào Điểm truy cập, Sức mạnh hoặc thời gian Kênh.",解锁活力树：+50 最大生命值。从这里您可以投资生命值、能量或通道时间。
UPGRADE_DB_DESCRIPTION_HERO_COIN_GAIN,Multiplies coin value by +6% per level (exponential over 20 levels). Applies to coins collected by heroes or cursor.,مضاعفة قيمة العملة بنسبة +6% لكل مستوى (أسي على 20 مستوى). ينطبق على العملات المعدنية التي يجمعها الأبطال أو المؤشر.,Multiplica el valor de la moneda per +6% per nivell (exponencial en 20 nivells). S'aplica a les monedes recollides pels herois o el cursor.,Vynásobí hodnotu mince o +6 % za úroveň (exponenciálně přes 20 úrovní). Platí pro mince shromážděné hrdiny nebo kurzorem.,"Vervielfacht den Münzwert um +6 % pro Level (exponentiell über 20 Level). Gilt für Münzen, die von Helden oder dem Cursor gesammelt wurden.",Multiplica el valor de la moneda en un +6% por nivel (exponencial en 20 niveles). Se aplica a las monedas recolectadas por héroes o cursor.,Multiplie la valeur de la pièce de +6 % par niveau (exponentiel sur 20 niveaux). S'applique aux pièces collectées par les héros ou le curseur.,מכפיל את ערך המטבע ב-+6% לרמה (מעריכי מעל 20 רמות). חל על מטבעות שנאספו על ידי גיבורים או סמן.,Mengalikan nilai koin sebesar +6% per level (eksponensial di atas 20 level). Berlaku untuk koin yang dikumpulkan oleh pahlawan atau kursor.,Moltiplica il valore della moneta del +6% per livello (esponenziale su 20 livelli). Si applica alle monete raccolte dagli eroi o dal cursore.,レベルごとにコインの価値に +6% を掛けます (20 レベルでは指数関数的に増加します)。ヒーローまたはカーソルが収集したコインに適用されます。,레벨당 코인 가치가 +6%만큼 증가합니다(20레벨에 걸쳐 기하급수적으로 증가). 영웅이나 커서가 수집한 코인에 적용됩니다.,Mnoży wartość monety o +6% na poziom (wykładniczo przez 20 poziomów). Dotyczy monet zebranych przez bohaterów lub kursor.,Multiplica o valor da moeda por +6% por nível (exponencial em 20 níveis). Aplica-se a moedas coletadas por heróis ou cursor.,"Умножает стоимость монет на +6% за уровень (экспоненциально более 20 уровней). Применяется к монетам, собранным героями или курсором.",คูณมูลค่าเหรียญ +6% ต่อระดับ (เลขชี้กำลังมากกว่า 20 ระดับ) ใช้กับเหรียญที่รวบรวมโดยฮีโร่หรือเคอร์เซอร์,Jeton değerini seviye başına +%6 ile çarpar (20 seviyenin üzerinde üstel). Kahramanlar veya imleç tarafından toplanan paralar için geçerlidir.,Nhân giá trị đồng xu lên +6% mỗi cấp (theo cấp số nhân trên 20 cấp). Áp dụng cho đồng xu được thu thập bởi anh hùng hoặc con trỏ.,每级将金币价值乘以 +6%（20 级以上呈指数级增长）。适用于英雄或光标收集的硬币。
UPGRADE_DB_DESCRIPTION_CURSOR_CAPTURE_GAIN,Multiplies cursor-captured coin value by +2.5% per level (exponential over 25 levels).,مضاعفة قيمة العملة التي تم التقاطها بواسطة المؤشر بنسبة +2.5% لكل مستوى (أسي على 25 مستوى).,"Multiplica el valor de la moneda capturada amb el cursor per +2,5% per nivell (exponencial en 25 nivells).","Vynásobí hodnotu mincí zachycených kurzorem +2,5 % za úroveň (exponenciálně přes 25 úrovní).","Multipliziert den mit dem Cursor erfassten Münzwert um +2,5 % pro Stufe (exponentiell über 25 Stufen).","Multiplica el valor de la moneda capturada por el cursor en un +2,5 % por nivel (exponencial en 25 niveles).","Multiplie la valeur de la pièce capturée par le curseur par +2,5 % par niveau (exponentiel sur 25 niveaux).",מכפיל את ערך המטבע שנתפס בסמן ב-+2.5% לרמה (מעריכי מעל 25 רמות).,"Mengalikan nilai koin yang ditangkap kursor sebesar +2,5% per level (eksponensial di atas 25 level).","Moltiplica il valore delle monete catturate dal cursore del +2,5% per livello (esponenziale su 25 livelli).",カーソルで捕らえたコインの価値にレベルごとに +2.5% を乗算します (25 レベルにわたって指数関数的に増加します)。,커서로 캡처한 코인 가치를 레벨당 +2.5%(25레벨 이상 기하급수적으로) 증가시킵니다.,"Mnoży wartość monety przechwyconej przez kursor o +2,5% na poziom (wykładniczo na 25 poziomach).","Multiplica o valor da moeda capturada pelo cursor por +2,5% por nível (exponencial em 25 níveis).","Умножает стоимость монеты, захваченной курсором, на +2,5% за уровень (экспоненциально для 25 уровней).",คูณมูลค่าเหรียญที่เคอร์เซอร์จับ +2.5% ต่อระดับ (เลขชี้กำลังมากกว่า 25 ระดับ),"İmleçle yakalanan jeton değerini seviye başına +%2,5 oranında çarpar (25 seviyenin üzerinde üstel).","Nhân giá trị đồng xu được con trỏ bắt được với +2,5% mỗi cấp (theo hàm mũ trên 25 cấp).",每级将光标捕获的硬币价值乘以 +2.5%（超过 25 级呈指数）。
UPGRADE_DB_DESCRIPTION_VITALITY_HITPOINTS,Increases max Health by 20% per level. Each of the five tracks (I-V) adds 20% per level; cost scales 3x per track depth. Stacks multiplicatively across all levels.,يزيد الحد الأقصى للصحة بنسبة 20% لكل مستوى. يضيف كل مسار من المسارات الخمسة (I-V) 20% لكل مستوى؛ مقاييس التكلفة 3x لكل عمق المسار. أكوام بشكل مضاعف عبر جميع المستويات.,Augmenta la salut màxima un 20% per nivell. Cadascuna de les cinc pistes (I-V) afegeix un 20% per nivell; el cost s'escau 3x per profunditat de pista. S'apilen de manera multiplicativa a tots els nivells.,Zvyšuje maximální zdraví o 20 % za úroveň. Každá z pěti stop (I-V) přidává 20 % za úroveň; stupnice nákladů 3x na hloubku stopy. Hromady na všech úrovních.,Erhöht die maximale Gesundheit um 20 % pro Level. Jeder der fünf Tracks (I-V) fügt 20 % pro Level hinzu; Kosten skalieren 3x pro Gleistiefe. Multiplikativ über alle Ebenen stapelbar.,Aumenta la salud máxima en un 20% por nivel. Cada una de las cinco pistas (I-V) añade un 20% por nivel; El costo aumenta 3 veces por profundidad de pista. Se acumula multiplicativamente en todos los niveles.,Augmente la santé maximale de 20 % par niveau. Chacune des cinq pistes (I-V) ajoute 20 % par niveau ; le coût est multiplié par 3 par profondeur de piste. Se cumule de manière multiplicative à tous les niveaux.,מגדיל את מקסימום בריאות ב-20% לכל רמה. כל אחד מחמשת המסלולים (I-V) מוסיף 20% לרמה; מאזני עלות פי 3 לכל עומק מסילה. נערמים באופן כפול בכל הרמות.,Meningkatkan Kesehatan maksimal sebesar 20% per level. Masing-masing dari lima trek (I-V) menambahkan 20% per level; skala biaya 3x per kedalaman trek. Tumpukan secara berlipat ganda di semua level.,Aumenta la salute massima del 20% per livello. Ciascuna delle cinque tracce (I-V) aggiunge il 20% per livello; il costo scala 3 volte per profondità della traccia. Si accumula in modo moltiplicativo su tutti i livelli.,レベルごとに最大体力が 20% 増加します。 5 つのトラック (I ～ V) のそれぞれは、レベルごとに 20% を追加します。コストはトラックの深さごとに 3 倍に拡大します。すべてのレベルにわたって乗算的にスタックされます。,레벨당 최대 체력이 20% 증가합니다. 5개 트랙(I-V) 각각은 레벨당 20%를 추가합니다. 비용은 트랙 깊이당 3배로 늘어납니다. 모든 레벨에 걸쳐 곱셈적으로 쌓입니다.,Zwiększa maksymalne zdrowie o 20% na poziom. Każda z pięciu ścieżek (I-V) dodaje 20% na poziom; Koszt skaluje się 3x na głębokość toru. Kumuluje się multiplikacyjnie na wszystkich poziomach.,Aumenta a saúde máxima em 20% por nível. Cada uma das cinco faixas (I-V) acrescenta 20% por nível; o custo aumenta 3x por profundidade de pista. Acumula-se multiplicativamente em todos os níveis.,Увеличивает максимальное здоровье на 20% за уровень. Каждая из пяти дорожек (IV) добавляет 20% за уровень; Стоимость увеличивается в 3 раза за глубину пути. Мультипликативно суммируется на всех уровнях.,เพิ่มพลังชีวิตสูงสุด 20% ต่อระดับ แต่ละแทร็กทั้งห้า (I-V) จะเพิ่ม 20% ต่อระดับ สเกลราคา 3 เท่าต่อความลึกของแทร็ก สแต็คทวีคูณในทุกระดับ,"Maksimum Sağlığı seviye başına %20 artırır. Beş parçanın her biri (I-V), seviye başına %20 ekler; maliyet, iz derinliği başına 3 kat artar. Tüm seviyelerde katlanarak yığınlar.",Tăng lượng máu tối đa thêm 20% mỗi cấp. Mỗi bài trong số năm bài hát (I-V) tăng thêm 20% cho mỗi cấp độ; chi phí tăng gấp 3 lần cho mỗi độ sâu theo dõi. Ngăn xếp theo cấp số nhân trên tất cả các cấp.,每升一级，最大生命值增加 20%。五个轨道（I-V）每级增加 20%；每个轨道深度的成本缩放 3 倍。在所有级别上以乘法方式堆叠。
UPGRADE_DB_DESCRIPTION_VITALITY_POWER,Increases power generation and power capacity by 5% per level. Each of the five tracks (I-V) adds 5% per level; cost scales 3x per track depth.,يزيد من توليد الطاقة وسعة الطاقة بنسبة 5% لكل مستوى. يضيف كل مسار من المسارات الخمسة (I-V) 5% لكل مستوى؛ مقاييس التكلفة 3x لكل عمق المسار.,Augmenta la generació d'energia i la capacitat d'energia en un 5% per nivell. Cadascuna de les cinc pistes (I-V) afegeix un 5% per nivell; el cost s'escau 3x per profunditat de pista.,Zvyšuje výrobu energie a výkonovou kapacitu o 5 % na úroveň. Každá z pěti stop (I-V) přidává 5 % za úroveň; stupnice nákladů 3x na hloubku stopy.,Erhöht die Stromerzeugung und Stromkapazität um 5 % pro Stufe. Jeder der fünf Tracks (I-V) fügt 5 % pro Level hinzu; Kosten skalieren 3x pro Gleistiefe.,Aumenta la generación de energía y la capacidad de energía en un 5% por nivel. Cada una de las cinco pistas (I-V) añade un 5% por nivel; El costo aumenta 3 veces por profundidad de pista.,Augmente la production d'énergie et la capacité électrique de 5 % par niveau. Chacune des cinq pistes (I-V) ajoute 5 % par niveau ; le coût est multiplié par 3 par profondeur de piste.,מגדיל את ייצור החשמל ויכולת החשמל ב-5% לרמה. כל אחד מחמשת המסלולים (I-V) מוסיף 5% לרמה; מאזני עלות פי 3 לכל עומק מסילה.,Meningkatkan pembangkitan listrik dan kapasitas daya sebesar 5% per level. Masing-masing dari lima trek (I-V) menambahkan 5% per level; skala biaya 3x per kedalaman trek.,Aumenta la generazione di energia e la capacità di energia del 5% per livello. Ciascuna delle cinque tracce (I-V) aggiunge il 5% per livello; il costo scala 3 volte per profondità della traccia.,レベルごとに発電量と電力容量が 5% 増加します。 5 つのトラック (I ～ V) のそれぞれは、レベルごとに 5% を追加します。コストはトラックの深さごとに 3 倍に拡大します。,레벨당 발전량과 전력 용량이 5%씩 증가합니다. 5개 트랙(I-V) 각각은 레벨당 5%를 추가합니다. 비용은 트랙 깊이당 3배로 늘어납니다.,Zwiększa wytwarzanie i pojemność mocy o 5% na poziom. Każda z pięciu ścieżek (I-V) dodaje 5% na poziom; Koszt skaluje się 3x na głębokość toru.,Aumenta a geração de energia e a capacidade de energia em 5% por nível. Cada uma das cinco faixas (IV) adiciona 5% por nível; o custo aumenta 3x por profundidade de pista.,Увеличивает выработку энергии и мощность на 5% за уровень. Каждый из пяти треков (IV) добавляет 5% за уровень; Стоимость увеличивается в 3 раза за глубину пути.,เพิ่มการผลิตไฟฟ้าและกำลังการผลิตไฟฟ้า 5% ต่อระดับ แต่ละแทร็กทั้งห้า (I-V) จะเพิ่ม 5% ต่อระดับ สเกลราคา 3 เท่าต่อความลึกของแทร็ก,"Güç üretimini ve güç kapasitesini seviye başına %5 artırır. Beş parçanın her biri (I-V), seviye başına %5 ekler; maliyet, iz derinliği başına 3 kat artar.",Tăng khả năng phát điện và công suất điện thêm 5% mỗi cấp. Mỗi bài trong số năm bài hát (I-V) tăng thêm 5% cho mỗi cấp độ; chi phí tăng gấp 3 lần cho mỗi độ sâu theo dõi.,每升一级，发电量和电力容量增加 5%。五个轨道（I-V）每级增加 5%；每个轨道深度的成本缩放 3 倍。
UPGRADE_DB_DESCRIPTION_VITALITY_CHANNEL,"Increases active ability channel (duration) by 5% per level, active power cost by 5% per level, and power charged per hero click by 5% per level. Lets actives run longer at a higher activation cost without increasing clicks to cast. Cost scales 3x per track depth.",تزيد قناة القدرة النشطة (المدة) بنسبة 5% لكل مستوى، وتكلفة الطاقة النشطة بنسبة 5% لكل مستوى، والطاقة المشحونة لكل نقرة بطل بنسبة 5% لكل مستوى. يتيح تشغيل العناصر النشطة لفترة أطول بتكلفة تنشيط أعلى دون زيادة النقرات للإرسال. مقاييس التكلفة 3x لكل عمق المسار.,"Augmenta el canal d'habilitat activa (durada) un 5% per nivell, el cost de l'energia activa un 5% per nivell i la potència carregada per clic d'heroi un 5% per nivell. Permet que els actius s'executin més temps a un cost d'activació més elevat sense augmentar els clics per emetre. El cost s'escala 3 vegades per profunditat de pista.","Zvyšuje kanál aktivních schopností (trvání) o 5 % na úroveň, náklady na aktivní energii o 5 % na úroveň a výkon účtovaný za kliknutí hrdiny o 5 % na úroveň. Umožňuje aktivním běžet déle s vyššími aktivačními náklady, aniž by zvyšoval počet kliknutí k odeslání. Náklady se zvyšují 3x na hloubku stopy.","Erhöht den aktiven Fähigkeitskanal (Dauer) um 5 % pro Level, die aktiven Kraftkosten um 5 % pro Level und die pro Heldenklick aufgeladene Kraft um 5 % pro Level. Ermöglicht die längere Ausführung von Aktiven bei höheren Aktivierungskosten, ohne dass mehr Klicks zum Wirken erforderlich sind. Die Kosten skalieren 3x pro Gleistiefe.","Aumenta el canal de habilidad activa (duración) en un 5 % por nivel, el costo de energía activa en un 5 % por nivel y el poder cargado por clic de héroe en un 5 % por nivel. Permite que los activos se ejecuten por más tiempo a un costo de activación más alto sin aumentar los clics para transmitir. El costo aumenta 3 veces por profundidad de pista.","Augmente le canal de capacité active (durée) de 5 % par niveau, le coût en puissance active de 5 % par niveau et la puissance chargée par clic de héros de 5 % par niveau. Permet aux actifs de fonctionner plus longtemps à un coût d'activation plus élevé sans augmenter les clics pour lancer. Le coût est multiplié par 3 par profondeur de piste.","מגדיל את ערוץ היכולת הפעילה (משך זמן) ב-5% לכל רמה, עלות כוח אקטיבי ב-5% לכל רמה, והספק נטען לכל קליק גיבור ב-5% לכל רמה. מאפשר לפעילים לרוץ זמן רב יותר בעלות הפעלה גבוהה יותר מבלי להגדיל את מספר הקליקים להעברה. קנה מידה עלות פי 3 לכל עומק מסלול.","Meningkatkan saluran kemampuan aktif (durasi) sebesar 5% per level, biaya daya aktif sebesar 5% per level, dan daya yang dibebankan per klik pahlawan sebesar 5% per level. Memungkinkan aktif berjalan lebih lama dengan biaya aktivasi lebih tinggi tanpa meningkatkan klik untuk mentransmisi. Skala biaya 3x per kedalaman trek.","Aumenta il canale dell'abilità attiva (durata) del 5% per livello, il costo del potere attivo del 5% per livello e il potere caricato per clic dell'eroe del 5% per livello. Consente agli attivi di durare più a lungo a un costo di attivazione più elevato senza aumentare i clic da trasmettere. Il costo scala 3 volte per profondità della traccia.",アクティブ アビリティ チャンネル (持続時間) がレベルごとに 5%、アクティブ パワー コストがレベルごとに 5%、ヒーローのクリックごとにチャージされるパワーがレベルごとに 5% 増加します。キャストするクリック数を増やすことなく、アクティベーション コストを高くしてもアクティブをより長く実行できます。コストはトラックの深さごとに 3 倍に拡大します。,"활성 능력 채널(지속 시간)이 레벨당 5% 증가하고, 활성 전력 비용이 레벨당 5% 증가하며, 영웅 클릭당 충전되는 전력이 레벨당 5% 증가합니다. 시전할 클릭 수를 늘리지 않고도 더 높은 활성화 비용으로 활성 사용자를 더 오래 실행할 수 있습니다. 비용은 트랙 깊이당 3배로 증가합니다.","Zwiększa kanał aktywnej zdolności (czas trwania) o 5% na poziom, koszt mocy czynnej o 5% na poziom i moc pobieraną za kliknięcie bohatera o 5% na poziom. Pozwala aktywom działać dłużej przy wyższych kosztach aktywacji, bez zwiększania liczby kliknięć w celu oddania. Koszt skaluje się 3x na głębokość toru.","Aumenta o canal de habilidade ativa (duração) em 5% por nível, o custo de poder ativo em 5% por nível e o poder cobrado por clique do herói em 5% por nível. Permite que os ativos sejam executados por mais tempo com um custo de ativação mais alto, sem aumentar os cliques para lançar. O custo aumenta 3x por profundidade de pista.","Увеличивает канал активной способности (длительность) на 5% за уровень, стоимость активной мощности на 5% за уровень и мощность, заряжаемую за клик героя, на 5% за уровень. Позволяет активным действиям работать дольше при более высокой стоимости активации без увеличения количества кликов для применения. Стоимость увеличивается в 3 раза за глубину пути.",เพิ่มช่องความสามารถใช้งาน (ระยะเวลา) 5% ต่อระดับ ค่าพลังใช้งาน 5% ต่อระดับ และพลังที่ชาร์จต่อการคลิกของฮีโร่ 5% ต่อระดับ ช่วยให้แอคทีฟทำงานได้นานขึ้นโดยมีค่าใช้จ่ายในการเปิดใช้งานที่สูงขึ้น โดยไม่ต้องเพิ่มจำนวนคลิกในการร่าย ต้นทุนปรับสเกล 3 เท่าต่อความลึกของแทร็ก,"Aktif yetenek kanalını (süreyi) seviye başına %5, aktif güç maliyetini seviye başına %5 ve kahraman tıklaması başına yüklenen gücü seviye başına %5 artırır. Etkin öğelerin, gerçekleştirilecek tıklama sayısını artırmadan daha yüksek etkinleştirme maliyetiyle daha uzun süre çalışmasına olanak tanır. Maliyet, iz derinliği başına 3 kat artar.","Tăng kênh khả năng hoạt động (thời lượng) thêm 5% mỗi cấp, chi phí năng lượng hoạt động thêm 5% mỗi cấp và sức mạnh tính cho mỗi lần nhấp vào anh hùng thêm 5% mỗi cấp. Cho phép kích hoạt chạy lâu hơn với chi phí kích hoạt cao hơn mà không làm tăng số lần nhấp chuột để truyền. Chi phí tăng gấp 3 lần cho mỗi độ sâu theo dõi.",每升一级，主动能力通道（持续时间）增加 5%，每级主动能量消耗增加 5%，每级英雄点击的能量增加 5%。让活动以更高的激活成本运行更长时间，而无需增加施放点击次数。每个轨道深度的成本缩放 3 倍。
UPGRADE_DB_DESCRIPTION_CORE_ARMOR,"Unlocks the Core Armor branch: three paths that reduce enemy, DOT, and boss damage taken. Armor can prevent at most 90% of damage taken.",يفتح فرع Core Armor: ثلاثة مسارات تقلل الضرر الذي يحدثه العدو وDOT والزعيم. يمكن للدرع أن يمنع 90% من الضرر الحاصل على الأكثر.,"Desbloqueja la branca Core Armor: tres camins que redueixen el dany de l'enemic, el DOT i el cap. L'armadura pot evitar com a màxim el 90% del dany rebut.","Odemyká větev Core Armor: tři cesty, které snižují poškození nepřátel, DOT a bossů. Brnění dokáže zabránit maximálně 90 % utrženého poškození.","Schaltet den Core Armor-Zweig frei: drei Pfade, die den erlittenen Feind-, DOT- und Boss-Schaden reduzieren. Rüstung kann höchstens 90 % des erlittenen Schadens verhindern.","Desbloquea la rama Core Armor: tres caminos que reducen el daño recibido por enemigos, DOT y jefes. La armadura puede prevenir como máximo el 90% del daño recibido.","Débloque la branche Core Armor : trois chemins qui réduisent les dégâts subis par les ennemis, les DOT et les boss. L'armure peut empêcher au maximum 90 % des dégâts subis.","פותח את ענף Core Armor: שלושה נתיבים שמקטינים את נזקי האויב, DOT והבוס. שריון יכול למנוע לכל היותר 90% מהנזק שנגרם.","Membuka kunci cabang Core Armor: tiga jalur yang mengurangi kerusakan yang diterima musuh, DOT, dan bos. Armor dapat mencegah paling banyak 90% kerusakan yang diterima.","Sblocca il ramo Armatura centrale: tre percorsi che riducono i danni subiti da nemici, DOT e boss. L'armatura può prevenire al massimo il 90% dei danni subiti.",コア アーマー ブランチのロックを解除します。敵、DOT、およびボスが受けるダメージを軽減する 3 つのパスです。鎧は受けるダメージの最大 90% を防ぐことができます。,"코어 아머 분기를 잠금 해제합니다. 적, 도트, 보스의 피해를 줄이는 세 가지 경로입니다. 방어구는 받는 피해의 최대 90%를 방지할 수 있습니다.","Odblokowuje gałąź Core Armor: trzy ścieżki zmniejszające obrażenia otrzymywane przez wrogów, DOT i bossów. Pancerz może zapobiec maksymalnie 90% otrzymanych obrażeń.","Desbloqueia o ramo Core Armor: três caminhos que reduzem os danos sofridos por inimigos, DOT e chefes. A armadura pode prevenir no máximo 90% do dano sofrido.","Открывает ветку Core Armor: три пути, которые уменьшают получаемый врагом, DOT и боссом урон. Броня может предотвратить не более 90% получаемого урона.","ปลดล็อคสาขา Core Armor: สามเส้นทางที่ลดศัตรู, DOT และความเสียหายของบอสที่ได้รับ เกราะสามารถป้องกันความเสียหายที่ได้รับได้สูงสุด 90%","Çekirdek Zırh dalının kilidini açar: düşmanın, DOT'un ve boss'un aldığı hasarı azaltan üç yol. Zırh, alınan hasarın en fazla %90'ını önleyebilir.","Mở khóa nhánh Core Armor: ba con đường giúp giảm sát thương của kẻ địch, DOT và trùm. Áo giáp có thể ngăn chặn tối đa 90% sát thương nhận vào.",解锁核心护甲分支：减少敌人、DOT 和 Boss 伤害的三种路径。护甲最多可以防御 90% 的伤害。
UPGRADE_DB_DESCRIPTION_CORE_ARMOR_ENEMY,Reduces regular enemy contact damage by %d.,يقلل من ضرر الاتصال المنتظم بالعدو بمقدار %d.,Redueix el dany de contacte habitual de l'enemic en %d.,Snižuje běžné poškození nepřátelským kontaktem o %d.,Reduziert den normalen Schaden durch Feindkontakt um %d.,Reduce el daño normal por contacto con el enemigo en %d.,Réduit les dégâts de contact réguliers de l'ennemi de %d.,מפחית נזק קבוע למגע אויב ב-%d.,Mengurangi kerusakan kontak musuh biasa sebesar %d.,Riduce i normali danni da contatto nemico di %d.,通常の敵の接触ダメージを%d減少させます。,일반 적의 접촉 피해를 %d만큼 줄입니다.,Zmniejsza zwykłe obrażenia od kontaktu z wrogiem o %d.,Reduz o dano normal de contato com o inimigo em %d.,Уменьшает обычный контактный урон противника на %d.,ลดความเสียหายจากการสัมผัสศัตรูปกติลง %d,Normal düşman temas hasarını %d azaltır.,Giảm sát thương khi tiếp xúc thường xuyên với kẻ địch đi %d.,减少 %d 的常规敌人接触伤害。
UPGRADE_DB_DESCRIPTION_CORE_ARMOR_DOT,Reduces damage-over-time by %d damage per second.,يقلل الضرر بمرور الوقت بمقدار %d ضرر في الثانية.,Redueix els danys al llarg del temps en %d danys per segon.,Snižuje poškození v průběhu času o %d poškození za sekundu.,Reduziert den Schaden über Zeit um %d Schaden pro Sekunde.,Reduce el daño en el tiempo en %d daño por segundo.,Réduit les dégâts sur la durée de %d dégâts par seconde.,מפחית נזק לאורך זמן ב-%d נזק לשנייה.,Mengurangi kerusakan seiring waktu sebesar %d kerusakan per detik.,Riduce il danno nel tempo di %d danno al secondo.,時間の経過に伴うダメージを 1 秒あたり %d ダメージ減少させます。,초당 %d 피해만큼 시간에 따른 피해를 줄입니다.,Zmniejsza obrażenia w czasie o %d obrażeń na sekundę.,Reduz o dano ao longo do tempo em %d dano por segundo.,Уменьшает периодический урон на %d урона в секунду.,ลดความเสียหายต่อเวลาลง %d ความเสียหายต่อวินาที,Zaman içindeki hasarı saniyede %d kadar azaltır.,Giảm sát thương theo thời gian bằng %d sát thương mỗi giây.,每秒减少 %d 伤害。
UPGRADE_DB_DESCRIPTION_CORE_ARMOR_BOSS,"Blocks %d boss contact damage per purchase in this node, %d total when fully upgraded.",يحظر %d ضرر الاتصال بالرئيس لكل عملية شراء في هذه العقدة، %d الإجمالي عند الترقية بالكامل.,"Bloqueja %d danys de contacte del cap per compra en aquest node, %d total quan s'actualitza completament.","Blokuje %d poškození kontaktů šéfa na nákup v tomto uzlu, celkem %d po úplném upgradu.","Blockiert %d Bosskontaktschaden pro Kauf in diesem Knoten, insgesamt %d bei vollständigem Upgrade.","Bloquea %d daño de contacto del jefe por compra en este nodo, %d en total cuando está completamente actualizado.","Bloque %d dégâts de contact du boss par achat dans ce nœud, soit %d au total une fois entièrement mis à niveau.","חוסם נזק %d ליצירת קשר עם הבוס לכל רכישה בצומת זה, %d סך הכל כאשר הוא משודרג במלואו.","Memblokir %d kerusakan kontak bos per pembelian di node ini, total %d saat ditingkatkan sepenuhnya.","Blocca %d danni da contatto del boss per acquisto in questo nodo, %d totale una volta aggiornato completamente.",このノードでの購入ごとに %d 回のボス接触ダメージをブロックします。完全にアップグレードすると合計 %d 回になります。,"이 노드에서 구매당 %d 보스 접촉 피해를 차단하며, 완전히 업그레이드되면 총 %d을 차단합니다.","Blokuje %d obrażeń od kontaktu z bossem na zakup w tym węźle, łącznie %d po pełnym ulepszeniu.","Bloqueia %d dano de contato do chefe por compra neste nó, total de %d quando totalmente atualizado.","Блокирует %d контактного урона с боссом за каждую покупку в этом узле, всего %d при полном обновлении.",บล็อกความเสียหายจากการสัมผัสบอส %d ต่อการซื้อในโหนดนี้ รวม %d เมื่ออัปเกรดเต็มแล้ว,"Bu düğümdeki satın alma başına %d boss temas hasarını engeller, tamamen yükseltildiğinde toplam %d.","Chặn %d thiệt hại liên hệ với ông chủ cho mỗi lần mua trong nút này, tổng cộng %d khi được nâng cấp hoàn toàn.",在此节点中每次购买可阻止 %d boss 接触伤害，完全升级后总共可阻止 %d 伤害。
UPGRADE_DB_DESCRIPTION_CORE_DROP,Increase coin drop value scaling by +8% per level.,زيادة حجم انخفاض قيمة العملة بنسبة +8% لكل مستوى.,Augmenta l'escala del valor de caiguda de monedes un +8% per nivell.,Zvyšte škálování hodnoty poklesu mincí o +8 % za úroveň.,Erhöhen Sie die Skalierung des Münzwurfwerts um +8 % pro Level.,Aumenta la escala del valor de caída de monedas en un +8 % por nivel.,Augmentez la valeur de chute des pièces de +8 % par niveau.,הגדל את קנה המידה של שווי נפילת המטבעות ב-+8% לכל רמה.,Tingkatkan skala nilai penurunan koin sebesar +8% per level.,Aumenta il ridimensionamento del valore della caduta delle monete del +8% per livello.,コインドロップ値のスケーリングがレベルごとに +8% 増加します。,코인 드롭 가치 스케일링이 레벨당 +8% 증가합니다.,Zwiększa skalowanie wartości upuszczanych monet o +8% na poziom.,Aumente a escala do valor da queda de moedas em +8% por nível.,Увеличивает масштаб выпадающих монет на +8% за уровень.,เพิ่มระดับมูลค่าการดรอปเหรียญ +8% ต่อระดับ,Jeton düşme değeri ölçeklendirmesini seviye başına +%8 artırın.,Tăng tỷ lệ giá trị rơi xu lên +8% mỗi cấp.,每升一级，金币掉落值缩放比例增加 +8%。
UPGRADE_DB_DESCRIPTION_HERO_DAMAGE_TIERS,Tiers %d-%d: +%d%% %s damage per purchase (x%.2f each buy). Full branch exceeds 10000x base damage.,المستويات %d-%d: +%d%% %s الضرر لكل عملية شراء (x%.2f لكل عملية شراء). الفرع الكامل يتجاوز الضرر الأساسي بمقدار 10000x.,Nivells %d-%d: +%d%% %s danys per compra (x%.2f cada compra). La branca completa supera el dany base 10.000x.,Úrovně %d-%d: +%d%% %s poškození za nákup (x%.2f každý nákup). Celá větev přesahuje 10000x základní poškození.,Stufen %d-%d: +%d%% %s Schaden pro Kauf (x%.2f pro Kauf). Der vollständige Zweig übersteigt das 10.000-fache des Grundschadens.,Niveles %d-%d: +%d%% %s daños por compra (x%.2f cada compra). La rama completa supera el daño base 10000x.,Niveaux %d-%d : +%d%% %s dégâts par achat (x%.2f par achat). La branche complète dépasse 10 000 fois les dégâts de base.,שכבות %d-%d: +%d%% %s נזק לכל רכישה (x%.2f כל קנייה). סניף מלא חורג פי 10000 נזק בסיס.,Tingkatan %d-%d: +%d%% %s kerusakan per pembelian (x%.2f setiap pembelian). Cabang penuh melebihi 10.000x kerusakan dasar.,Livelli %d-%d: +%d%% %s danni per acquisto (x%.2f per ogni acquisto). Il ramo completo supera 10.000 danni base.,ティア %d-%d: 購入ごとに +%d%% %s ダメージ (購入ごとに x%.2f)。フルブランチは基本ダメージの10000倍を超えます。,등급 %d-%d: 구매당 +%d%% %s 손상(구매당 x%.2f). 풀브랜치는 기본 데미지의 10000배를 초과합니다.,Poziomy %d-%d: +%d%% %s obrażeń na zakup (x%.2f na każdy zakup). Pełna gałąź przekracza 10000x obrażenia podstawowe.,Níveis %d-%d: +%d%% %s dano por compra (x%.2f cada compra). Ramo completo excede 10.000x o dano base.,Уровни %d-%d: +%d%% %s урона за покупку (x%.2f за каждую покупку). Полная ветка превышает базовый урон в 10000 раз.,"ระดับ %d-%d: +%d%% %s ความเสียหายต่อการซื้อ (x%.2f การซื้อแต่ละครั้ง) สาขาเต็มเกินความเสียหายพื้นฐาน 10,000x",Aşama %d-%d: +%d%% %s satın alma başına hasar (her satın alma başına x%.2f). Tam dallanma 10.000x temel hasarı aşıyor.,Cấp %d-%d: +%d%% %s thiệt hại mỗi lần mua (x%.2f mỗi lần mua). Toàn bộ nhánh vượt quá 10000 lần sát thương cơ bản.,等级 %d-%d：每次购买 +%d%% %s 伤害（每次购买 x%.2f）。全分支超过 10000 倍基础伤害。
UPGRADE_DB_DESCRIPTION_HERO_SPEED_TIERS,Tiers %d-%d: +%.2f attacks/sec for %s per purchase (+%.2f attacks/sec across this node). Full branch reaches 3.00x base attack rate.,المستويات %d-%d: +%.2f هجمات/ثانية مقابل %s لكل عملية شراء (+%.2f هجمات/ثانية عبر هذه العقدة). يصل الفرع الكامل إلى معدل هجوم أساسي يبلغ 3.00x.,"Nivells %d-%d: +%.2f atacs/s per %s per compra (+%.2f atacs/s en aquest node). La branca completa arriba a una taxa d'atac base de 3,00 vegades.","Úrovně %d-%d: +%.2f útoků/s za %s na nákup (+%.2f útoků/s v tomto uzlu). Celá větev dosahuje 3,00násobku základní rychlosti útoku.","Stufen %d-%d: +%.2f Angriffe/Sekunde für %s pro Kauf (+%.2f Angriffe/Sekunde über diesen Knoten). Der vollständige Zweig erreicht die 3,00-fache Basisangriffsrate.","Niveles %d-%d: +%.2f ataques/s por %s por compra (+%.2f ataques/s en este nodo). La rama completa alcanza una tasa de ataque base de 3,00x.","Niveaux %d-%d : +%.2f attaques/s pour %s par achat (+%.2f attaques/s sur ce nœud). La branche complète atteint un taux d'attaque de base de 3,00x.",שכבות %d-%d: +%.2f התקפות/שנייה עבור %s לרכישה (+%.2f התקפות/שנייה על פני צומת זה). סניף מלא מגיע לקצב ההתקפה הבסיסי של פי 3.00.,"Tingkatan %d-%d: +%.2f serangan/dtk untuk %s per pembelian (+%.2f serangan/dtk di seluruh node ini). Cabang penuh mencapai tingkat serangan dasar 3,00x.","Livelli %d-%d: +%.2f attacchi/sec per %s per acquisto (+%.2f attacchi/sec su questo nodo). Il ramo completo raggiunge una velocità di attacco base pari a 3,00 volte.",層 %d-%d: 購入ごとに %s の +%.2f 攻撃/秒 (このノード全体で +%.2f 攻撃/秒)。フルブランチは基本攻撃倍率3.00倍に達します。,계층 %d-%d: 구매당 %s에 대해 +%.2f 공격/초(이 노드 전체에서 +%.2f 공격/초). 풀브랜치는 기본 공격률의 3.00배에 도달합니다.,"Poziomy %d-%d: +%.2f ataków/s za %s na zakup (+%.2f ataków/s w tym węźle). Pełna gałąź osiąga 3,00-krotność podstawowego współczynnika ataku.","Camadas %d-%d: +%.2f ataques/s para %s por compra (+%.2f ataques/s neste nó). Ramificação completa atinge taxa de ataque base de 3,00x.","Уровни %d–%d: +%.2f атак/сек за %s за покупку (+%.2f атак/сек через этот узел). Полная ветвь достигает базового уровня атаки в 3,00 раза.",ระดับ %d-%d: +%.2f การโจมตี/วินาที สำหรับ %s ต่อการซื้อ (+%.2f การโจมตี/วินาที ทั่วทั้งโหนดนี้) สาขาทั้งหมดมีอัตราการโจมตีพื้นฐานถึง 3.00x,"%d-%d Seviyeleri: satın alma başına %s için +%.2f saldırı/sn (bu düğümde +%.2f saldırı/sn). Tam dallanma 3,00x temel saldırı oranına ulaşır.","Cấp độ %d-%d: +%.2f tấn công/giây cho %s mỗi lần mua (+%.2f tấn công/giây trên nút này). Toàn nhánh đạt tốc độ tấn công cơ bản gấp 3,00 lần.",等级 %d-%d：每次购买 %s，+%.2f 攻击/秒（+%.2f 攻击/秒跨此节点）。全分支达到 3.00 倍基础攻击率。
UPGRADE_DB_FAMILY_ECON,Improves income conversion and pickup efficiency.,يحسن تحويل الدخل وكفاءة الالتقاط.,Millora la conversió d'ingressos i l'eficiència de recollida.,Zlepšuje konverzi příjmů a efektivitu vyzvedávání.,Verbessert die Einkommensumwandlung und die Abholeffizienz.,Mejora la conversión de ingresos y la eficiencia de recogida.,Améliore la conversion des revenus et l’efficacité de la collecte.,משפר יעילות המרת הכנסה ואיסוף.,Meningkatkan konversi pendapatan dan efisiensi penjemputan.,Migliora la conversione del reddito e l'efficienza del prelievo.,収入の換算と受け取りの効率が向上します。,소득 전환 및 픽업 효율성이 향상됩니다.,Poprawia konwersję dochodów i efektywność odbioru.,Melhora a conversão de renda e a eficiência de coleta.,Повышает конверсию дохода и эффективность получения.,ปรับปรุงการแปลงรายได้และประสิทธิภาพการรับสินค้า,Gelir dönüşümünü ve toplama verimliliğini artırır.,Cải thiện hiệu quả chuyển đổi và thu nhập.,提高收入转化和提货效率。
UPGRADE_DB_FAMILY_DENS,Increases enemy pressure to raise total reward ceiling.,يزيد من ضغط العدو لرفع سقف المكافأة الإجمالي.,Augmenta la pressió de l'enemic per augmentar el sostre total de la recompensa.,Zvyšuje tlak nepřítele a zvyšuje celkový strop odměn.,"Erhöht den Druck des Feindes, um die Gesamtbelohnungsobergrenze zu erhöhen.",Aumenta la presión enemiga para elevar el límite de recompensa total.,Augmente la pression ennemie pour augmenter le plafond de récompense total.,מגביר את לחץ האויב להעלות את תקרת התגמול הכולל.,Meningkatkan tekanan musuh untuk meningkatkan total batas hadiah.,Aumenta la pressione nemica per aumentare il tetto massimo della ricompensa totale.,敵の圧力を高めて合計報酬の上限を引き上げます。,총 보상 한도를 높이려는 적의 압력이 증가합니다.,"Zwiększa presję wroga, aby podnieść całkowity pułap nagród.",Aumenta a pressão inimiga para aumentar o teto total de recompensa.,"Увеличивает давление противника, чтобы повысить общий потолок наград.",เพิ่มแรงกดดันของศัตรูเพื่อเพิ่มเพดานรางวัลรวม,Toplam ödül tavanını yükseltmek için düşman baskısını artırır.,Tăng áp lực của kẻ thù để nâng tổng trần thưởng.,增加敌人压力以提高总奖励上限。
UPGRADE_DB_FAMILY_SURV,Improves survivability and run depth.,يحسن القدرة على البقاء وعمق التشغيل.,Millora la supervivència i la profunditat de carrera.,Zlepšuje přežití a hloubku běhu.,Verbessert die Überlebensfähigkeit und die Lauftiefe.,Mejora la capacidad de supervivencia y la profundidad de carrera.,Améliore la capacité de survie et la profondeur de course.,משפר שרידות ועומק ריצה.,Meningkatkan kemampuan bertahan hidup dan kedalaman lari.,Migliora la sopravvivenza e la profondità di corsa.,生存性と実行深度が向上します。,생존 가능성과 실행 깊이가 향상됩니다.,Poprawia przeżywalność i głębokość biegu.,Melhora a capacidade de sobrevivência e a profundidade da corrida.,Улучшает живучесть и глубину бега.,ปรับปรุงความอยู่รอดและความลึกในการวิ่ง,Hayatta kalma kabiliyetini ve koşu derinliğini artırır.,Cải thiện khả năng sống sót và độ sâu chạy.,提高生存能力和运行深度。
UPGRADE_DB_FAMILY_MOVE,Improves traversal tempo.,يحسن وتيرة اجتياز.,Millora el tempo de travessa.,Zlepšuje tempo průchodu.,Verbessert das Durchquerungstempo.,Mejora el tempo transversal.,Améliore le tempo de traversée.,משפר את קצב המעבר.,Meningkatkan tempo traversal.,Migliora il tempo di attraversamento.,トラバーステンポを改善します。,순회 템포를 향상시킵니다.,Poprawia tempo poruszania się.,Melhora o ritmo de travessia.,Улучшает темп перемещения.,ปรับปรุงจังหวะการเคลื่อนที่,Geçiş temposunu iyileştirir.,Cải thiện nhịp độ truyền tải.,提高遍历速度。
UPGRADE_DB_FAMILY_PWR,Improves power economy for actives.,يحسن الاقتصاد في الطاقة للنشطين.,Millora l'economia d'energia per als actius.,Zlepšuje úsporu energie pro aktivní členy.,Verbessert die Energieeinsparung für Aktive.,Mejora la economía de energía para los activos.,Améliore l'économie d'énergie pour les actifs.,משפר את צריכת החשמל עבור פעילים.,Meningkatkan penghematan daya untuk yang aktif.,Migliora il risparmio energetico per gli attivi.,アクティブな電力の経済性を向上させます。,활동적인 사람들의 전력 경제를 향상시킵니다.,Poprawia oszczędność energii dla substancji aktywnych.,Melhora a economia de energia para ativos.,Улучшает экономию энергии для активов.,ปรับปรุงการประหยัดพลังงานสำหรับแอคทีฟ,Aktifler için güç ekonomisini iyileştirir.,Cải thiện khả năng tiết kiệm năng lượng cho người hoạt động.,提高活性物质的电力经济性。
UPGRADE_DB_FAMILY_ACTV,Improves active ability uptime.,يحسن وقت تشغيل القدرة النشطة.,Millora el temps de funcionament de la capacitat activa.,Zlepšuje dobu provozuschopnosti aktivních schopností.,Verbessert die Verfügbarkeit aktiver Fähigkeiten.,Mejora el tiempo de actividad de la capacidad activa.,Améliore la disponibilité des capacités actives.,משפר את זמן הפעילות של היכולת הפעילה.,Meningkatkan waktu aktif kemampuan aktif.,Migliora il tempo di attività dell'abilità attiva.,アクティブアビリティの稼働時間を改善します。,활성 능력 가동 시간이 향상됩니다.,Poprawia czas działania aktywnej zdolności.,Melhora o tempo de atividade da habilidade ativa.,Улучшает время безотказной работы активных способностей.,ปรับปรุงสถานะการออนไลน์ของความสามารถที่ใช้งาน,Aktif yetenek çalışma süresini artırır.,Cải thiện thời gian hoạt động của khả năng hoạt động.,提高主动能力的正常运行时间。
UPGRADE_DB_FAMILY_BOSS,"Improves boss phase output, safety, or rewards.",يعمل على تحسين مخرجات مرحلة الرئيس أو السلامة أو المكافآت.,"Millora la sortida de la fase del cap, la seguretat o les recompenses.","Zlepšuje výstup fáze šéfa, bezpečnost nebo odměny.","Verbessert die Leistung, Sicherheit oder Belohnungen der Bossphase.","Mejora el rendimiento, la seguridad o las recompensas de la fase del jefe.","Améliore le rendement, la sécurité ou les récompenses de la phase de boss.","משפר את תפוקת שלב הבוס, בטיחות או תגמולים.","Meningkatkan keluaran fase bos, keamanan, atau hadiah.","Migliora i risultati, la sicurezza o le ricompense della fase boss.",ボスフェーズの出力、安全性、または報酬を向上させます。,"보스 단계 출력, 안전 또는 보상을 향상시킵니다.","Poprawia wydajność fazy bossa, bezpieczeństwo i nagrody.","Melhora a produção, segurança ou recompensas da fase do chefe.","Улучшает производительность фазы босса, безопасность или награды.",ปรับปรุงเอาท์พุตของบอส ความปลอดภัย หรือรางวัล,"Patron aşaması çıktısını, güvenliğini veya ödüllerini iyileştirir.","Cải thiện đầu ra của pha trùm, độ an toàn hoặc phần thưởng.",提高 Boss 阶段的输出、安全性或奖励。
UPGRADE_DB_FAMILY_TEAM,Improves hero-specific combat synergy.,يحسن التآزر القتالي الخاص بالبطل.,Millora la sinergia de combat específica de l'heroi.,Zlepšuje synergii boje specifickou pro hrdiny.,Verbessert die heldenspezifische Kampfsynergie.,Mejora la sinergia de combate específica del héroe.,Améliore la synergie de combat spécifique au héros.,משפר את סינרגיית הלחימה הספציפית לגיבור.,Meningkatkan sinergi tempur khusus hero.,Migliora la sinergia di combattimento specifica dell'eroe.,ヒーロー固有の戦闘相乗効果を向上させます。,영웅별 전투 시너지를 향상시킵니다.,Poprawia synergię bojową specyficzną dla bohatera.,Melhora a sinergia de combate específica do herói.,Улучшает боевую синергию конкретных героев.,ปรับปรุงการทำงานร่วมกันในการต่อสู้เฉพาะฮีโร่,Kahramana özgü savaş sinerjisini geliştirir.,Cải thiện sức mạnh tổng hợp chiến đấu dành riêng cho anh hùng.,提高英雄特定的战斗协同作用。
UPGRADE_DB_DESCRIPTION_CORE_DENSITY,Increase enemy density by ~5% per level (and coin rewards by ~2% per level) for higher potential rewards.,قم بزيادة كثافة العدو بنسبة ~5% لكل مستوى (ومكافآت العملات بنسبة ~2% لكل مستوى) للحصول على مكافآت محتملة أعلى.,Augmenta la densitat d'enemics un 5% per nivell (i les recompenses de monedes un 2% per nivell) per obtenir recompenses potencials més altes.,Zvyšte hustotu nepřátel o ~5% na úroveň (a odměny za mince o ~2% na úroveň) pro vyšší potenciální odměny.,"Erhöhen Sie die Gegnerdichte um ca. 5 % pro Level (und die Münzbelohnungen um ca. 2 % pro Level), um höhere potenzielle Belohnungen zu erhalten.",Aumente la densidad de enemigos en aproximadamente un 5 % por nivel (y las recompensas en monedas en aproximadamente un 2 % por nivel) para obtener mayores recompensas potenciales.,Augmentez la densité des ennemis d'environ 5 % par niveau (et les récompenses en pièces d'environ 2 % par niveau) pour des récompenses potentielles plus élevées.,הגדל את צפיפות האויב בכ-5% לכל רמה (ותגמולי מטבעות בכ-2% לכל רמה) לקבלת תגמולים פוטנציאליים גבוהים יותר.,Tingkatkan kepadatan musuh sebesar ~5% per level (dan hadiah koin sebesar ~2% per level) untuk potensi hadiah yang lebih tinggi.,Aumenta la densità dei nemici del 5% circa per livello (e le ricompense in monete del 2% circa per livello) per ricompense potenziali più elevate.,敵の密度をレベルごとに最大 5% (レベルごとにコイン報酬を最大 2%) 増加させると、潜在的な報酬が増加します。,더 높은 잠재적 보상을 얻으려면 적 밀도를 레벨당 ~5%(그리고 코인 보상은 레벨당 ~2%) 증가시킵니다.,"Zwiększ gęstość wrogów o ~5% na poziom (i nagrody w postaci monet o ~2% na poziom), aby uzyskać wyższe potencjalne nagrody.",Aumente a densidade do inimigo em aproximadamente 5% por nível (e as recompensas em moedas em aproximadamente 2% por nível) para obter recompensas potenciais mais altas.,"Увеличьте плотность врагов примерно на 5% за уровень (и награды в виде монет примерно на 2% за уровень), чтобы получить более высокие потенциальные награды.",เพิ่มความหนาแน่นของศัตรูประมาณ 5% ต่อระดับ (และรางวัลเหรียญประมาณ ~ 2% ต่อระดับ) เพื่อผลตอบแทนที่เป็นไปได้ที่สูงขึ้น,Daha yüksek potansiyel ödüller için düşman yoğunluğunu seviye başına ~%5 artırın (ve jeton ödüllerini seviye başına ~%2 artırın).,Tăng mật độ kẻ thù thêm ~5% mỗi cấp độ (và phần thưởng xu thêm ~2% mỗi cấp độ) để có phần thưởng tiềm năng cao hơn.,每级增加约 5% 的敌人密度（每级增加约 2% 的硬币奖励）以获得更高的潜在奖励。
UPGRADE_DB_DESCRIPTION_CORE_POWER,"Increase power gain by +12% per level, power cap by +8, and reduce active power cost by about 2% per level.",زيادة اكتساب الطاقة بنسبة +12% لكل مستوى، وغطاء الطاقة بمقدار +8، وتقليل تكلفة الطاقة النشطة بحوالي 2% لكل مستوى.,"Augmenta el guany de potència en un +12% per nivell, el límit de potència en +8 i redueix el cost de l'energia activa en un 2% per nivell.","Zvyšte zisk výkonu o +12 % na úroveň, omezení výkonu o +8 a snižte náklady na aktivní výkon o přibližně 2 % na úroveň.","Erhöhen Sie den Leistungsgewinn um +12 % pro Stufe, die Leistungsobergrenze um +8 und senken Sie die Wirkstromkosten um etwa 2 % pro Stufe.","Aumente la ganancia de energía en un +12 % por nivel, el límite de energía en +8 y reduzca el costo de energía activa en aproximadamente un 2 % por nivel.","Augmentez le gain de puissance de +12 % par niveau, le plafond de puissance de +8 et réduisez le coût en puissance active d'environ 2 % par niveau.","הגדל את רווח ההספק ב-+12% לכל רמה, את מכסת ההספק ב-+8, והפחת את עלות ההספק הפעיל בכ-2% לכל רמה.","Meningkatkan perolehan daya sebesar +12% per level, batas daya sebesar +8, dan mengurangi biaya daya aktif sekitar 2% per level.","Aumenta il guadagno di potenza del +12% per livello, il limite di potenza di +8 e riduci il costo di potenza attiva di circa il 2% per livello.",レベルごとに電力ゲインが +12% 増加し、電力上限が +8 増加し、有効電力コストがレベルごとに約 2% 削減されます。,레벨당 전력 획득량이 +12% 증가하고 전력 상한선이 +8만큼 증가하며 활성 전력 비용이 레벨당 약 2% 감소합니다.,"Zwiększ przyrost mocy o +12% na poziom, limit mocy o +8 i zmniejsz koszt energii czynnej o około 2% na poziom.","Aumente o ganho de poder em +12% por nível, o limite de poder em +8 e reduza o custo de energia ativa em cerca de 2% por nível.","Увеличьте прирост мощности на +12% за уровень, предел мощности на +8 и уменьшите стоимость активной энергии примерно на 2% за уровень.","เพิ่มพลังที่ได้รับ +12% ต่อระดับ, การจำกัดพลัง +8 และลดต้นทุนพลังงานที่ใช้งานลงประมาณ 2% ต่อระดับ","Güç kazanımını seviye başına +%12, güç sınırını +8 artırın ve aktif güç maliyetini seviye başına yaklaşık %2 azaltın.","Tăng mức tăng sức mạnh thêm +12% mỗi cấp, giới hạn sức mạnh thêm +8 và giảm chi phí năng lượng hoạt động khoảng 2% mỗi cấp.",每级功率增益增加+12%，功率上限+8，每级有功功率成本降低约2%。
UPGRADE_DB_DESCRIPTION_CORE_STAT_LEVEL,Increase this core stat scaling (Level %d).,قم بزيادة مقياس الإحصائيات الأساسية هذا (المستوى %d).,Augmenta aquesta escala d'estadístiques bàsiques (Nivell %d).,Zvyšte toto škálování základních statistik (úroveň %d).,Erhöhen Sie die Skalierung dieser Kernwerte (Stufe %d).,Aumente la escala de esta estadística central (Nivel %d).,Augmentez cette mise à l’échelle des statistiques de base (niveau %d).,הגדל את קנה המידה של סטטיסטיקת הליבה הזו (רמה %d).,Tingkatkan penskalaan stat inti ini (Level %d).,Aumenta questo ridimensionamento delle statistiche principali (livello %d).,このコアステータスのスケーリングを増やします (レベル %d)。,이 핵심 능력치 스케일링을 높이세요(레벨 %d).,Zwiększ skalowanie podstawowych statystyk (poziom %d).,Aumente esta escala de estatísticas básicas (Nível %d).,Увеличьте масштабирование этой основной характеристики (уровень %d).,เพิ่มสเกลสถิติหลักนี้ (ระดับ %d),Bu temel istatistik ölçeklendirmesini artırın (Seviye %d).,Tăng tỷ lệ chỉ số cốt lõi này (Cấp %d).,增加此核心统计缩放（级别 %d）。
UPGRADE_DB_DESCRIPTION_EXTRA_SKILL_ECON,Increases combat reward efficiency so each kill converts into more useful coin and stronger next-run upgrades.,يزيد من كفاءة المكافأة القتالية بحيث تتحول كل عملية قتل إلى عملة أكثر فائدة وترقيات أقوى في الجولة التالية.,Augmenta l'eficiència de les recompenses de combat perquè cada matança es converteixi en una moneda més útil i en actualitzacions més potents de la propera execució.,"Zvyšuje efektivitu bojových odměn, takže každé zabití se promění v užitečnější minci a silnější vylepšení v příštím běhu.","Erhöht die Effizienz der Kampfbelohnungen, sodass jeder Kill in nützlichere Münzen und stärkere Upgrades für den nächsten Durchgang umgewandelt wird.",Aumenta la eficiencia de las recompensas de combate para que cada muerte se convierta en monedas más útiles y mejoras más potentes para la siguiente ejecución.,Augmente l'efficacité des récompenses de combat afin que chaque victoire soit convertie en pièces plus utiles et en améliorations plus puissantes pour la prochaine exécution.,מגביר את יעילות תגמול הלחימה כך שכל הרג הופך למטבע שימושי יותר ולשדרוגים חזקים יותר בהפעלה הבאה.,Meningkatkan efisiensi hadiah pertempuran sehingga setiap pembunuhan diubah menjadi koin yang lebih berguna dan peningkatan selanjutnya yang lebih kuat.,Aumenta l'efficienza della ricompensa in combattimento in modo che ogni uccisione si converta in monete più utili e potenziamenti successivi più potenti.,戦闘報酬の効率が向上し、各キルがより有用なコインと強力な次回アップグレードに変換されるようになります。,전투 보상 효율성이 증가하여 각 처치가 더 유용한 코인과 더 강력한 다음 실행 업그레이드로 전환됩니다.,"Zwiększa efektywność nagród bojowych, dzięki czemu każde zabicie zamienia się w bardziej użyteczną monetę i silniejsze ulepszenia przy następnym uruchomieniu.",Aumenta a eficiência da recompensa de combate para que cada morte se converta em moedas mais úteis e atualizações mais fortes na próxima rodada.,"Повышает эффективность боевых наград, поэтому каждое убийство конвертируется в более полезные монеты и более сильные улучшения в следующем заходе.",เพิ่มประสิทธิภาพรางวัลการต่อสู้ ดังนั้นการฆ่าแต่ละครั้งจะแปลงเป็นเหรียญที่มีประโยชน์มากขึ้น และการอัพเกรดครั้งถัดไปที่แข็งแกร่งขึ้น,"Savaş ödülü verimliliğini artırır, böylece her öldürme daha kullanışlı paraya ve sonraki çalıştırmada daha güçlü yükseltmelere dönüşür.",Tăng hiệu quả phần thưởng chiến đấu để mỗi lần tiêu diệt sẽ chuyển thành đồng xu hữu ích hơn và nâng cấp mạnh hơn ở lần tiếp theo.,提高战斗奖励效率，因此每次击杀都会转化为更有用的硬币和更强大的下一次升级。
UPGRADE_DB_DESCRIPTION_EXTRA_SKILL_DENS,Raises enemy density/pressure so your DPS kills more targets per second and increases coin-per-minute ceiling.,يرفع كثافة/ضغط العدو بحيث يقتل DPS الخاص بك المزيد من الأهداف في الثانية ويزيد من سقف العملة في الدقيقة.,Augmenta la densitat/pressió de l'enemic perquè el vostre DPS mati més objectius per segon i augmenti el sostre de monedes per minut.,"Zvyšuje hustotu/tlak nepřítele, takže vaše DPS zabíjí více cílů za sekundu a zvyšuje limit mincí za minutu.","Erhöht die Dichte/den Druck des Feindes, sodass Ihr DPS mehr Ziele pro Sekunde tötet und die Obergrenze für Münzen pro Minute erhöht.",Aumenta la densidad/presión del enemigo para que tu DPS mate más objetivos por segundo y aumente el límite de monedas por minuto.,Augmente la densité/pression de l'ennemi afin que votre DPS tue plus de cibles par seconde et augmente le plafond de pièces par minute.,מעלה את צפיפות האויב/לחץ כך שה-DPS שלך הורג יותר מטרות בשנייה ומגדיל את תקרת המטבעות לדקה.,Meningkatkan kepadatan/tekanan musuh sehingga DPS Anda membunuh lebih banyak target per detik dan meningkatkan batas atas koin per menit.,Aumenta la densità/pressione dei nemici in modo che il tuo DPS uccida più bersagli al secondo e aumenti il ​​limite di monete al minuto.,敵の密度/圧力を上げることで、DPS が 1 秒あたりより多くのターゲットを倒し、1 分あたりのコインの上限が増加します。,적의 밀도/압력을 높여 DPS가 초당 더 많은 대상을 처치하고 분당 코인 한도를 높입니다.,"Zwiększa gęstość/ciśnienie wroga, dzięki czemu Twój DPS zabija więcej celów na sekundę i zwiększa pułap monet na minutę.",Aumenta a densidade/pressão inimiga para que seu DPS mate mais alvos por segundo e aumente o teto de moedas por minuto.,"Повышает плотность/давление врагов, поэтому ваш ДПС убивает больше целей в секунду и увеличивает потолок количества монет в минуту.",เพิ่มความหนาแน่น/แรงกดดันของศัตรู เพื่อให้ DPS ของคุณสังหารเป้าหมายได้มากขึ้นต่อวินาที และเพิ่มเพดานเหรียญต่อนาที,"Düşman yoğunluğunu/basıncını yükseltir, böylece DPS'niz saniyede daha fazla hedef öldürür ve dakika başına jeton tavanını artırır.",Tăng mật độ/áp lực của kẻ thù để DPS của bạn tiêu diệt nhiều mục tiêu hơn mỗi giây và tăng trần số xu mỗi phút.,提高敌人密度/压力，使您的 DPS 每秒杀死更多目标并提高每分钟金币上限。
UPGRADE_DB_DESCRIPTION_EXTRA_SKILL_SURV,Improves survivability (armor/contact/DoT mitigation) so the team survives deeper waves and reaches bosses more often.,يعمل على تحسين القدرة على البقاء (الدرع/الاتصال/تخفيف DoT) بحيث ينجو الفريق من موجات أعمق ويصل إلى الرؤساء في كثير من الأحيان.,Millora la supervivència (armadura/contacte/mitigació de DoT) de manera que l'equip sobreviu a onades més profundes i arriba als caps més sovint.,"Zlepšuje schopnost přežití (brnění/kontakt/zmírnění DoT), takže tým přežije hlubší vlny a častěji se dostane k bossům.","Verbessert die Überlebensfähigkeit (Panzerung/Kontakt/DoT-Abschwächung), sodass das Team tiefere Wellen überlebt und Bosse häufiger erreicht.",Mejora la capacidad de supervivencia (armadura/contacto/mitigación de DoT) para que el equipo sobreviva oleadas más profundas y alcance a los jefes con más frecuencia.,Améliore la capacité de survie (armure/contact/atténuation DoT) afin que l'équipe survive à des vagues plus profondes et atteigne les boss plus souvent.,משפר שרידות (שריון/מגע/הפחתת DoT) כך שהצוות שורד גלים עמוקים יותר ומגיע לבוסים לעתים קרובות יותר.,Meningkatkan kemampuan bertahan hidup (armor/kontak/mitigasi DoT) sehingga tim bertahan dari gelombang yang lebih dalam dan menjangkau bos lebih sering.,Migliora la sopravvivenza (armatura/contatto/mitigazione DoT) in modo che la squadra sopravviva a ondate più profonde e raggiunga i boss più spesso.,生存性 (装甲/接触/DoT 緩和) が向上するため、チームはより深い波を生き延び、より頻繁にボスに到達できるようになります。,팀이 더 깊은 파도에서 살아남고 보스에게 더 자주 도달할 수 있도록 생존 가능성(방어구/접촉/DoT 완화)이 향상됩니다.,"Poprawia przeżywalność (pancerz/kontakt/łagodzenie DoT), dzięki czemu zespół przetrwa głębsze fale i częściej dociera do bossów.",Melhora a capacidade de sobrevivência (armadura/contato/mitigação de DoT) para que a equipe sobreviva a ondas mais profundas e alcance os chefes com mais frequência.,"Улучшает выживаемость (защита/контакт/снижение DoT), поэтому команда выдерживает более глубокие волны и чаще достигает боссов.",ปรับปรุงความสามารถในการเอาตัวรอด (เกราะ/การสัมผัส/การบรรเทา DoT) เพื่อให้ทีมรอดจากคลื่นที่ลึกกว่าและเข้าถึงบอสได้บ่อยขึ้น,"Hayatta kalma kabiliyetini artırır (zırh/temas/DoT azaltma), böylece ekibin daha derin dalgalarda hayatta kalması ve boss'lara daha sık ulaşması sağlanır.",Cải thiện khả năng sống sót (giảm thiểu áo giáp/tiếp xúc/DoT) để nhóm sống sót qua các đợt sâu hơn và tiếp cận trùm thường xuyên hơn.,提高生存能力（护甲/接触/DoT缓解），使团队能够在更深的波浪中生存并更频繁地到达boss。
UPGRADE_DB_DESCRIPTION_EXTRA_SKILL_MOVE,Improves formation movement and retarget tempo so heroes spend less time repositioning and more time dealing damage.,يعمل على تحسين حركة التشكيل وإيقاع إعادة الاستهداف حتى يقضي الأبطال وقتًا أقل في إعادة التموضع ووقتًا أطول في التعامل مع الضرر.,Millora el moviment de formació i el tempo de reorientació perquè els herois passin menys temps reposicionant-se i més temps fent danys.,"Zlepšuje pohyb formace a tempo retarget, takže hrdinové tráví méně času přemisťováním a více času udělováním poškození.","Verbessert die Formationsbewegung und das Neuzieltempo, sodass Helden weniger Zeit mit der Neupositionierung verbringen und mehr Zeit damit verbringen, Schaden zu verursachen.",Mejora el movimiento de la formación y el ritmo de reorientación para que los héroes pasen menos tiempo reposicionándose y más tiempo infligiendo daño.,Améliore le mouvement de la formation et le tempo de reciblage afin que les héros passent moins de temps à se repositionner et plus de temps à infliger des dégâts.,משפר את תנועת הגיבוש ואת קצב הכוונת מחדש כך שהגיבורים מבלים פחות זמן במיקום מחדש ויותר זמן בהתמודדות עם נזק.,Meningkatkan pergerakan formasi dan tempo penargetan ulang sehingga pahlawan menghabiskan lebih sedikit waktu untuk mengubah posisi dan lebih banyak waktu untuk menangani kerusakan.,Migliora il movimento della formazione e il tempo di riposizionamento in modo che gli eroi trascorrano meno tempo nel riposizionamento e più tempo nell'infliggere danni.,フォーメーションの動きとリターゲットのテンポが改善され、ヒーローが位置を変更する時間が減り、ダメージを与える時間が増えます。,대형 이동과 목표 템포를 개선하여 영웅이 재배치하는 데 소요되는 시간을 줄이고 피해를 입히는 데 더 많은 시간을 할애합니다.,"Poprawia ruch formacji i tempo ponownego celu, dzięki czemu bohaterowie spędzają mniej czasu na zmianie pozycji, a więcej na zadawaniu obrażeń.",Melhora o movimento da formação e o ritmo de redirecionamento para que os heróis gastem menos tempo se reposicionando e mais tempo causando dano.,"Улучшает движение строя и темп перенацеливания, поэтому герои тратят меньше времени на перестановку позиции и больше времени на нанесение урона.",ปรับปรุงการเคลื่อนที่ของขบวนรถและจังหวะการกำหนดเป้าหมายใหม่ เพื่อให้ฮีโร่ใช้เวลาในการเปลี่ยนตำแหน่งน้อยลง และมีเวลาสร้างความเสียหายมากขึ้น,"Diziliş hareketini ve yeniden hedefleme temposunu iyileştirir, böylece kahramanlar yeniden konumlandırmaya daha az, hasar vermeye daha fazla zaman harcar.",Cải thiện tốc độ di chuyển của đội hình và nhắm lại mục tiêu để các anh hùng mất ít thời gian hơn trong việc thay đổi vị trí và có nhiều thời gian gây sát thương hơn.,改善队形移动和重新定位节奏，因此英雄可以花更少的时间重新定位并花更多的时间造成伤害。
UPGRADE_DB_DESCRIPTION_EXTRA_SKILL_PWR,Improves power generation/cap/refund so actives trigger earlier and more frequently in each run.,يعمل على تحسين توليد الطاقة/الحد الأقصى/استرداد الطاقة بحيث يتم تشغيل العناصر النشطة في وقت مبكر وبشكل متكرر في كل جولة.,"Millora la generació/limitació/reemborsament d'energia, de manera que els actius s'activen abans i amb més freqüència a cada execució.","Zlepšuje výrobu energie/strop/refundaci, takže aktivní prvky se spouštějí dříve a častěji v každém běhu.","Verbessert die Stromerzeugung/-obergrenze/-rückerstattung, sodass aktive Maßnahmen bei jedem Lauf früher und häufiger ausgelöst werden.",Mejora la generación/límite/reembolso de energía para que los activos se activen antes y con mayor frecuencia en cada ejecución.,Améliore la production/le plafond/le remboursement d'énergie afin que les actifs se déclenchent plus tôt et plus fréquemment à chaque exécution.,"משפר ייצור חשמל/מכסה/החזר, כך שהפעילים מופעלים מוקדם יותר ותדירות גבוהה יותר בכל הפעלה.",Meningkatkan pembangkitan listrik/batas/pengembalian dana sehingga aktif terpicu lebih awal dan lebih sering dalam setiap proses.,Migliora la generazione/limite/rimborso di energia in modo che gli attivi si attivino prima e più frequentemente in ogni corsa.,発電量/上限/返金を改善し、実行ごとにアクティブがより早く、より頻繁にトリガーされるようにします。,"발전/한도/환불을 개선하여 활성화가 각 실행에서 더 일찍, 더 자주 트리거되도록 합니다.","Poprawia wytwarzanie/ograniczenie/zwrot energii, dzięki czemu aktywa aktywują się wcześniej i częściej w każdym przebiegu.",Melhora a geração/limite/reembolso de energia para que os ativos sejam acionados mais cedo e com mais frequência em cada execução.,"Улучшает выработку/ограничение/возврат энергии, поэтому активные элементы срабатывают раньше и чаще при каждом запуске.",ปรับปรุงการผลิตไฟฟ้า/ขีดจำกัด/การคืนเงิน เพื่อให้แอคทีฟทำงานเร็วขึ้นและบ่อยขึ้นในแต่ละรอบการทำงาน,Aktiflerin her çalıştırmada daha erken ve daha sık tetiklenmesi için güç üretimini/sınırını/geri ödemesini iyileştirir.,Cải thiện việc phát điện/giới hạn/hoàn tiền để kích hoạt kích hoạt sớm hơn và thường xuyên hơn trong mỗi lần chạy.,提高发电量/上限/退款，使活动在每次运行中更早、更频繁地触发。
UPGRADE_DB_DESCRIPTION_EXTRA_SKILL_ACTV,"Improves active uptime (duration and cooldown cadence), increasing burst windows and sustained team DPS.",يعمل على تحسين وقت التشغيل النشط (المدة وإيقاع التهدئة)، وزيادة النوافذ المتتالية واستدامة DPS للفريق.,"Millora el temps de funcionament actiu (durada i cadència de refredament), augmentant les finestres d'explosió i el DPS de l'equip sostingut.","Zlepšuje aktivní dobu provozuschopnosti (trvání a kadenci cooldownu), zvyšuje počet oken v sérii a trvalé týmové DPS.","Verbessert die aktive Betriebszeit (Dauer und Abklingfrequenz), erhöht die Burst-Fenster und den anhaltenden Team-DPS.","Mejora el tiempo de actividad activa (duración y cadencia de enfriamiento), aumentando las ventanas de ráfaga y el DPS sostenido del equipo.","Améliore la disponibilité active (durée et cadence de recharge), augmentant les fenêtres de rafale et le DPS soutenu de l'équipe.","משפר את זמן הפעולה הפעיל (משך וקצב התקררות), הגדלת חלונות פרץ ו-DPS מתמשך של צוות.","Meningkatkan waktu aktif (durasi dan irama cooldown), meningkatkan jendela burst, dan mempertahankan DPS tim.","Migliora il tempo di attività attivo (durata e cadenza di recupero), aumentando le finestre di burst e il DPS di squadra prolungato.",アクティブな稼働時間 (継続時間とクールダウンの頻度) が向上し、バースト ウィンドウと持続的なチーム DPS が増加します。,활성 가동 시간(지속 시간 및 재사용 대기시간)을 개선하고 버스트 기간을 늘리며 팀 DPS를 유지합니다.,"Poprawia aktywny czas działania (czas trwania i czas odnowienia), zwiększając okna serii i utrzymujący się DPS drużyny.","Melhora o tempo de atividade ativo (duração e cadência de resfriamento), aumentando as janelas de burst e o DPS sustentado da equipe.","Улучшает время активной работы (продолжительность и частоту восстановления), увеличивая интервалы взрывов и постоянный командный урон.",ปรับปรุงเวลาทำงาน (ระยะเวลาและจังหวะคูลดาวน์) เพิ่มหน้าต่างการระเบิดและ DPS ของทีมอย่างยั่งยืน,"Aktif çalışma süresini (süre ve bekleme süresi) iyileştirir, patlama pencerelerini artırır ve ekibin DPS'sini korur.","Cải thiện thời gian hoạt động tích cực (thời lượng và nhịp hồi chiêu), tăng thời lượng sử dụng liên tục và duy trì DPS của nhóm.",提高活跃正常运行时间（持续时间和冷却节奏），增加突发窗口和持续的团队 DPS。
UPGRADE_DB_DESCRIPTION_EXTRA_SKILL_BOSS,"Improves boss-phase effectiveness (damage throughput, mitigation, or reward scaling) to clear more boss segments.",يعمل على تحسين فعالية مرحلة الرئيس (إنتاجية الضرر أو تخفيفه أو قياس المكافأة) لمسح المزيد من القطاعات الرئيسية.,"Millora l'eficàcia de la fase de cap (producció de danys, mitigació o escala de recompensa) per netejar més segments de cap.","Zlepšuje efektivitu ve fázi šéfa (propustnost poškození, zmírnění nebo škálování odměn), aby bylo možné vyčistit více segmentů šéfa.","Verbessert die Effektivität der Bossphase (Schadensdurchsatz, Schadensminderung oder Belohnungsskalierung), um mehr Bosssegmente zu eliminieren.","Mejora la efectividad de la fase de jefe (rendimiento de daños, mitigación o escalamiento de recompensas) para eliminar más segmentos de jefe.","Améliore l'efficacité de la phase de boss (débit des dégâts, atténuation ou mise à l'échelle des récompenses) pour éliminer davantage de segments de boss.","משפר את האפקטיביות בשלב הבוס (תפוקת נזקים, הפחתה או קנה מידה של תגמול) כדי לנקות יותר מקטעי בוס.","Meningkatkan efektivitas fase bos (throughput kerusakan, mitigasi, atau penskalaan imbalan) untuk menyelesaikan lebih banyak segmen bos.","Migliora l'efficacia della fase del boss (relazione dei danni, mitigazione o ridimensionamento delle ricompense) per eliminare più segmenti dei boss.",より多くのボス セグメントをクリアするために、ボス フェーズの有効性 (ダメージ スループット、軽減、または報酬スケーリング) が向上します。,"더 많은 보스 세그먼트를 제거하기 위해 보스 단계 효율성(피해 처리량, 완화 또는 보상 크기 조정)을 개선합니다.","Poprawia efektywność fazy bossa (przepustowość obrażeń, łagodzenie lub skalowanie nagród), aby oczyścić więcej segmentów bossów.","Melhora a eficácia da fase de chefe (taxa de dano, mitigação ou escalonamento de recompensa) para eliminar mais segmentos de chefe.","Повышает эффективность фазы босса (пропускная способность урона, смягчение последствий или масштабирование награды), чтобы очистить больше сегментов босса.",ปรับปรุงประสิทธิภาพในช่วงบอส (ปริมาณความเสียหาย การบรรเทา หรือการปรับขนาดรางวัล) เพื่อเคลียร์กลุ่มบอสมากขึ้น,"Daha fazla boss segmentini temizlemek için boss aşamasının etkinliğini (hasar verimi, azaltma veya ödül ölçeklendirmesi) artırır.","Cải thiện tính hiệu quả của giai đoạn trùm (thông lượng thiệt hại, giảm thiểu hoặc tăng tỷ lệ phần thưởng) để tiêu diệt nhiều phân đoạn trùm hơn.",提高 Boss 阶段的有效性（伤害吞吐量、缓解或奖励缩放）以清除更多 Boss 部分。
UPGRADE_DB_DESCRIPTION_EXTRA_SKILL_TEAM,"Improves hero-specific combat stats and active ceilings, increasing total squad damage and consistency.",يعمل على تحسين إحصائيات القتال الخاصة بالأبطال والأسقف النشطة، مما يزيد من إجمالي ضرر الفريق والاتساق.,"Millora les estadístiques de combat específiques de l'heroi i els sostres actius, augmentant el dany i la consistència totals de l'equip.","Vylepšuje bojové statistiky specifické pro hrdiny a aktivní stropy, zvyšuje celkové poškození a konzistenci týmu.",Verbessert heldenspezifische Kampfstatistiken und aktive Obergrenzen und erhöht so den Gesamtschaden und die Konsistenz des Trupps.,"Mejora las estadísticas de combate específicas de los héroes y los límites máximos de actividad, lo que aumenta el daño total del escuadrón y la consistencia.","Améliore les statistiques de combat et les plafonds actifs spécifiques aux héros, augmentant ainsi les dégâts totaux et la cohérence de l'équipe.","משפר סטטיסטיקות לחימה ספציפיות לגיבור ותקרות פעילות, מגדיל את הנזק הכולל של הנבחרת והעקביות.","Meningkatkan statistik pertempuran khusus pahlawan dan batas aktif, meningkatkan total kerusakan dan konsistensi pasukan.","Migliora le statistiche di combattimento specifiche dell'eroe e i limiti attivi, aumentando il danno totale e la coerenza della squadra.",ヒーロー固有の戦闘統計とアクティブな上限を改善し、分隊の合計ダメージと一貫性を向上させます。,영웅별 전투 통계와 활성 한도를 개선하여 총 분대 피해량과 일관성을 높입니다.,"Poprawia statystyki bojowe i aktywne pułapy specyficzne dla bohatera, zwiększając całkowite obrażenia drużyny i spójność.","Melhora as estatísticas de combate específicas dos heróis e os limites ativos, aumentando o dano total e a consistência do esquadrão.","Улучшает боевые характеристики и активные потолки отдельных героев, увеличивая общий урон и стабильность отряда.",ปรับปรุงสถิติการต่อสู้เฉพาะฮีโร่และเพดานการใช้งาน เพิ่มความเสียหายรวมและความสม่ำเสมอของทีม,Kahramana özel savaş istatistiklerini ve aktif tavanları iyileştirerek toplam ekip hasarını ve tutarlılığı artırır.,"Cải thiện chỉ số chiến đấu dành riêng cho anh hùng và trần hoạt động, tăng tổng sát thương và tính nhất quán của đội.",提高英雄特定的战斗统计数据和活跃上限，增加小队总伤害和一致性。
UPGRADE_DB_DESCRIPTION_FALLBACK,"Improves run combat effectiveness by boosting hero output, uptime, durability, or reward conversion on this branch.",يعمل على تحسين الفعالية القتالية من خلال تعزيز إنتاج البطل أو وقت التشغيل أو المتانة أو تحويل المكافأة في هذا الفرع.,"Millora l'eficàcia del combat en execució augmentant la producció d'herois, el temps d'activitat, la durabilitat o la conversió de recompenses en aquesta branca.","Zlepšuje efektivitu boje při běhu zvýšením výkonu hrdiny, doby provozuschopnosti, odolnosti nebo konverze odměn na této větvi.","Verbessert die Effektivität von Laufkämpfen durch Steigerung der Heldenleistung, Verfügbarkeit, Haltbarkeit oder Belohnungsumwandlung in diesem Zweig.","Mejora la efectividad del combate terrestre al aumentar la producción de héroes, el tiempo de actividad, la durabilidad o la conversión de recompensas en esta rama.","Améliore l'efficacité des combats en cours d'exécution en augmentant la production des héros, la disponibilité, la durabilité ou la conversion des récompenses sur cette branche.","משפר את יעילות הלחימה על ידי הגברת תפוקת גיבורים, זמן פעולה, עמידות או המרת תגמול בענף זה.","Meningkatkan efektivitas pertarungan lari dengan meningkatkan keluaran pahlawan, waktu aktif, daya tahan, atau konversi hadiah di cabang ini.","Migliora l'efficacia del combattimento in corsa aumentando la produzione dell'eroe, il tempo di attività, la durabilità o la conversione delle ricompense su questo ramo.",このブランチでのヒーローの出力、稼働時間、耐久性、または報酬の変換を強化することで、実行戦闘の効率を向上させます。,"이 계통의 영웅 생산량, 가동 시간, 내구성 또는 보상 전환을 향상하여 달리기 전투 효율성을 향상시킵니다.","Poprawia skuteczność walki w biegu, zwiększając wydajność bohatera, czas sprawności, trwałość lub konwersję nagród w tej gałęzi.","Melhora a eficácia do combate, aumentando a produção do herói, o tempo de atividade, a durabilidade ou a conversão de recompensas neste ramo.","Повышает эффективность боя за счет увеличения производительности героев, времени безотказной работы, долговечности или преобразования наград в этой ветке.",ปรับปรุงประสิทธิภาพการต่อสู้โดยการเพิ่มเอาต์พุตฮีโร่ เวลาทำงาน ความทนทาน หรือการแปลงรางวัลในสาขานี้,"Bu dalda kahraman çıktısını, çalışma süresini, dayanıklılığı veya ödül dönüşümünü artırarak koşu savaşı etkinliğini artırır.","Cải thiện hiệu quả chiến đấu khi chạy bằng cách tăng sản lượng anh hùng, thời gian hoạt động, độ bền hoặc chuyển đổi phần thưởng trên nhánh này.",通过提高该分支上的英雄输出、正常运行时间、耐用性或奖励转换来提高奔跑战斗力。
UPGRADE_DB_DESCRIPTION_FAMILY_MOVE,Improves combat pacing (roughly +1%-1.5% frontline walk speed per level) to reduce downtime between engagements.,يعمل على تحسين وتيرة القتال (حوالي +1%-1.5% من سرعة المشي في الخطوط الأمامية لكل مستوى) لتقليل وقت التوقف عن العمل بين الاشتباكات.,"Millora el ritme de combat (aproximadament +1%-1,5% de velocitat de caminada de primera línia per nivell) per reduir el temps d'inactivitat entre enfrontaments.","Zlepšuje tempo boje (zhruba +1%-1,5% rychlost chůze v první linii na úroveň), aby se zkrátily prostoje mezi střety.","Verbessert das Kampftempo (ungefähr +1 %–1,5 % Laufgeschwindigkeit an der Front pro Level), um Ausfallzeiten zwischen Gefechten zu reduzieren.","Mejora el ritmo del combate (aproximadamente +1%-1,5% de velocidad al caminar en primera línea por nivel) para reducir el tiempo de inactividad entre enfrentamientos.","Améliore le rythme du combat (environ +1 % à 1,5 % de vitesse de marche en première ligne par niveau) pour réduire les temps d'arrêt entre les engagements.",משפר את קצב הלחימה (בערך +1%-1.5% מהירות הליכה קדמית לכל רמה) כדי להפחית את זמן ההשבתה בין ההתקשרויות.,"Meningkatkan kecepatan pertempuran (kira-kira +1%-1,5% kecepatan berjalan di garis depan per level) untuk mengurangi waktu henti antar pertempuran.","Migliora il ritmo di combattimento (circa +1%-1,5% di velocità di camminata in prima linea per livello) per ridurre i tempi di inattività tra gli scontri.",戦闘のペースを改善し（レベルごとに前線の歩行速度が約 +1% ～ 1.5%）、交戦間のダウンタイムを短縮します。,전투 속도를 향상시켜(레벨당 최전선 걷기 속도 약 +1%-1.5%) 교전 사이의 가동 중지 시간을 줄입니다.,"Poprawia tempo walki (około +1%-1,5% szybkości marszu na linii frontu na poziom), aby skrócić przestoje pomiędzy starciami.","Melhora o ritmo de combate (aproximadamente +1%-1,5% da velocidade de caminhada na linha de frente por nível) para reduzir o tempo de inatividade entre os combates.","Улучшает темп боя (примерно +1–1,5% скорости ходьбы по линии фронта за уровень), чтобы сократить время простоя между боями.",ปรับปรุงจังหวะการต่อสู้ (ประมาณ +1%-1.5% ความเร็วในการเดินแนวหน้าต่อระดับ) เพื่อลดเวลาหยุดทำงานระหว่างการต่อสู้,"Çatışmalar arasındaki aksama süresini azaltmak için savaş temposunu iyileştirir (seviye başına kabaca +%1 -%1,5 ön cephe yürüme hızı).","Cải thiện nhịp độ chiến đấu (khoảng +1%-1,5% tốc độ đi bộ ở tiền tuyến mỗi cấp) để giảm thời gian ngừng hoạt động giữa các lần giao chiến.",提高战斗节奏（每级大约+1%-1.5%前线行走速度）以减少交战之间的停机时间。
UPGRADE_DB_DESCRIPTION_FAMILY_CURSOR,"Increases cursor-collected coin value by about +5% per level, stacking with other coin multipliers.",تزيد قيمة العملات المجمعة بواسطة المؤشر بحوالي +5% لكل مستوى، مع تجميعها مع مضاعفات العملات الأخرى.,"Augmenta el valor de les monedes recollides amb el cursor en un +5% per nivell, apilant-se amb altres multiplicadors de monedes.","Zvyšuje hodnotu coinů nasbíraných kurzorem o cca +5% za úroveň, skládání s jinými násobiteli mincí.",Erhöht den mit dem Cursor gesammelten Münzwert um etwa +5 % pro Level und ist mit anderen Münzmultiplikatoren stapelbar.,"Aumenta el valor de las monedas recolectadas con el cursor en aproximadamente un +5 % por nivel, apilándose con otros multiplicadores de monedas.","Augmente la valeur des pièces collectées par le curseur d'environ +5 % par niveau, en se cumulant avec d'autres multiplicateurs de pièces.","מגדיל את ערך המטבע שנאסף בסמן בכ-+5% לכל רמה, בערימה עם מכפילי מטבעות אחרים.","Meningkatkan nilai koin yang dikumpulkan kursor sekitar +5% per level, ditumpuk dengan pengganda koin lainnya.","Aumenta il valore delle monete raccolte dal cursore di circa il +5% per livello, cumulandosi con altri moltiplicatori di monete.",カーソルで収集したコインの価値がレベルごとに約 +5% 増加し、他のコイン乗数と累積します。,"커서로 수집하는 코인 가치를 레벨당 약 +5%만큼 증가시키며, 다른 코인 배수와 중첩됩니다.","Zwiększa wartość monet zebranych przez kursor o około +5% na poziom, kumulując się z innymi mnożnikami monet.","Aumenta o valor das moedas coletadas pelo cursor em cerca de +5% por nível, acumulando com outros multiplicadores de moedas.","Увеличивает ценность собранных курсором монет примерно на +5% за уровень, суммируясь с другими множителями монет.",เพิ่มมูลค่าเหรียญที่เคอร์เซอร์เก็บได้ประมาณ +5% ต่อระดับ ซ้อนกับตัวคูณเหรียญอื่น ๆ,"İmleçle toplanan jeton değerini, diğer jeton çarpanlarıyla istiflenerek seviye başına yaklaşık +%5 artırır.","Tăng giá trị đồng xu được thu thập bằng con trỏ lên khoảng +5% mỗi cấp, xếp chồng với các hệ số nhân xu khác.",每级增加光标收集的硬币价值约+5%，与其他硬币乘数叠加。
UPGRADE_DB_DESCRIPTION_FAMILY_HERO,Improves hero-specific combat contribution (roughly +1%-2% total squad DPS or safety per level depending on the hero).,تحسين المساهمة القتالية الخاصة بالبطل (تقريبًا +1%-2% إجمالي ضرر الفريق في الثانية أو السلامة لكل مستوى اعتمادًا على البطل).,Millora la contribució de combat específica de l'heroi (aproximadament +1%-2% DPS total de l'esquadra o seguretat per nivell segons l'heroi).,Vylepšuje bojový přínos hrdiny (zhruba +1%-2% celkového DPS týmu nebo bezpečnosti na úroveň v závislosti na hrdinovi).,"Verbessert den heldenspezifischen Kampfbeitrag (ungefähr +1–2 % Gesamt-Trupp-DPS oder Sicherheit pro Level, je nach Held).","Mejora la contribución al combate específica del héroe (aproximadamente +1%-2% de DPS total del escuadrón o seguridad por nivel, según el héroe).",Améliore la contribution au combat spécifique au héros (environ +1 % à 2 % de DPS total de l'équipe ou de sécurité par niveau en fonction du héros).,משפר את תרומת הלחימה הספציפית לגיבור (בערך +1%-2% DPS הכולל של כיתת או בטיחות לכל רמה בהתאם לגיבור).,Meningkatkan kontribusi tempur spesifik pahlawan (kira-kira +1%-2% total DPS skuad atau keamanan per level tergantung pada pahlawan).,Migliora il contributo al combattimento specifico dell'eroe (circa +1%-2% DPS totale della squadra o sicurezza per livello a seconda dell'eroe).,ヒーロー固有の戦闘貢献度を向上させます (ヒーローに応じてレベルごとにチームの合計 DPS または安全性が約 +1% ～ 2%)。,영웅별 전투 기여도가 향상됩니다(영웅에 따라 대략 총 분대 DPS 또는 레벨당 안전 +1%-2%).,"Poprawia wkład bojowy specyficzny dla bohatera (około +1%-2% całkowitego DPS drużyny lub bezpieczeństwa na poziom, w zależności od bohatera).","Melhora a contribuição de combate específica do herói (aproximadamente +1%-2% de DPS total do esquadrão ou segurança por nível, dependendo do herói).",Улучшает боевой вклад конкретного героя (примерно +1%-2% общего урона в секунду отряда или безопасности за уровень в зависимости от героя).,ปรับปรุงการมีส่วนร่วมในการต่อสู้เฉพาะฮีโร่ (ประมาณ +1%-2% DPS รวมทีมหรือความปลอดภัยต่อระดับขึ้นอยู่กับฮีโร่),Kahramana özel savaş katkısını artırır (kahramana bağlı olarak yaklaşık +%1-%2 toplam takım DPS'si veya seviye başına güvenlik).,Cải thiện khả năng đóng góp trong chiến đấu của từng anh hùng (khoảng +1%-2% tổng DPS của đội hoặc độ an toàn ở mỗi cấp độ tùy thuộc vào anh hùng).,提高英雄特定的战斗贡献（大约+1%-2%的小队总DPS或每级安全性，具体取决于英雄）。
UPGRADE_DB_DESCRIPTION_KEY_DAMAGE,Increases direct damage output (typically about +1.2%-1.5% total team DPS per level before global tuning).,يزيد من ناتج الضرر المباشر (عادة حوالي +1.2%-1.5% إجمالي ضرر الفريق في الثانية لكل مستوى قبل الضبط الشامل).,"Augmenta la producció de danys directes (normalment un +1,2%-1,5% de DPS total de l'equip per nivell abans de l'ajustament global).","Zvyšuje výstup přímého poškození (typicky o +1,2%-1,5% celkové týmové DPS na úroveň před globálním laděním).","Erhöht den direkten Schaden (normalerweise etwa +1,2–1,5 % des gesamten Team-DPS pro Level vor der globalen Optimierung).","Aumenta la producción de daño directo (normalmente alrededor de +1,2%-1,5% del DPS total del equipo por nivel antes del ajuste global).","Augmente les dégâts directs (généralement environ +1,2 % à 1,5 % du DPS total de l'équipe par niveau avant le réglage global).",מגדיל את תפוקת הנזק הישיר (בדרך כלל בערך +1.2%-1.5% DPS הכולל של הצוות לרמה לפני כוונון גלובלי).,"Meningkatkan keluaran kerusakan langsung (biasanya sekitar +1,2%-1,5% total DPS tim per level sebelum penyetelan global).","Aumenta l'output del danno diretto (in genere circa + 1,2% -1,5% DPS totali della squadra per livello prima della messa a punto globale).",直接的なダメージ出力を増加します (通常、グローバル調整の前に、レベルごとにチームの合計 DPS が約 +1.2% ～ 1.5%)。,직접적인 데미지 출력이 증가합니다(일반적으로 글로벌 튜닝 전 레벨당 총 팀 DPS가 약 +1.2%-1.5%).,"Zwiększa zadawane obrażenia bezpośrednie (zwykle około +1,2% -1,5% całkowitego DPS drużyny na poziom przed globalnym tuningiem).","Aumenta a produção de dano direto (normalmente cerca de +1,2%-1,5% do DPS total da equipe por nível antes do ajuste global).","Увеличивает прямой урон (обычно около +1,2%-1,5% общего урона в секунду команды за уровень до глобальной настройки).",เพิ่มความเสียหายโดยตรง (โดยทั่วไปประมาณ +1.2%-1.5% DPS ของทีมทั้งหมดต่อระดับก่อนการปรับทั่วโลก),"Doğrudan hasar çıktısını artırır (genel ayarlamadan önce genel olarak seviye başına yaklaşık +%1,2 ila %1,5 toplam takım DPS'si).","Tăng lượng sát thương trực tiếp (thường khoảng +1,2% -1,5% tổng DPS của nhóm theo cấp độ trước khi điều chỉnh toàn cầu).",增加直接伤害输出（在全局调整之前，每级通常大约+1.2%-1.5%团队总DPS）。
UPGRADE_DB_DESCRIPTION_KEY_SPEED,Increases attack cadence (typically about +0.9%-1.2% faster attacks per level before global tuning).,يزيد من إيقاع الهجوم (عادة حوالي +0.9%-1.2% هجمات أسرع لكل مستوى قبل الضبط الشامل).,"Augmenta la cadència d'atac (normalment un +0,9%-1,2% d'atacs més ràpids per nivell abans de l'ajustament global).","Zvyšuje útočnou kadenci (typicky o +0,9%-1,2% rychlejší útoky na úroveň před globálním laděním).","Erhöht die Angriffsfrequenz (normalerweise etwa +0,9–1,2 % schnellere Angriffe pro Level vor der globalen Optimierung).","Aumenta la cadencia de ataque (normalmente entre un 0,9% y un 1,2% de ataques más rápidos por nivel antes del ajuste global).","Augmente la cadence d'attaque (généralement environ +0,9 à 1,2 % d'attaques plus rapides par niveau avant le réglage global).",מגדיל את קצב ההתקפה (בדרך כלל בערך +0.9%-1.2% התקפות מהירות יותר לרמה לפני כוונון גלובלי).,"Meningkatkan irama serangan (biasanya sekitar +0,9%-1,2% serangan lebih cepat per level sebelum penyetelan global).","Aumenta la cadenza degli attacchi (in genere attacchi più veloci di circa +0,9%-1,2% per livello prima della messa a punto globale).",攻撃の頻度を増加します (通常、グローバル調整の前に、レベルごとに攻撃が約 +0.9% ～ 1.2% 速くなります)。,공격 속도가 증가합니다(일반적으로 글로벌 튜닝 전 레벨당 공격 속도가 약 +0.9%-1.2% 더 빨라짐).,"Zwiększa częstotliwość ataków (zwykle około +0,9% -1,2% szybszych ataków na poziom przed globalnym dostrojeniem).","Aumenta a cadência de ataque (normalmente cerca de 0,9% a 1,2% de ataques mais rápidos por nível antes do ajuste global).","Увеличивает частоту атак (обычно примерно на +0,9%-1,2% быстрее атак за уровень до глобальной настройки).",เพิ่มจังหวะการโจมตี (โดยทั่วไปการโจมตีเร็วขึ้นประมาณ +0.9%-1.2% ต่อระดับก่อนการปรับจูนทั่วโลก),"Saldırı temposunu artırır (genel ayarlamadan önce genellikle seviye başına yaklaşık +%0,9 ila %1,2 daha hızlı saldırılar).","Tăng nhịp tấn công (thường là khoảng +0,9% -1,2% các cuộc tấn công nhanh hơn trên mỗi cấp độ trước khi điều chỉnh toàn cầu).",提高攻击节奏（在全局调整之前，每级攻击速度通常加快约 0.9%-1.2%）。
UPGRADE_DB_DESCRIPTION_KEY_ARMOR,Reduces incoming damage (roughly -0.8% to -1.2% taken per level before global tuning).,يقلل من الضرر الوارد (حوالي -0.8% إلى -1.2% يتم إجراؤه لكل مستوى قبل الضبط الشامل).,"Redueix el dany entrant (aproximadament entre -0,8% i -1,2% per nivell abans de l'ajustament global).","Snižuje příchozí poškození (zhruba -0,8 % až -1,2 % za každou úroveň před globálním laděním).","Reduziert den erlittenen Schaden (ungefähr -0,8 % bis -1,2 % pro Level vor der globalen Anpassung).","Reduce el daño recibido (aproximadamente -0,8% a -1,2% por nivel antes del ajuste global).","Réduit les dégâts reçus (environ -0,8% à -1,2% subis par niveau avant réglage global).",מפחית נזקים נכנסים (בערך -0.8% עד -1.2% נלקח לרמה לפני כוונון גלובלי).,"Mengurangi kerusakan yang masuk (kira-kira -0,8% hingga -1,2% yang terjadi per level sebelum penyetelan global).","Riduce i danni in arrivo (da circa -0,8% a -1,2% per livello prima della messa a punto globale).",受けるダメージを軽減します（全体的な調整の前に、レベルごとに約 -0.8% ～ -1.2% がかかります）。,들어오는 피해를 줄입니다(글로벌 튜닝 전 레벨당 받는 피해는 대략 -0.8% ~ -1.2%).,"Zmniejsza otrzymywane obrażenia (około -0,8% do -1,2% otrzymywane na poziom przed globalnym dostrojeniem).","Reduz o dano recebido (cerca de -0,8% a -1,2% sofrido por nível antes do ajuste global).","Уменьшает входящий урон (примерно от -0,8% до -1,2% за уровень до глобальной настройки).",ลดความเสียหายที่ได้รับ (ประมาณ -0.8% ถึง -1.2% ที่ได้รับต่อระดับก่อนการปรับจูนทั่วโลก),"Gelen hasarı azaltır (genel ayarlamadan önce seviye başına alınan kabaca %-0,8 ila %-1,2).","Giảm sát thương nhận vào (khoảng -0,8% đến -1,2% nhận mỗi cấp trước khi điều chỉnh toàn cầu).",减少传入伤害（在全局调整之前每级大约减少 -0.8% 到 -1.2%）。
UPGRADE_DB_DESCRIPTION_KEY_POWER,Improves active ability economy (about +2.5% power gain per level and modest cooldown/cost reductions before global tuning).,تحسين اقتصاد القدرة النشطة (حوالي +2.5% زيادة في الطاقة لكل مستوى وتخفيض متواضع في فترة التهدئة/التكلفة قبل الضبط الشامل).,"Millora l'economia de la capacitat activa (al voltant del +2,5% de guany de potència per nivell i modestes reduccions de temps de reutilització/cost abans de l'ajustament global).","Zlepšuje ekonomiku aktivních schopností (přibližně +2,5% nárůst výkonu na úroveň a mírné ochlazení/snížení nákladů před globálním laděním).","Verbessert die Wirtschaftlichkeit aktiver Fähigkeiten (ca. +2,5 % Kraftzuwachs pro Level und moderate Abklingzeit/Kostenreduzierung vor der globalen Anpassung).","Mejora la economía de habilidades activas (aproximadamente +2,5 % de ganancia de potencia por nivel y modestas reducciones de tiempo de reutilización/costos antes del ajuste global).","Améliore l'économie de capacité active (environ +2,5 % de gain de puissance par niveau et de modestes réductions de temps de recharge/coût avant le réglage global).",משפר את כלכלת היכולת האקטיבית (בערך +2.5% עלייה בהספק לרמה והפחתת עלות/הורדה מתונה לפני כוונון גלובלי).,"Meningkatkan kemampuan ekonomi aktif (sekitar +2,5% perolehan daya per level dan sedikit cooldown/pengurangan biaya sebelum penyetelan global).","Migliora l'economia delle abilità attive (circa + 2,5% di guadagno di potenza per livello e modeste riduzioni di tempo di recupero/costo prima della messa a punto globale).",アクティブ アビリティの経済性が向上します (レベルごとに約 +2.5% のパワー増加と、グローバル調整前の適度なクールダウン/コスト削減)。,활성 능력의 경제성을 향상시킵니다(레벨당 약 +2.5%의 전력 이득 및 글로벌 튜닝 전 적당한 쿨다운/비용 감소).,"Poprawia ekonomię umiejętności aktywnych (około +2,5% przyrostu mocy na poziom i niewielkie redukcje czasu odnowienia/kosztu przed globalnym dostrojeniem).","Melhora a economia de habilidade ativa (cerca de +2,5% de ganho de energia por nível e modestas reduções de tempo de recarga/custo antes do ajuste global).","Улучшает экономику активных способностей (около +2,5% прироста мощности за уровень и небольшое сокращение времени восстановления/затрат перед глобальной настройкой).",ปรับปรุงการประหยัดความสามารถเชิงรุก (เพิ่มพลังงานประมาณ +2.5% ต่อระดับและลดคูลดาวน์/ต้นทุนเล็กน้อยก่อนการปรับจูนทั่วโลก),"Aktif yetenek ekonomisini geliştirir (seviye başına yaklaşık +%2,5 güç kazanımı ve genel ayarlamadan önce makul bekleme süresi/maliyet azalmaları).","Cải thiện khả năng tiết kiệm khả năng chủ động (tăng khoảng +2,5% sức mạnh cho mỗi cấp độ và giảm thời gian hồi chiêu/giảm chi phí khiêm tốn trước khi điều chỉnh toàn cầu).",提高主动能力经济性（每级约 +2.5% 功率增益，并在全局调整之前适度降低冷却时间/成本）。
UPGRADE_DB_DESCRIPTION_KEY_BOSS,Improves boss progression (reduces effective boss HP or increases boss rewards by a few percent per level).,يحسن تقدم الزعيم (يقلل من صحة الزعيم الفعالة أو يزيد من مكافآت الزعيم بنسبة قليلة لكل مستوى).,Millora la progressió del cap (redueix l'HP efectiu del cap o augmenta les recompenses del cap en un percentatge per nivell).,Zlepšuje postup šéfa (snižuje efektivní HP šéfa nebo zvyšuje odměny šéfů o několik procent za úroveň).,Verbessert den Boss-Fortschritt (reduziert die effektiven Boss-HP oder erhöht die Boss-Belohnungen um ein paar Prozent pro Level).,Mejora la progresión del jefe (reduce el HP efectivo del jefe o aumenta las recompensas del jefe en un pequeño porcentaje por nivel).,Améliore la progression du boss (réduit les HP effectifs du boss ou augmente les récompenses du boss de quelques pour cent par niveau).,משפר את התקדמות הבוס (מפחית את HP הבוס האפקטיבי או מגדיל את תגמולי הבוס בכמה אחוזים לרמה).,Meningkatkan perkembangan bos (mengurangi HP efektif bos atau meningkatkan hadiah bos beberapa persen per level).,Migliora la progressione del boss (riduce gli HP effettivi del boss o aumenta le ricompense del boss di una piccola percentuale per livello).,ボスの進行を改善します (ボスの実質 HP を減少させるか、レベルごとにボスの報酬を数パーセント増加させます)。,보스 진행 상황을 개선합니다(유효 보스 HP를 줄이거나 레벨당 몇 퍼센트씩 보스 보상을 늘립니다).,Poprawia rozwój bossów (zmniejsza efektywne HP bossa lub zwiększa nagrody bossa o kilka procent na poziom).,Melhora a progressão do chefe (reduz o HP efetivo do chefe ou aumenta as recompensas do chefe em alguns por cento por nível).,Улучшает прогресс босса (снижает эффективное здоровье босса или увеличивает награды босса на несколько процентов за уровень).,ปรับปรุงความก้าวหน้าของบอส (ลด HP ของบอสที่มีประสิทธิภาพหรือเพิ่มรางวัลบอสไม่กี่เปอร์เซ็นต์ต่อระดับ),Boss ilerlemesini iyileştirir (etkili boss HP'sini azaltır veya boss ödüllerini seviye başına yüzde birkaç artırır).,Cải thiện sự tiến triển của ông chủ (giảm HP hiệu quả của ông chủ hoặc tăng phần thưởng của ông chủ thêm vài phần trăm mỗi cấp độ).,提高老板的进展（减少老板的有效生命值或每级增加几个百分点的老板奖励）。
UPGRADE_DB_DESCRIPTION_KEY_COIN,Increases coin conversion from combat by roughly +3% income per level (before cursor and extra-skill bonuses).,يزيد تحويل العملات من القتال بنسبة +3% تقريبًا من الدخل لكل مستوى (قبل مكافآت المؤشر والمهارات الإضافية).,Augmenta la conversió de monedes del combat aproximadament un +3% d'ingressos per nivell (abans de les bonificacions de cursor i d'habilitats addicionals).,Zvyšuje konverzi mincí z boje o zhruba +3 % příjmu za úroveň (před bonusy za kurzor a extra dovednosti).,Erhöht die Münzumwandlung aus dem Kampf um ca. +3 % Einkommen pro Level (vor Cursor- und Extra-Skill-Boni).,Aumenta la conversión de monedas en combate en aproximadamente un +3 % de ingresos por nivel (antes de las bonificaciones de cursor y habilidades adicionales).,Augmente la conversion des pièces du combat d'environ +3 % de revenu par niveau (avant les bonus de curseur et de compétences supplémentaires).,מגדיל את המרת המטבעות מקרב בכ-+3% הכנסה לרמה (לפני הסמן ובונוסים של מיומנות נוספת).,Meningkatkan konversi koin dari pertempuran sekitar +3% pendapatan per level (sebelum kursor dan bonus keterampilan ekstra).,Aumenta la conversione delle monete dal combattimento di circa +3% di reddito per livello (prima dei bonus cursore e abilità extra).,戦闘によるコイン換算がレベルごとに約 +3% 増加します (カーソルと追加スキル ボーナスの前)。,전투에서 코인 전환이 레벨당 대략 +3%만큼 증가합니다(커서 및 추가 스킬 보너스 전).,Zwiększa konwersję monet z walki o około +3% dochodu na poziom (przed kursorem i premiami za dodatkowe umiejętności).,Aumenta a conversão de moedas do combate em aproximadamente +3% de renda por nível (antes do cursor e bônus de habilidade extra).,Увеличивает конверсию монет в бою примерно на +3% дохода за уровень (без учета бонусов курсора и дополнительных навыков).,เพิ่มการแปลงเหรียญจากการต่อสู้ประมาณ +3% รายได้ต่อระดับ (ก่อนเคอร์เซอร์และโบนัสทักษะพิเศษ),Savaşta jeton dönüşümünü seviye başına kabaca +%3 oranında artırır (imleç ve ekstra beceri bonuslarından önce).,Tăng khả năng chuyển đổi tiền xu từ chiến đấu lên khoảng +3% thu nhập cho mỗi cấp độ (trước phần thưởng con trỏ và kỹ năng bổ sung).,每升一级，战斗中的金币转换收入大约增加 3%（在光标和额外技能奖励之前）。
UPGRADE_DB_DESCRIPTION_KEY_DENSITY,Increases enemy density by a few percent per level so high DPS builds can secure more kills (and coins) per minute.,تزيد من كثافة العدو بنسبة قليلة لكل مستوى، لذا فإن بناءات DPS العالية يمكن أن تضمن المزيد من عمليات القتل (والعملات المعدنية) في الدقيقة.,"Augmenta la densitat d'enemics un poc per cent per nivell, de manera que les compilacions de DPS altes poden assegurar més morts (i monedes) per minut.","Zvyšuje hustotu nepřátel o několik procent na úroveň, takže vysoké sestavení DPS může zajistit více zabití (a coinů) za minutu.","Erhöht die Gegnerdichte um ein paar Prozent pro Level, sodass Builds mit hohem Schaden pro Sekunde mehr Kills (und Münzen) pro Minute erzielen können.","Aumenta la densidad del enemigo en un pequeño porcentaje por nivel, de modo que las construcciones altas de DPS puedan asegurar más muertes (y monedas) por minuto.",Augmente la densité de l'ennemi de quelques pour cent par niveau afin que les builds DPS élevés puissent garantir plus de victimes (et de pièces) par minute.,מגדיל את צפיפות האויב בכמה אחוזים לכל רמה כך שבניית DPS גבוהה יכולה להבטיח יותר הרג (ומטבעות) לדקה.,Meningkatkan kepadatan musuh beberapa persen per level sehingga pembangunan DPS tinggi dapat mengamankan lebih banyak pembunuhan (dan koin) per menit.,"Aumenta la densità dei nemici di una piccola percentuale per livello, quindi le build DPS elevate possono garantire più uccisioni (e monete) al minuto.",レベルごとに敵の密度が数パーセント増加するため、高 DPS ビルドでは 1 分あたりより多くのキル (およびコイン) を確保できます。,레벨당 적의 밀도를 몇 퍼센트씩 증가시켜 높은 DPS 빌드로 분당 더 많은 킬(및 코인)을 확보할 수 있습니다.,"Zwiększa gęstość wrogów o kilka procent na poziom, dzięki czemu kompilacje z wysokim DPS mogą zapewnić więcej zabójstw (i monet) na minutę.","Aumenta a densidade do inimigo em alguns por cento por nível, para que construções de alto DPS possam garantir mais mortes (e moedas) por minuto.","Увеличивает плотность врагов на несколько процентов за уровень, поэтому сборки с высоким ДПС могут обеспечить больше убийств (и монет) в минуту.",เพิ่มความหนาแน่นของศัตรูไม่กี่เปอร์เซ็นต์ต่อระดับ ดังนั้นการสร้าง DPS ที่สูงจึงสามารถสังหาร (และเหรียญ) ต่อนาทีได้มากขึ้น,"Düşman yoğunluğunu seviye başına yüzde birkaç artırır, böylece yüksek DPS yapıları dakikada daha fazla öldürmeyi (ve parayı) güvence altına alabilir.",Tăng mật độ kẻ thù lên vài phần trăm mỗi cấp để các bản dựng DPS cao có thể đảm bảo nhiều mạng (và xu) hơn mỗi phút.,每升一级，敌人密度就会增加几个百分点，因此高 DPS 构建可以确保每分钟有更多杀戮（和金币）。
UPGRADE_DB_DESCRIPTION_PARTY_DAMAGE_08,Increases all party damage by 8% per level.,يزيد ضرر جميع الأطراف بنسبة 8% لكل مستوى.,Augmenta el dany de tots els grups un 8% per nivell.,Zvyšuje poškození všech stran o 8 % za úroveň.,Erhöht den Schaden aller Gruppen um 8 % pro Level.,Aumenta el daño de todo el grupo en un 8% por nivel.,Augmente les dégâts de tous les groupes de 8 % par niveau.,מגדיל את כל נזקי המפלגה ב-8% לכל רמה.,Meningkatkan semua kerusakan partai sebesar 8% per level.,Aumenta tutti i danni del gruppo dell'8% per livello.,すべてのパーティのダメージがレベルごとに 8% 増加します。,레벨당 모든 파티 데미지가 8%씩 증가합니다.,Zwiększa obrażenia wszystkich drużyn o 8% na poziom.,Aumenta todos os danos do grupo em 8% por nível.,Увеличивает урон всей группы на 8% за уровень.,เพิ่มความเสียหายให้กับปาร์ตี้ทั้งหมด 8% ต่อระดับ,Tüm parti hasarını seviye başına %8 artırır.,Tăng sát thương cho toàn đội thêm 8% mỗi cấp.,每升一级，所有队伍伤害提高 8%。
UPGRADE_DB_DESCRIPTION_PARTY_DAMAGE_12,Increases all party damage by 12% per level.,يزيد ضرر جميع الأطراف بنسبة 12% لكل مستوى.,Augmenta el dany de tots els grups un 12% per nivell.,Zvyšuje poškození všech stran o 12 % za úroveň.,Erhöht den Schaden aller Gruppen um 12 % pro Level.,Aumenta el daño de todo el grupo en un 12% por nivel.,Augmente les dégâts de tous les groupes de 12 % par niveau.,מגדיל את כל נזקי המפלגה ב-12% לכל רמה.,Meningkatkan semua kerusakan partai sebesar 12% per level.,Aumenta tutti i danni del gruppo del 12% per livello.,すべてのパーティのダメージがレベルごとに 12% 増加します。,레벨당 모든 파티 데미지가 12%씩 증가합니다.,Zwiększa obrażenia wszystkich drużyn o 12% na poziom.,Aumenta todos os danos do grupo em 12% por nível.,Увеличивает урон всей группы на 12% за уровень.,เพิ่มความเสียหายให้กับปาร์ตี้ทั้งหมด 12% ต่อระดับ,Tüm parti hasarını seviye başına %12 artırır.,Tăng sát thương cho toàn đội thêm 12% mỗi cấp.,每升一级，所有队伍伤害提高 12%。
UPGRADE_DB_DESCRIPTION_PARTY_DAMAGE_16,Increases all party damage by 16% per level.,يزيد ضرر جميع الأطراف بنسبة 16% لكل مستوى.,Augmenta el dany de tots els grups un 16% per nivell.,Zvyšuje poškození všech stran o 16 % za úroveň.,Erhöht den Schaden aller Gruppen um 16 % pro Level.,Aumenta el daño de todo el grupo en un 16% por nivel.,Augmente les dégâts de tous les groupes de 16 % par niveau.,מגדיל את כל נזקי המפלגה ב-16% לכל רמה.,Meningkatkan semua kerusakan partai sebesar 16% per level.,Aumenta tutti i danni del gruppo del 16% per livello.,すべてのパーティのダメージがレベルごとに 16% 増加します。,레벨당 모든 파티 데미지가 16% 증가합니다.,Zwiększa obrażenia wszystkich drużyn o 16% na poziom.,Aumenta todos os danos do grupo em 16% por nível.,Увеличивает урон всей группы на 16% за уровень.,เพิ่มความเสียหายให้กับปาร์ตี้ทั้งหมด 16% ต่อระดับ,Tüm parti hasarını seviye başına %16 artırır.,Tăng sát thương cho toàn đội thêm 16% mỗi cấp.,每升一级，所有队伍伤害提高 16%。
UPGRADE_DB_DESCRIPTION_PARTY_DAMAGE_20,Increases all party damage by 20% per level.,يزيد ضرر جميع الأطراف بنسبة 20% لكل مستوى.,Augmenta el dany de tots els grups un 20% per nivell.,Zvyšuje poškození všech stran o 20 % za úroveň.,Erhöht den Schaden aller Gruppen um 20 % pro Level.,Aumenta el daño de todo el grupo en un 20% por nivel.,Augmente les dégâts de tous les groupes de 20 % par niveau.,מגדיל את כל נזקי המפלגה ב-20% לכל רמה.,Meningkatkan semua kerusakan partai sebesar 20% per level.,Aumenta tutti i danni del gruppo del 20% per livello.,パーティ全体のダメージがレベルごとに 20% 増加します。,레벨당 모든 파티 데미지가 20%씩 증가합니다.,Zwiększa obrażenia wszystkich drużyn o 20% na poziom.,Aumenta todo o dano do grupo em 20% por nível.,Увеличивает урон всей группы на 20% за уровень.,เพิ่มความเสียหายให้กับปาร์ตี้ทั้งหมด 20% ต่อระดับ,Tüm parti hasarını seviye başına %20 artırır.,Tăng sát thương cho toàn đội thêm 20% mỗi cấp.,每升一级，所有队伍伤害提高 20%。
UPGRADE_DB_DESCRIPTION_PARTY_DAMAGE_25,Increases all party damage by 25% per level.,يزيد ضرر جميع الأطراف بنسبة 25% لكل مستوى.,Augmenta el dany de tots els grups un 25% per nivell.,Zvyšuje poškození všech stran o 25 % za úroveň.,Erhöht den Schaden aller Gruppen um 25 % pro Level.,Aumenta el daño de todo el grupo en un 25% por nivel.,Augmente les dégâts de tous les groupes de 25 % par niveau.,מגדיל את כל נזקי המפלגה ב-25% לכל רמה.,Meningkatkan semua kerusakan partai sebesar 25% per level.,Aumenta tutti i danni del gruppo del 25% per livello.,すべてのパーティのダメージがレベルごとに 25% 増加します。,레벨당 모든 파티 데미지가 25% 증가합니다.,Zwiększa obrażenia wszystkich drużyn o 25% na poziom.,Aumenta todo o dano do grupo em 25% por nível.,Увеличивает урон всей группы на 25% за уровень.,เพิ่มความเสียหายให้กับปาร์ตี้ทั้งหมด 25% ต่อระดับ,Tüm parti hasarını seviye başına %25 artırır.,Tăng sát thương cho toàn đội thêm 25% mỗi cấp.,每升一级，所有队伍伤害提高 25%。
UPGRADE_DB_NAME_CORE_DENSITY,Core Density,الكثافة الأساسية,Densitat del nucli,Hustota jádra,Kerndichte,Densidad del núcleo,Densité du noyau,צפיפות ליבה,Kepadatan Inti,Densità del nucleo,コア密度,코어 밀도,Gęstość rdzenia,Densidade Central,Плотность ядра,ความหนาแน่นของแกนกลาง,Çekirdek Yoğunluğu,Mật độ lõi,核心密度
UPGRADE_DB_NAME_CORE_POWER,Core Power,القوة الأساسية,Potència central,Výkon jádra,Kernkraft,Poder central,Puissance de base,כוח ליבה,Kekuatan Inti,Potenza fondamentale,コアパワー,핵심 전력,Moc rdzenia,Poder Central,Основная сила,พลังหลัก,Çekirdek Gücü,Sức mạnh cốt lõi,核心动力
UPGRADE_DB_NAME_EXTRA_SKILL,%s %s %d,%s %s %d,%s %s %d,%s %s %d,%s %s %d,%s %s %d,%s %s %d,%s %s %d,%s %s %d,%s %s %d,%s %s %d,%s %s %d,%s %s %d,%s %s %d,%s %s %d,%s %s %d,%s %s %d,%s %s %d,%s %s %d
UPGRADE_DB_NAME_EXTRA_SKILL_FALLBACK,Extra Skill,مهارة اضافية,Habilitat extra,Extra dovednost,Zusätzliche Fähigkeiten,Habilidad adicional,Compétence supplémentaire,מיומנות נוספת,Keterampilan Ekstra,Abilità extra,エクストラスキル,엑스트라 스킬,Dodatkowa umiejętność,Habilidade Extra,Дополнительный навык,ทักษะพิเศษ,Ekstra Beceri,Kỹ năng bổ sung,额外技能
UPGRADE_DB_NAME_PARTY_DAMAGE_BOOST,Party Power,قوة الحزب,Poder del partit,Moc strany,Parteimacht,Poder del partido,Le pouvoir du parti,כוח המפלגה,Kekuatan Partai,Potere del partito,パーティーパワー,파티 파워,Siła Partii,Poder partidário,Партийная власть,พลังปาร์ตี้,Parti Gücü,Đảng quyền lực,党的权力
UPGRADE_DB_NAME_PARTY_BATTLE_STANDARD,Battle Standard,معيار المعركة,Estàndard de batalla,Bitevní standard,Kampfstandarte,Estándar de batalla,Étendard de bataille,תקן קרב,Standar Pertempuran,Stendardo da battaglia,バトルスタンダード,전투 표준,Standard bojowy,Padrão de Batalha,Боевой штандарт,มาตรฐานการต่อสู้,Savaş Standardı,Tiêu chuẩn chiến đấu,战旗
UPGRADE_DB_NAME_PARTY_WAR_DRUMS,War Drums,طبول الحرب,Tambors de guerra,Válečné bubny,Kriegstrommeln,Tambores de guerra,Tambours de guerre,תופי מלחמה,Genderang Perang,Tamburi di guerra,ウォードラム,전쟁 북,Bębny wojenne,Tambores de Guerra,Военные барабаны,กลองสงคราม,Savaş Davulları,Trống chiến,战鼓
UPGRADE_DB_NAME_PARTY_EXECUTION_DOCTRINE,Execution Doctrine,عقيدة التنفيذ,Doctrina de l'execució,Doktrína popravy,Hinrichtungslehre,Doctrina de ejecución,Doctrine d'exécution,דוקטרינת ההוצאה לפועל,Doktrin Eksekusi,Dottrina dell'esecuzione,処刑教義,실행 교리,Doktryna egzekucyjna,Doutrina de Execução,Доктрина казни,หลักคำสอนเรื่องการประหารชีวิต,İnfaz Doktrini,Học thuyết thi hành,执行主义
UPGRADE_DB_NAME_PARTY_APEX_OVERDRIVE,Apex Overdrive,أبيكس أوفردرايف,Overdrive Apex,Apex Overdrive,Apex-Overdrive,Sobremarcha del ápice,Apex Surmultiplié,Apex Overdrive,Puncak Overdrive,Overdrive Apex,アペックスオーバードライブ,에이펙스 오버드라이브,Nadbieg Apex,Overdrive do ápice,Апекс Овердрайв,เอเพ็กซ์โอเวอร์ไดรฟ์,Apex Aşırı Hızı,Tăng tốc Apex,巅峰超速
UPGRADE_DB_NAME_CORE_KNIGHT_DAMAGE,Core Knight Damage,الضرر الأساسي للفارس,Core Knight Dany,Core Knight Damage,Kernritter-Schaden,Daño del Caballero Núcleo,Dégâts du chevalier de base,נזק ל-Core Knight,Kerusakan Inti Ksatria,Danno del Cavaliere Nucleo,コアナイトのダメージ,코어 나이트 데미지,Obrażenia Rdzeniowego Rycerza,Dano do Cavaleiro Central,Основной урон рыцаря,ความเสียหายของอัศวินหลัก,Çekirdek Şövalye Hasarı,Sát thương của Core Knight,核心骑士伤害
UPGRADE_DB_NAME_CORE_KNIGHT_SPEED,Core Knight Speed,سرعة الفارس الأساسية,Core Knight Speed,Rychlost Core Knight,Kernritter-Geschwindigkeit,Velocidad del caballero central,Vitesse du chevalier de base,Core Knight Speed,Kecepatan Inti Ksatria,Velocità del Cavaliere Nucleo,コアナイトスピード,코어 나이트 스피드,Szybkość rdzenia rycerza,Velocidade do Cavaleiro Central,Основная скорость рыцаря,ความเร็วคอร์อัศวิน,Çekirdek Şövalye Hızı,Tốc độ hiệp sĩ cốt lõi,核心骑士速度
UPGRADE_DB_NAME_CORE_KNIGHT_ACTIVE_CAP,Core Knight Active Cap,قبعة كور نايت النشطة,Core Knight Active Gorra,Core Knight Active Cap,Aktive Core Knight-Kappe,Gorra activa Core Knight,Casquette Active Core Knight,Core Knight Active Cap,Topi Aktif Ksatria Inti,Cappello attivo Core Knight,コアナイトアクティブキャップ,코어 나이트 액티브 캡,Aktywna czapka Core Knight,Boné Ativo do Cavaleiro Central,Активная кепка Core Knight,Core Knight แอคทีฟแคป,Core Knight Aktif Başlığı,Mũ hoạt động Core Knight,核心骑士活动帽
UPGRADE_DB_NAME_CORE_ARCHER_DAMAGE,Core Archer Damage,ضرر آرتشر الأساسي,Dany de l'arquer principal,Core Archer Damage,Schaden des Kernbogenschützen,Daño del arquero central,Dégâts de l'archer principal,Core Archer נזק,Kerusakan Inti Pemanah,Danno principale dell'arciere,コアアーチャーのダメージ,코어 아처 데미지,Obrażenia rdzenia łucznika,Dano Central do Arqueiro,Основной урон лучника,ความเสียหายของคอร์อาร์เชอร์,Çekirdek Okçu Hasarı,Sát thương của Core Archer,核心弓箭手伤害
UPGRADE_DB_NAME_CORE_ARCHER_SPEED,Core Archer Speed,سرعة آرتشر الأساسية,Velocitat de l'arquer principal,Rychlost jádra Archer,Geschwindigkeit des Kernbogenschützen,Velocidad del arquero central,Vitesse de l'archer de base,Core Archer Speed,Kecepatan Pemanah Inti,Velocità dell'arciere principale,コアアーチャースピード,코어 아처 스피드,Szybkość rdzenia łucznika,Velocidade do Arqueiro Central,Основная скорость лучника,ความเร็วคอร์อาร์เชอร์,Çekirdek Okçu Hızı,Tốc độ bắn cung cốt lõi,核心弓箭手速度
UPGRADE_DB_NAME_CORE_ARCHER_ACTIVE_CAP,Core Archer Active Cap,قبعة كور آرتشر النشطة,Core Archer Active Cap,Core Archer Active Cap,Core Archer Aktive Kappe,Gorra activa Core Archer,Casquette Active Core Archer,Core Archer Active Cap,Tutup Aktif Pemanah Inti,Cappello attivo Core Archer,コアアーチャーアクティブキャップ,코어 아처 액티브 캡,Aktywna czapka Core Archer,Boné Ativo Core Archer,Активная кепка Core Archer,Core Archer ใช้งานหมวก,Çekirdek Okçu Aktif Sınırı,Mũ hoạt động Core Archer,核心弓箭手活动帽
UPGRADE_DB_NAME_CORE_GUARDIAN_DAMAGE,Core Guardian Damage,الضرر الأساسي للجارديان,Dany del tutor principal,Poškození Core Guardian,Kernwächterschaden,Daño del guardián central,Dégâts du gardien principal,נזק גרדי הליבה,Kerusakan Penjaga Inti,Danno del Guardiano Centrale,コアガーディアンのダメージ,코어 가디언 데미지,Obrażenia Strażnika Rdzenia,Dano do Guardião Central,Урон основного стража,ความเสียหายของผู้พิทักษ์หลัก,Çekirdek Muhafız Hasarı,Sát thương bảo vệ cốt lõi,核心守护者伤害
UPGRADE_DB_NAME_CORE_GUARDIAN_SPEED,Core Guardian Speed,سرعة الجارديان الأساسية,Core Guardian Velocitat,Rychlost Core Guardian,Geschwindigkeit des Kernwächters,Velocidad del guardián central,Vitesse du gardien de base,Core Guardian Speed,Kecepatan Penjaga Inti,Velocità del Guardiano Centrale,コアガーディアンのスピード,코어 가디언 속도,Szybkość Strażnika Rdzenia,Velocidade do Guardião Central,Скорость основного стража,ความเร็วคอร์การ์เดี้ยน,Çekirdek Muhafız Hızı,Tốc độ bảo vệ cốt lõi,核心守护速度
UPGRADE_DB_NAME_CORE_GUARDIAN_ACTIVE_CAP,Core Guardian Active Cap,قبعة كور جارديان النشطة,Gorra activa Core Guardian,Core Guardian Active Cap,Core Guardian Active Cap,Gorra activa Core Guardian,Casquette active Core Guardian,Core Guardian Active Cap,Tutup Aktif Penjaga Inti,Limite attivo Guardiano Nucleo,コアガーディアンアクティブキャップ,코어 가디언 액티브 캡,Aktywna czapka Core Guardian,Boné Ativo Core Guardian,Активная шапка Core Guardian,Core Guardian แอคทีฟแคป,Core Guardian Aktif Sınırı,Mũ hoạt động của Core Guardian,核心守护者活动帽
UPGRADE_DB_NAME_CORE_MAGE_DAMAGE,Core Mage Damage,الضرر الأساسي للسحرة,Core Mage Dany,Poškození Core Mage,Kernmagier-Schaden,Daño del mago central,Dégâts du mage principal,Core Mage Damage,Kerusakan Inti Penyihir,Danno del Mago Nucleo,コアメイジダメージ,코어 메이지 데미지,Obrażenia maga rdzenia,Dano Central do Mago,Урон основного мага,ความเสียหายของ Core Mage,Çekirdek Büyücü Hasarı,Sát thương pháp sư cốt lõi,核心法师伤害
UPGRADE_DB_NAME_CORE_MAGE_SPEED,Core Mage Speed,سرعة ماجى الأساسية,Core Mage Speed,Rychlost Core Mage,Kernmagiergeschwindigkeit,Velocidad del mago central,Vitesse du mage de base,Core Mage Speed,Kecepatan Inti Penyihir,Velocità del Mago Nucleo,コアメイジのスピード,핵심 마법사 속도,Szybkość maga rdzenia,Velocidade do Mago Central,Основная скорость мага,ความเร็วคอร์เมจ,Çekirdek Büyücü Hızı,Tốc độ pháp sư cốt lõi,核心法师速度
UPGRADE_DB_NAME_CORE_MAGE_ACTIVE_CAP,Core Mage Active Cap,قبعة كور ماج النشطة,Core Mage Active Cap,Core Mage Active Cap,Kernmagier-Aktivkappe,Gorra activa de mago central,Casquette active Core Mage,Core Mage Active Cap,Tutup Aktif Penyihir Inti,Limite attivo del Mago Nucleo,コアメイジのアクティブキャップ,코어 메이지 액티브 캡,Aktywna czapka maga rdzenia,Boné Ativo Core Mage,Активная шапка основного мага,Core Mage แอคทีฟแคป,Çekirdek Büyücü Aktif Sınırı,Mũ hoạt động của Core Mage,核心法师活动帽
UI_CREDITS,CREDITS,CREDITS,CRÈDITS,KREDITY,KREDITE,CRÉDITOS,CRÉDITS,CREDITS,KREDIT,CREDITI,クレジット,크레딧,KREDYTY,CRÉDITOS,КРЕДИТЫ,เครดิต,KREDİLER,TÍN DỤNG,学分
CREDITS_BODY,"Game made by a single developer.

Creator: Beep2Bleep

Required attributions:
- Sound effects from ZapSplat: https://www.zapsplat.com/
- Music by Phat Phrog Studio:
  Hellfire Tempest - Carnage Cabaret - LOOP
  Verdant Glade - The Quiet Wild
  Wayward Realm - Celestial Veil
  Shadow Exile - Synth Shogun
  Shadow Exile - Night Splice
  Verdant Glade - Fernsong
  Shadow Exile - Tokyo Uprising
  Verdant Glade - Roots of Serenity
  Skyward Spire - Nova Rift
  Wayward Realm - Astral Winds
  Wayward Realm - Moonsong Kingdom

Additional note:
- Assets also used from Kenney.nl","Game made by a single developer.

Creator: Beep2Bleep

Required attributions:
- Sound effects from ZapSplat: https://www.zapsplat.com/
- Music by Phat Phrog Studio:
  Hellfire Tempest - Carnage Cabaret - LOOP
  Verdant Glade - The Quiet Wild
  Wayward Realm - Celestial Veil
  Shadow Exile - Synth Shogun
  Shadow Exile - Night Splice
  Verdant Glade - Fernsong
  Shadow Exile - Tokyo Uprising
  Verdant Glade - Roots of Serenity
  Skyward Spire - Nova Rift
  Wayward Realm - Astral Winds
  Wayward Realm - Moonsong Kingdom

Additional note:
- Assets also used from Kenney.nl","Joc fet per un sol desenvolupador.

Creador: Beep2Bleep

Atribucions requerides:
- Efectes de so de ZapSplat: https://www.zapsplat.com/
- Música de Phat Phrog Studio:
  Hellfire Tempest - Carnage Cabaret - LOOP
  Verdant Glade - The Quiet Wild
  Regne capritx - Vel celestial
  Shadow Exile - Synth Shogun
  Shadow Exile - Empalme nocturn
  Verdant Glade - Cançó de falguera
  Shadow Exile - Aixecament de Tòquio
  Verdant Glade - Arrels de la serenitat
  Skyward Spire - Nova Rift
  Wayward Realm - Vents astrals
  Wayward Realm - Moonsong Kingdom

Nota addicional:
- Actius també utilitzats de Kenney.nl","Hra vytvořená jedním vývojářem.

Tvůrce: Beep2Bleep

Požadované údaje:
- Zvukové efekty ze ZapSplat: https://www.zapsplat.com/
- Hudba od Phat Phrog Studio:
  Hellfire Tempest - Carnage Cabaret - LOOP
  Verdant Glade - The Quiet Wild
  Wayward Realm - Nebeský závoj
  Shadow Exile - Synth Shogun
  Shadow Exile - Night Splice
  Zelená paseka - Fernsong
  Stínové vyhnanství – Tokijské povstání
  Zelená Glade - Kořeny klidu
  Skyward Spire - Nova Rift
  Wayward Realm - Astrální větry
  Wayward Realm - Království Moonsong

Další poznámka:
- Aktiva také použitá z Kenney.nl","Spiel, das von einem einzigen Entwickler erstellt wurde.

Ersteller: Beep2Bleep

Erforderliche Quellenangaben:
- Soundeffekte von ZapSplat: https://www.zapsplat.com/
- Musik von Phat Phrog Studio:
  Hellfire Tempest – Carnage Cabaret – LOOP
  Grüne Lichtung – Die stille Wildnis
  Eigensinniges Reich – Himmlischer Schleier
  Shadow Exile – Synth-Shogun
  Shadow Exile – Nachtspleiß
  Grüne Lichtung – Fernsong
  Shadow Exile – Aufstand in Tokio
  Grüne Lichtung – Wurzeln der Gelassenheit
  Skyward Spire – Nova Rift
  Wayward Realm – Astralwinde
  Wayward Realm – Moonsong Kingdom

Zusätzlicher Hinweis:
- Assets werden auch von Kenney.nl verwendet","Juego realizado por un único desarrollador.

Creador: Beep2Bleep

Atribuciones requeridas:
- Efectos de sonido de ZapSplat: https://www.zapsplat.com/
- Música de Phat Phrog Studio:
  Tempestad del fuego infernal - Carnage Cabaret - LOOP
  Claro Verdeante - La Naturaleza Silenciosa
  Reino descarriado - Velo celestial
  Exilio de las Sombras - Synth Shogun
  Shadow Exile - Empalme nocturno
  Claro verdeante - Fernsong
  Exilio en las Sombras - Levantamiento de Tokio
  Claro Verdeante - Raíces de Serenidad
  Aguja hacia el cielo - Nova Rift
  Reino descarriado - Vientos astrales
  Reino descarriado - Reino Moonsong

Nota adicional:
- Activos también utilizados de Kenney.nl","Jeu réalisé par un seul développeur.

Créateur : Beep2Bleep

Attributions requises :
- Effets sonores de ZapSplat : https://www.zapsplat.com/
- Musique de Phat Phrog Studio :
  Tempête des Flammes Infernales - Carnage Cabaret - BOUCLE
  Verdant Glade - La nature tranquille
  Royaume rebelle - Voile céleste
  Shadow Exile - Synthé Shogun
  Shadow Exile - Épissage nocturne
  Clairière verdoyante – Fernsong
  Exil de l'ombre - Insurrection de Tokyo
  Verdant Glade - Racines de sérénité
  Spire vers le ciel - Faille Nova
  Royaume rebelle – Vents astraux
  Royaume rebelle - Royaume Moonsong

Remarque complémentaire :
- Actifs également utilisés de Kenney.nl","Game made by a single developer.

Creator: Beep2Bleep

Required attributions:
- Sound effects from ZapSplat: https://www.zapsplat.com/
- Music by Phat Phrog Studio:
  Hellfire Tempest - Carnage Cabaret - LOOP
  Verdant Glade - The Quiet Wild
  Wayward Realm - Celestial Veil
  Shadow Exile - Synth Shogun
  Shadow Exile - Night Splice
  Verdant Glade - Fernsong
  Shadow Exile - Tokyo Uprising
  Verdant Glade - Roots of Serenity
  Skyward Spire - Nova Rift
  Wayward Realm - Astral Winds
  Wayward Realm - Moonsong Kingdom

Additional note:
- Assets also used from Kenney.nl","Game yang dibuat oleh satu pengembang.

Pencipta: Bip2Bleep

Atribusi yang diperlukan:
- Efek suara dari ZapSplat: https://www.zapsplat.com/
- Musik oleh Phat Phrog Studio:
  Badai Api Neraka - Kabaret Pembantaian - LOOP
  Glade Hijau - Alam Liar yang Tenang
  Alam yang Tersesat - Tabir Surgawi
  Pengasingan Bayangan - Synth Shogun
  Pengasingan Bayangan - Sambungan Malam
  Rawa Hijau - Fernsong
  Pengasingan Bayangan - Pemberontakan Tokyo
  Glade Hijau - Akar Ketenangan
  Puncak Langit - Nova Rift
  Alam Tersesat – Angin Astral
  Alam Tersesat – Kerajaan Moonsong

Catatan tambahan:
- Aset juga digunakan dari Kenney.nl","Gioco realizzato da un singolo sviluppatore.

Creatore: Beep2Bleep

Attribuzioni richieste:
- Effetti sonori da ZapSplat: https://www.zapsplat.com/
- Musica di Phat Phrog Studio:
  Tempesta Infernale - Carnage Cabaret - LOOP
  Radura verdeggiante - La quiete selvaggia
  Regno Ribelle - Velo Celestiale
  Shadow Exile - Synth Shogun
  Esilio nell'Ombra - Giunzione notturna
  Radura Verdeggiante - Fernsong
  Esilio Ombra - Rivolta di Tokyo
  Radura Verdeggiante - Radici della Serenità
  Guglia verso il cielo - Nova Rift
  Regno Ribelle - Venti Astrali
  Regno Ribelle - Regno del Canto Lunare

Nota aggiuntiva:
- Beni utilizzati anche da Kenney.nl","一人の開発者によって作られたゲーム。

作成者: Beep2Bleep

必須の帰属:
- ZapSplatの効果音：https://www.zapsplat.com/
- Phat Phrog Studio による音楽:
  ヘルファイア・テンペスト - カーネイジ・キャバレー - LOOP
  緑豊かな空き地 - 静かな野生
  Wayward Realm - 天のベール
  Shadow Exile - シンセ将軍
  シャドウ・エグザイル - ナイト・スプライス
  緑の空き地 - ファーンソング
  Shadow Exile - 東京蜂起
  緑豊かな空き地 - 静寂のルーツ
  スカイウォード スパイア - ノヴァ リフト
  Wayward Realm - アストラルウィンズ
  わがままな王国 - ムーンソング王国

追記:
- Kenney.nl からもアセットが使用されています","1인 개발자가 만든 게임.

제작자: Beep2Bleep

필수 속성:
- ZapSplat의 음향 효과: https://www.zapsplat.com/
- Phat Phrog Studio의 음악:
  Hellfire Tempest - 대학살 카바레 - LOOP
  신록의 숲 - 조용한 야생
  Wayward Realm - 천상의 베일
  섀도우 엑자일 - 신스 쇼군
  섀도우 엑자일 - 나이트 스플라이스
  신록의 숲 - Fernsong
  Shadow Exile - 도쿄 봉기
  신록의 숲 - 평온의 뿌리
  하늘을 향한 첨탑 - 노바 리프트
  Wayward Realm - 별의 바람
  Wayward Realm - 문송 왕국

추가 참고 사항:
- Kenney.nl에서도 사용된 자산","Gra stworzona przez jednego dewelopera.

Twórca: Beep2Bleep

Wymagane atrybucje:
- Efekty dźwiękowe z ZapSplat: https://www.zapsplat.com/
- Muzyka: Phat Phrog Studio:
  Burza Piekielnego Ognia - Kabaret Rzezi - PĘTLA
  Zielona Polana – Cicha Dzikość
  Krnąbrna Kraina – Niebiańska Zasłona
  Wygnanie Cienia – Synth Shogun
  Wygnanie Cienia – Nocne Sploty
  Zielona Polana – Paprociowa Pieśń
  Wygnanie z cienia – powstanie w Tokio
  Zielona Polana – Korzenie Spokoju
  Podniebna Iglica – Szczelina Nova
  Krnąbrna Kraina - Astralne Wiatry
  Krnąbrne Królestwo - Królestwo Księżycowej Pieśni

Dodatkowa uwaga:
- Zasoby używane również z Kenney.nl","Jogo feito por um único desenvolvedor.

Criador: Beep2Bleep

Atribuições necessárias:
- Efeitos sonoros do ZapSplat: https://www.zapsplat.com/
- Música de Phat Phrog Studio:
  Tempestade Fogo do Inferno - Carnage Cabaret - LOOP
  Clareira Verdejante - A Natureza Silenciosa
  Reino Rebelde – Véu Celestial
  Exílio das Sombras - Synth Shogun
  Exílio das Sombras – União Noturna
  Clareira Verdejante - Fernsong
  Exílio Sombrio - Revolta de Tóquio
  Clareira Verdejante – Raízes da Serenidade
  Pináculo do Céu - Nova Rift
  Reino Rebelde - Ventos Astrais
  Reino Wayward – Reino da Canção Lunar

Nota adicional:
- Ativos também usados em Kenney.nl","Игра сделана одним разработчиком.

Создатель: Beep2Bleep

Требуемые авторства:
- Звуковые эффекты от ZapSplat: https://www.zapsplat.com/
- Музыка студии Phat Phrog:
  Буря Адского Пламени - Кабаре Карнаж - LOOP
  Зеленая поляна - Тихая дикая природа
  Своенравное царство - Небесная завеса
  Shadow Exile - Синтетический сёгун
  Shadow Exile - Ночное соединение
  Зеленая поляна - Песня папоротника
  Shadow Exile - Токийское восстание
  Зеленая поляна - Корни безмятежности
  Небесный Шпиль - Нова Рифт
  Своенравное царство - Астральные ветры
  Своенравное царство - Королевство Лунной Песни

Дополнительное примечание:
- Также использованы ресурсы Kenney.nl.","เกมที่สร้างโดยนักพัฒนาคนเดียว

ผู้สร้าง: Beep2Bleep

คุณสมบัติที่จำเป็น:
- เอฟเฟกต์เสียงจาก ZapSplat: https://www.zapsplat.com/
- ดนตรีโดย พัฒน์โปรสตูดิโอ:
  พายุเฮลล์ - Carnage Cabaret - LOOP
  Verdant Glade - ป่าอันเงียบสงบ
  อาณาจักรเอาแต่ใจ - ม่านสวรรค์
  Shadow Exile - ซินธ์โชกุน
  Shadow Exile - ประกบกลางคืน
  ทุ่งเขียวขจี - เฟิร์นซอง
  Shadow Exile - การจลาจลในโตเกียว
  Verdant Glade - รากแห่งความสงบ
  ยอดแหลมลอยฟ้า - Nova Rift
  อาณาจักรเอาแต่ใจ - Astral Winds
  อาณาจักรเอาแต่ใจ - อาณาจักรมูนซอง

หมายเหตุเพิ่มเติม:
- สินทรัพย์ยังใช้จาก Kenney.nl","Tek bir geliştirici tarafından yapılan oyun.

Yaratıcı: Beep2Bleep

Gerekli atıflar:
- ZapSplat'tan ses efektleri: https://www.zapsplat.com/
- Phat Phrog Studio'nun müziği:
  Cehennem Ateşi Fırtınası - Katliam Kabaresi - LOOP
  Verdant Glade - Sessiz Vahşi
  Wayward Realm - Göksel Peçe
  Gölge Sürgün - Synth Shogun
  Shadow Exile - Gece Eklemesi
  Yemyeşil Glade - Fernsong
  Gölge Sürgün - Tokyo Ayaklanması
  Verdant Glade - Huzurun Kökleri
  Gökyüzüne Doğru Spire - Nova Yarığı
  Wayward Realm - Astral Rüzgarlar
  Wayward Realm - Moonsong Krallığı

Ek not:
- Kenney.nl'den de kullanılan varlıklar","Trò chơi được thực hiện bởi một nhà phát triển duy nhất.

Người tạo: Beep2Bleep

Các thuộc tính bắt buộc:
- Hiệu ứng âm thanh từ ZapSplat: https://www.zapsplat.com/
- Nhạc của Phát Phrog Studio:
  Hellfire Tempest - Carnage Cabaret - LOOP
  Verdant Glade - Vùng hoang dã yên tĩnh
  Vương quốc bướng bỉnh - Celestial Veil
  Cuộc lưu đày bóng tối - Synth Shogun
  Shadow Exile - Mối nối đêm
  Trảng Cỏ Xanh - Fernsong
  Cuộc lưu đày bóng tối - Cuộc nổi dậy ở Tokyo
  Verdant Glade - Cội nguồn của sự thanh thản
  Tháp Skyward - Nova Rift
  Vương quốc bướng bỉnh - Gió Astral
  Vương quốc bướng bỉnh - Vương quốc Moonsong

Ghi chú bổ sung:
- Tài sản cũng được sử dụng từ Kenney.nl","由单一开发者制作的游戏。

创建者： Beep2Bleep

所需属性：
- 来自 ZapSplat 的音效：https://www.zapsplat.com/
- Phat Phrog Studio 的音乐：
  地狱火风暴 - 屠杀歌舞表演 - LOOP
  青翠林地 - 安静的荒野
  任性领域 - 天幕
  暗影流亡者 - 合成将军
  暗影放逐者 - 夜间拼接
  青翠林地 - Fernsong
  影子放逐-东京起义
  青翠林地 - 宁静之根
  天空之塔 - 新星裂谷
  任性领域 - 星界之风
  任性领域 - 月歌王国

附加说明：
- 资源也来自 Kenney.nl"
MINING_MODE_TITLE,MINING MODE,وضع التعدين,MODALITAT MINERIA,REŽIM TĚŽBY,BERGBAUMODUS,MODO MINERO,MODE MINIER,מצב כרייה,MODE PERTAMBANGAN,MODALITÀ MINERARIA,マイニングモード,채굴 모드,TRYB GÓRNICTWA,MODO MINERAÇÃO,РЕЖИМ МАЙНИНГА,โหมดการขุด,MADENCİLİK MODU,CHẾ ĐỘ KHAI THÁC,挖矿模式
MINING_LEADERBOARDS_TITLE,Leaderboards,المتصدرين,Taulers de classificació,Žebříčky,Bestenlisten,Tablas de clasificación,Classements,לוחות מנהיגים,Papan peringkat,Classifiche,リーダーボード,리더보드,Tabele liderów,Tabelas de classificação,Таблицы лидеров,ลีดเดอร์บอร์ด,Skor tabloları,Bảng xếp hạng,排行榜
MINING_CHOOSE_DEPTH_TIER_TITLE,Choose Depth Tier,اختر مستوى العمق,Trieu Nivell de profunditat,Vyberte úroveň hloubky,Wählen Sie Tiefenstufe,Elija el nivel de profundidad,Choisissez le niveau de profondeur,בחר בדרגת עומק,Pilih Tingkat Kedalaman,Scegli Livello di profondità,深さの階層を選択してください,깊이 계층 선택,Wybierz poziom głębokości,Escolha o nível de profundidade,Выберите уровень глубины,เลือกระดับความลึก,Derinlik Katmanını Seçin,Chọn cấp độ sâu,选择深度层
MINING_DEPTH_TIER_FORMAT,Tier {0},الطبقة {0},Nivell {0},Úroveň {0},Stufe {0},Nivel {0},Niveau {0},שכבה {0},Tingkat {0},Livello {0},ティア{0},등급 {0},Poziom {0},Nível {0},Уровень {0},ระดับ {0},Seviye {0},Cấp {0},第 {0} 级
MINING_SELECT_DEPTH_TIER_RANGE,Select a depth tier from 1-{0}.,حدد طبقة عمق من 1-{0}.,Seleccioneu un nivell de profunditat d'1 a {0}.,Vyberte úroveň hloubky od 1 do {0}.,Wählen Sie eine Tiefenstufe von 1 bis {0} aus.,Seleccione un nivel de profundidad del 1 al {0}.,Sélectionnez un niveau de profondeur compris entre 1 et {0}.,בחר דרגת עומק מ-1-{0}.,Pilih tingkat kedalaman dari 1-{0}.,Seleziona un livello di profondità da 1 a {0}.,深さの階層を 1 ～ {0} から選択します。,1~{0} 중에서 깊이 계층을 선택합니다.,Wybierz poziom głębokości od 1 do {0}.,Selecione um nível de profundidade de 1 a {0}.,Выберите уровень глубины от 1 до {0}.,เลือกระดับความลึกตั้งแต่ 1-{0},1-{0} arasından bir derinlik katmanı seçin.,Chọn cấp độ sâu từ 1-{0}.,从 1-{0} 中选择深度层。
MINING_SELL_FOR,Sell for ${0},البيع بمبلغ {0} دولار,Ven per {0} $,Prodat za ${0},Für {0} $ verkaufen,Vender por ${0},Vendre pour {0} $,למכור ב-${0},Jual seharga ${0},Vendi per ${0},${0}で売る,${0}에 판매,Sprzedaj za ${0},Vender por ${0},Продать за {0} долларов США,ขายในราคา ${0},{0}$'a sat,Bán với giá ${0},售价 ${0}
MINING_CANNOT_SELL_DEPENDS,Can't sell: {0} depends on it,لا يمكن البيع: {0} يعتمد عليه,No es pot vendre: {0} en depèn,Nelze prodat: {0} na tom závisí,Kann nicht verkauft werden: {0} hängt davon ab,No se puede vender: {0} depende de ello,Impossible de vendre : {0} en dépend,לא יכול למכור: {0} תלוי בזה,Tidak bisa menjual: {0} bergantung padanya,Impossibile vendere: {0} dipende da questo,販売できません: {0} に依存します,판매할 수 없음: {0}이(가) 의존합니다.,Nie mogę sprzedać: {0} zależy od tego,Não consigo vender: {0} depende disso,Невозможно продать: от этого зависит {0},ขายไม่ได้: {0} ขึ้นอยู่กับมัน,Satılamıyor: {0} buna bağlı,Không thể bán: {0} phụ thuộc vào nó,无法出售：{0} 取决于它
MINING_START,START MINING,ابدأ التعدين,COMENÇA A LA MINERIA,ZAHAJTE TĚŽBU,Beginnen Sie mit dem Bergbau,COMENZAR A MINAR,COMMENCER L'EXPLOITATION MINIERE,התחל כרייה,MULAI PERTAMBANGAN,INIZIA L'ESTRAZIONE,マイニングを開始する,채굴 시작,ROZPOCZNIJ WYDOBYWANIE,INICIAR MINERAÇÃO,НАЧАТЬ МАЙНИНГ,เริ่มการขุด,Madenciliğe BAŞLA,BẮT ĐẦU KHAI THÁC,开始挖矿
MINING_NODE_GENERIC,node,العقدة,node,uzel,Knoten,nodo,nœud,צוֹמֶת,simpul,nodo,ノード,마디,węzeł,nó,узел,โหนด,düğüm,nút,节点
MINING_LOOT_GENERIC,loot,نهب,botí,kořist,Beute,botín,butin,לִבזוֹז,menjarah,bottino,戦利品,전리품,łup,saque,грабить,ยกเค้า,yağma,cướp bóc,抢劫
MINING_ORE_GENERIC,Ore,خام,mineral,Ruda,Erz,Mineral,Minerai,בֶּצֶר,Bijih,Minerale,鉱石,광석,Ruda,Minério,руда,แร่,cevher,Quặng,矿石
MINING_RUN_STATUS_START,"Mine nodes, scoop the drops, and bank cargo at the surface rig.",قم بتعدين العقد واغرف القطرات والبضائع البنكية على المنصة السطحية.,"Mina els nodes, treu les gotes i acumula càrrega a la plataforma de superfície.","Vytěžte uzly, naberte kapky a uložte náklad na povrchovou plošinu.","Bauen Sie Knotenpunkte ab, schöpfen Sie die Tropfen ein und lagern Sie die Ladung auf der Oberflächenplattform ab.","Extraiga nodos, recoja las gotas y almacene la carga en la plataforma de superficie.","Exploitez des nœuds, récupérez les largages et placez la cargaison sur la plate-forme de surface.","כרה צמתים, ספוג את הטיפות, ומטען בנק באסדת השטח.","Tambang simpul, ambil tetesannya, dan simpan muatan di rig permukaan.","Estrai i nodi, raccogli le gocce e deposita il carico sulla piattaforma di superficie.",ノードを採掘し、ドロップをすくい、サーフェス リグで貨物を積み上げます。,"노드를 채굴하고, 방울을 퍼내고, 화물을 표면 장비에 보관하세요.","Wykopuj węzły, zgarnij krople i złóż ładunek na platformie nawodnej.","Mine nós, recolha os itens descartados e armazene a carga na plataforma de superfície.","Минируйте узлы, черпайте капли и складывайте груз на наземную буровую установку.",ขุดโหนด ตักหยด และบรรทุกสินค้าที่แท่นขุดเจาะพื้นผิว,"Düğümleri mayınlayın, damlaları toplayın ve kargoyu yüzey teçhizatına yatırın.","Các nút khai thác, thu thập các giọt và gửi hàng hóa ở giàn khoan trên bề mặt.",在地面钻机上开采节点、舀取水滴并储存货物。
MINING_RUN_STATUS_DRILLING,Drilling {0}...,الحفر {0}...,S'està perforant {0}...,Vrtání {0}...,Bohren {0}...,Perforando {0}....,Forage {0}...,קידוח {0}...,Pengeboran {0}...,Perforazione {0}...,{0} を穴あけ中...,드릴링 {0}...,Wiercenie {0}...,Perfurando {0}...,Сверление {0}...,กำลังเจาะ {0}...,{0} sondajı yapılıyor...,Khoan {0}...,钻孔{0}...
MINING_RUN_STATUS_SCOOPED,Scooped {0}.,مغرفة {0}.,S'ha recollit {0}.,Staženo {0}.,{0} geschöpft.,Recogido {0}.,Récupéré {0}.,גרף {0}.,Mengambil {0}.,Raccolto {0}.,{0}をすくいました。,{0}을(를) 찾아냈습니다.,Zgarnięty {0}.,Colhido {0}.,Выкопано {0}.,ตัก {0},{0} alındı.,Đã thu thập {0}.,舀出{0}。
MINING_RUN_STATUS_CARGO_FULL,Cargo full. Bank at the surface rig.,البضائع ممتلئة. البنك على منصة السطح.,Càrrega plena. Banc a la plataforma de superfície.,Náklad plný. Banka u povrchové plošiny.,Ladung voll. Bank an der Oberflächenplattform.,Carga llena. Banco en la plataforma de superficie.,Cargaison pleine. Banque à la plate-forme de surface.,מטען מלא. בנק באסדת פני השטח.,Kargo penuh. Bank di rig permukaan.,Carico pieno. Bank presso l'impianto di superficie.,貨物がいっぱいです。サーフェスリグでバンクします。,화물이 가득 찼습니다. 표면 장비에 뱅크를 둡니다.,Ładunek pełny. Bank na platformie nawodnej.,Carga cheia. Banco na plataforma de superfície.,Груз полный. Берегите наземную буровую установку.,บรรทุกมาเต็ม. ธนาคารที่แท่นขุดเจาะพื้นผิว,Kargo dolu. Yüzey teçhizatındaki banka.,Hàng hóa đầy đủ. Ngân hàng ở giàn khoan bề mặt.,货物满了。在地面钻机处倾斜。
MINING_RUN_STATUS_BANKED,Cargo dropped off at the surface rig.,سقطت البضائع على المنصة السطحية.,La càrrega va caure a la plataforma de superfície.,Náklad spadl na povrchovou plošinu.,Ladung wurde an der Überwasserplattform abgesetzt.,La carga fue depositada en la plataforma de superficie.,La cargaison a été déposée à la plate-forme de surface.,מטען ירד באסדת השטח.,Kargo diturunkan di rig permukaan.,Il carico è caduto sulla piattaforma di superficie.,貨物は水上リグに降ろされました。,화물이 표면 장비에 떨어졌습니다.,Ładunek zrzucono na platformę nawodną.,A carga foi deixada na plataforma de superfície.,Груз высадился на надводную платформу.,สินค้าหล่นลงที่แท่นขุดเจาะพื้นผิว,Kargo yüzey teçhizatına düştü.,Hàng hóa rơi xuống giàn khoan trên mặt nước.,货物落在地面钻井平台上。
MINING_RUN_STATUS_DELIVERY_DRONE,Dump drone hauling cargo back to the surface rig.,تفريغ طائرة بدون طيار تنقل البضائع إلى المنصة السطحية.,Aboca el dron que transporta la càrrega de tornada a la plataforma de superfície.,Výsypný dron odvážející náklad zpět na povrchovou plošinu.,"Entleeren Sie die Drohne, die Fracht zurück zur Überwasserplattform transportiert.",Volcar el dron que transporta la carga de regreso a la plataforma de superficie.,Dump drone transportant la cargaison vers la plate-forme de surface.,"השלכת מזל""ט גורר מטען בחזרה לאסדת השטח.",Buang drone yang mengangkut kargo kembali ke rig permukaan.,Scarica il drone che trasporta il carico sulla piattaforma di superficie.,ダンプ ドローンが貨物を水上リグに運び戻します。,화물을 운반하는 드론을 지상 장비로 다시 덤프합니다.,Zrzuć drona przewożącego ładunek z powrotem na platformę nawodną.,Despeja o drone transportando a carga de volta para a plataforma de superfície.,Сбрасывающий дрон доставляет груз обратно на поверхность.,ทิ้งโดรนลากสินค้ากลับไปยังแท่นขุดเจาะผิวน้ำ,Kargoyu yüzey platformuna taşıyan drone'u boşaltın.,Đổ máy bay không người lái chở hàng trở lại giàn khoan trên mặt nước.,将运送货物的无人机倾倒回地面钻井平台。
MINING_RUN_STATUS_PICKUP_DRONE,Pickup drone hauled in {0}.,تم نقل طائرة صغيرة بدون طيار إلى {0}.,Un dron de recollida transportat a {0}.,Vyzvednutí dronu v {0}.,Pickup-Drohne wurde eingeschleppt {0}.,Dron pickup arrastrado a {0}.,Un drone pick-up a été transporté à {0}.,"מזל""ט איסוף נגרר פנימה {0}.",Drone pikap diangkut di {0}.,Drone di raccolta trasportato a {0}.,ピックアップドローンが{0}に搬入されました。,{0}에서 픽업 드론이 운반되었습니다.,Dron do odbioru wciągnięty w {0}.,Drone captador rebocado em {0}.,Дрон-пикап доставлен в {0}.,โดรนปิคอัพถูกลากเข้ามาแล้วใน {0},{0} bölgesinde pikap drone'u çekildi.,Máy bay không người lái bán tải được kéo đến {0}.,皮卡无人机已运抵{0}。
MINING_RUN_STATUS_VEIN_CRACKED,{0} vein cracked open. Grab the drops.,{0} الوريد متشقق. الاستيلاء على القطرات.,{0} vena oberta. Agafa les gotes.,{0} žíla prasklá. Popadni kapky.,{0} Ader aufgerissen. Schnapp dir die Tropfen.,{0} vena rota. Coge las gotas.,{0} veine fissurée. Prenez les gouttes.,וריד {0} נסדק. תפוס את הטיפות.,{0} pembuluh darahnya retak terbuka. Ambil tetesnya.,{0} vena si è aperta. Prendi le gocce.,{0}の静脈が割れました。滴を掴みます。,{0} 정맥이 갈라졌습니다. 방울을 잡아.,Pęknięta żyła {0}. Łap krople.,{0} veia rompida. Pegue as gotas.,Вена {0} треснула. Возьмите капли.,{0} หลอดเลือดดำแตกออก คว้าหยด,{0} damarı çatlayarak açıldı. Damlaları tut.,{0} tĩnh mạch bị nứt hở. Lấy những giọt.,{0} 静脉裂开。抓住水滴。
MINING_RUN_STATUS_CHARGE_BREAK,Charge break. Keep the line and sweep the seam.,انقطاع الشحن. الحفاظ على الخط واكتساح التماس.,Pausa de càrrega. Mantingueu la línia i escombreu la costura.,Přerušení nabíjení. Udržujte linii a zameťte šev.,Ladepause. Behalten Sie die Linie bei und fegen Sie die Naht.,Ruptura de carga. Mantenga la línea y barra la costura.,Pause de charge. Gardez la ligne et balayez la couture.,הפסקת טעינה. שמור על הקו וטאטא את התפר.,Istirahat pengisian daya. Pertahankan garisnya dan sapu jahitannya.,Pausa di carica. Mantieni la linea e spazza la cucitura.,チャージブレイク。ラインを保ち、縫い目をスイープします。,충전 중단. 선을 유지하고 솔기를 쓸어냅니다.,Przerwa w ładowaniu. Zachowaj linię i zamiataj szew.,Pausa na carga. Mantenha a linha e varra a costura.,Перерыв в зарядке. Держите линию и сметайте шов.,ชาร์จแตก เก็บแนวและกวาดตะเข็บ,Şarj molası. Çizgiyi koruyun ve dikişi süpürün.,Nghỉ sạc. Giữ nguyên đường kẻ và quét đường may.,充电中断。保留线条并扫缝。
MINING_REASON_TIMER_EXPIRED,Timer expired.,انتهت صلاحية الموقّت.,El temporitzador ha caducat.,Časovač vypršel.,Timer abgelaufen.,El temporizador expiró.,Le minuteur a expiré.,פג תוקף הטיימר.,Pengatur waktu telah habis.,Il timer è scaduto.,タイマーが切れました。,타이머가 만료되었습니다.,Minutnik wygasł.,O cronômetro expirou.,Таймер истек.,ตัวจับเวลาหมดอายุแล้ว,Zamanlayıcının süresi doldu.,Bộ hẹn giờ đã hết hạn.,定时器到期。
MINING_REASON_DRILL_DEPLETED,Drill health depleted.,استنفدت صحة الحفر.,Salut de la perforació esgotada.,Zdraví vrtáku je vyčerpáno.,Die Gesundheit des Bohrers ist erschöpft.,La salud del taladro está agotada.,La santé de la foreuse est épuisée.,בריאות המקדחה התרוקנה.,Kesehatan bor habis.,La salute del trapano è esaurita.,ドリルの体力が消耗しました。,드릴 체력이 고갈되었습니다.,Stan wiertła wyczerpany.,Saúde da broca esgotada.,Здоровье бура исчерпано.,พลังชีวิตการเจาะหมดลง,Matkap sağlığı tükendi.,Sức khỏe của máy khoan cạn kiệt.,钻头生命值耗尽。
MINING_REASON_SETTINGS_ENDED,Run ended from settings.,انتهى التشغيل من الإعدادات.,L'execució ha finalitzat des de la configuració.,Spuštění skončilo z nastavení.,Der Lauf wurde in den Einstellungen beendet.,La ejecución finalizó desde la configuración.,L'exécution s'est terminée à partir des paramètres.,ההפעלה הסתיימה מהגדרות.,Jalankan berakhir dari pengaturan.,Esecuzione terminata dalle impostazioni.,設定から実行を終了しました。,설정에서 실행이 종료되었습니다.,Uruchomienie zakończyło się w ustawieniach.,A execução foi encerrada nas configurações.,Запуск завершен из настроек.,การเรียกใช้สิ้นสุดจากการตั้งค่า,Çalıştırma ayarlardan sonlandırıldı.,Chạy đã kết thúc từ cài đặt.,运行从设置结束。
MINING_HUD_WALLET,Wallet: ${0},المحفظة: ${0},Cartera: {0} $,Peněženka: ${0},Geldbörse: ${0},Monedero: ${0},Portefeuille : {0} $,ארנק: ${0},Dompet: ${0},Portafoglio: ${0},ウォレット: ${0},지갑: ${0},Portfel: ${0},Carteira: ${0},Кошелек: ${0},กระเป๋าเงิน: ${0},Cüzdan: ${0},Ví: ${0},钱包：${0}
MINING_HUD_PHASE,Depth Tier {0}/{1}: {2},طبقة العمق {0}/{1}: {2},Nivell de profunditat {0}/{1}: {2},Úroveň hloubky {0}/{1}: {2},Tiefenstufe {0}/{1}: {2},Nivel de profundidad {0}/{1}: {2},Niveau de profondeur {0}/{1} : {2},שכבת עומק {0}/{1}: {2},Tingkat Kedalaman {0}/{1}: {2},Livello di profondità {0}/{1}: {2},深度階層 {0}/{1}: {2},깊이 계층 {0}/{1}: {2},Poziom głębokości {0}/{1}: {2},Nível de profundidade {0}/{1}: {2},Уровень глубины {0}/{1}: {2},ระดับความลึก {0}/{1}: {2},Derinlik Katmanı {0}/{1}: {2},Cấp độ sâu {0}/{1}: {2},深度层 {0}/{1}：{2}
MINING_HUD_DEPTH,Unlocked Depth: {0}   Current XP Level: {1},العمق غير المقفل: {0} مستوى XP الحالي: {1},Profunditat desbloquejada: {0} Nivell XP actual: {1},Odemčená hloubka: {0} Aktuální úroveň zkušeností: {1},Freigeschaltete Tiefe: {0} Aktuelle XP-Stufe: {1},Profundidad desbloqueada: {0} Nivel de XP actual: {1},Profondeur débloquée : {0} Niveau d'XP actuel : {1},עומק לא נעול: {0} רמת XP נוכחית: {1},Kedalaman Tidak Terkunci: {0} Level XP Saat Ini: {1},Profondità sbloccata: {0} Livello XP attuale: {1},ロック解除された深さ: {0} 現在の XP レベル: {1},잠금 해제된 깊이: {0} 현재 XP 레벨: {1},Odblokowana głębokość: {0} Aktualny poziom XP: {1},Profundidade desbloqueada: {0} Nível de XP atual: {1},Разблокированная глубина: {0} Текущий уровень опыта: {1},ความลึกที่ปลดล็อค: {0} ระดับ XP ปัจจุบัน: {1},Kilidi Açılmış Derinlik: {0} Mevcut XP Seviyesi: {1},Độ sâu đã mở khóa: {0} Cấp XP hiện tại: {1},解锁深度：{0} 当前 XP 等级：{1}
MINING_HUD_TIMER,Timer {0}s / {1}s,المؤقت {0} / {1}.,Temporitzador {0}s/{1}s,Časovač {0} s / {1} s,Timer {0}s / {1}s,Temporizador {0}s/{1}s,Minuterie {0}s/{1}s,טיימר {0}/{1} שניות,Timer {0}dtk / {1}dtk,Temporizzatore {0}s/{1}s,タイマー {0} 秒 / {1} 秒,타이머 {0}초/{1}초,Timer {0} s / {1} s,Temporizador {0}s / {1}s,Таймер {0} с/{1} с,ตัวจับเวลา {0} วินาที / {1} วินาที,Zamanlayıcı {0}sn / {1}sn,Bộ hẹn giờ {0} giây / {1} giây,计时器 {0} 秒/{1} 秒
MINING_HUD_DRILL,Drill Integrity {0} / {1},سلامة التدريب {0} / {1},Integritat de perforació {0}/{1},Integrita vrtání {0} / {1},Drill-Integrität {0} / {1},Integridad de perforación {0} / {1},Intégrité de l'exploration {0} / {1},שלמות תרגיל {0} / {1},Integritas Bor {0} / {1},Integrità drill {0}/{1},ドリルの完全性 {0} / {1},드릴 무결성 {0} / {1},Integralność wiercenia {0} / {1},Integridade do exercício {0} / {1},Проверка целостности {0} / {1},ความสมบูรณ์ของการเจาะ {0} / {1},Bütünlük Detayı {0} / {1},Tính toàn vẹn khoan {0} / {1},钻取完整性 {0} / {1}
MINING_HUD_CARGO,Cargo Space {0} / {1}   Banked {2},مساحة الشحن {0} / {1} في البنك {2},Espai de càrrega {0}/{1} acumulat {2},Nákladový prostor {0} / {1} přeložený {2},Frachtraum {0} / {1} Banked {2},Espacio de carga {0} / {1} acumulado {2},Espace de chargement {0} / {1} mis en banque {2},חלל מטען {0} / {1} מוצק {2},Ruang Kargo {0} / {1} Membelok {2},Spazio di carico {0} / {1} inclinato {2},貨物スペース {0} / {1} バンクあり {2},화물 공간 {0} / {1} 보관됨 {2},Przestrzeń ładunkowa {0} / {1} Przechowana {2},Espaço de carga {0} / {1} reservado {2},Грузовое отделение {0} / {1} с наклоном {2},พื้นที่บรรทุกสินค้า {0} / {1} บรรทุกสินค้าแล้ว {2},Kargo Alanı {0} / {1} Banked {2},Chỗ chở hàng {0} / {1} Đã xếp hàng {2},货位 {0} / {1} 已存放 {2}
MINING_HUD_XP,XP {0} / {1}   Run XP +{2},XP {0} / {1} تشغيل XP +{2},XP {0} / {1} Executar XP +{2},XP {0} / {1} Spustit XP +{2},XP {0} / {1} XP ausführen +{2},XP {0} / {1} Ejecutar XP +{2},XP {0} / {1} Exécutez XP + {2},XP {0} / {1} הפעל XP +{2},XP {0} / {1} Jalankan XP +{2},XP {0} / {1} Esegui XP +{2},XP {0} / {1} 実行 XP +{2},XP {0} / {1} XP 실행 +{2},XP {0} / {1} Uruchom XP +{2},XP {0} / {1} Execute XP +{2},XP {0} / {1} Запустите XP +{2},XP {0} / {1} เรียกใช้ XP +{2},XP {0} / {1} XP'yi Çalıştır +{2},XP {0} / {1} Chạy XP +{2},XP {0} / {1} 运行 XP +{2}
MINING_HUD_RIG_STATS,Rig Stats   Move {0}   Drill {1}/s   Pickup {2}   Charge +{3}%   XP Boost +{4}%,نقل إحصائيات منصة الحفر {0} عملية الحفر {1}/ثانية الالتقاط {2} الشحن +{3}% تعزيز XP +{4}%,Estadístiques de la plataforma Moviment {0} Exercici {1}/s Recollida {2} Càrrega +{3}% Augment de XP +{4}%,Statistika soupravy Pohyb {0} Vrtání {1}/s Vyzvednutí {2} Nabíjení + {3} % zvýšení XP + {4} %,Rig Stats Move {0} Drill {1}/s Pickup {2} Charge +{3}% XP Boost +{4}%,Estadísticas de plataforma Mover {0} Perforar {1}/s Recoger {2} Carga +{3}% Aumento de XP +{4}%,Statistiques de plate-forme Déplacement {0} Forage {1}/s Récupération {2} Charge +{3} % XP Boost +{4} %,סטטיסטיקות אסדה תנועה {0} תרגיל {1}/ש איסוף {2} טעינה +{3}% XP Boost +{4}%,Statistik Rig Pergerakan {0} Bor {1}/dtk Pengambilan {2} Biaya +{3}% Peningkatan XP +{4}%,Statistiche rig Movimento {0} Esercitazione {1}/s Raccolta {2} Carica +{3}% Incremento XP +{4}%,リグ統計 移動 {0} ドリル {1}/秒 ピックアップ {2} チャージ +{3}% XP ブースト +{4}%,장비 통계 이동 {0} 드릴 {1}/초 픽업 {2} 충전 +{3}% XP 부스트 +{4}%,Statystyki platformy Ruch {0} Wiercenie {1}/s Podnoszenie {2} Ładunek +{3}% Zwiększenie PD +{4}%,Movimento de estatísticas da plataforma {0} Exercício {1}/s Coleta {2} Carga +{3}% Aumento de XP +{4}%,Характеристики буровой установки Перемещение {0} Бурение {1}/с Подбор {2} Заряд +{3}% прибавка к опыту +{4}%,สถิติแท่นขุดเจาะ เคลื่อนที่ {0} การเจาะ {1}/วินาที การรับ {2} ชาร์จ +{3}% เพิ่ม XP +{4}%,Teçhizat İstatistikleri Hareket {0} Tatbikat {1}/sn Toplama {2} Yük +%{3} XP Takviyesi +%{4},Chỉ số giàn khoan Di chuyển {0} Khoan {1}/giây Pickup {2} Sạc +{3}% Tăng XP +{4}%,装备统计数据 移动 {0} 钻探 {1}/秒 拾取 {2} 充能 +{3}% 经验值提升 +{4}%
MINING_HUD_STATUS,Status   {0},الحالة {0},Estat {0},Stav {0},Status {0},Estado {0},Statut {0},סטטוס {0},Status {0},Stato {0},ステータス {0},상태 {0},Stan {0},Status {0},Статус {0},สถานะ {0},Durum {0},Trạng thái {0},状态{0}
MINING_SUMMARY_RETURN_UPGRADES,Return To Upgrades,العودة إلى الترقيات,Torna a Actualitzacions,Návrat k upgradům,Zurück zu Upgrades,Volver a actualizaciones,Retour aux mises à niveau,חזרה לשדרוגים,Kembali Ke Peningkatan,Torna agli aggiornamenti,アップグレードに戻る,업그레이드로 돌아가기,Wróć do ulepszeń,Voltar para atualizações,Вернуться к обновлениям,กลับไปที่การอัพเกรด,Yükseltmelere Geri Dön,Quay lại nâng cấp,返回升级
MINING_SUMMARY_RUN_AGAIN,Run Again,تشغيل مرة أخرى,Corre de nou,Spustit znovu,Laufen Sie noch einmal,correr de nuevo,Courez à nouveau,רץ שוב,Jalankan Lagi,Corri di nuovo,もう一度実行する,다시 실행,Uruchom ponownie,Executar novamente,Беги снова,วิ่งอีกครั้ง,Tekrar Çalıştır,Chạy lại,再跑一次
MINING_SUMMARY_LEVEL_UP,(LEVEL UP!),(المستوى الأعلى!),(PUJAR DE NIVELL!),(NA ÚROVNI!),(Niveau aufsteigen!),(¡ELEVAR A MISMO NIVEL!),(AUGMENTEZ LE NIVEAU !),(עלייה ברמה!),(NAIK TINGKAT!),(SALI DI LIVELLO!),(レベルアップ!),(레벨 업!),(PODNIEŚĆ DO WŁAŚCIWEGO POZIOMU!),(NÍVEL ACIMA!),(ПОВЫШАЙТЕ УРОВЕНЬ!),(เลเวลอัพ!),(SEVİYE YÜKSELTİN!),(LÊN CẤP!),（升级！）
MINING_RUN_COMPLETE_FALLBACK,Run complete.,اكتمل التشغيل.,Execució completa.,Běh dokončen.,Lauf abgeschlossen.,Ejecución completa.,Exécutez terminé.,ההפעלה הושלמה.,Jalankan selesai.,Esegui completato.,実行が完了しました。,실행이 완료되었습니다.,Uruchom kompletny.,Execute completo.,Бегите полностью.,วิ่งเสร็จ.,Çalıştırma tamamlandı.,Chạy hoàn tất.,运行完成。
MINING_SUMMARY_TEXT_RUN_COMPLETE,Run complete: {0},اكتمل التشغيل: {0},Execució completa: {0},Spuštění dokončeno: {0},Ausführung abgeschlossen: {0},Ejecución completa: {0},Exécution terminée : {0},ההפעלה הושלמה: {0},Jalankan selesai: {0},Esegui completata: {0},実行が完了しました: {0},실행 완료: {0},Uruchomienie zakończone: {0},Execução concluída: {0},Выполнение завершено: {0},ดำเนินการเสร็จสิ้น: {0},Çalıştırma tamamlandı: {0},Chạy hoàn tất: {0},运行完成：{0}
MINING_SUMMARY_TEXT_DEPTH_TIER,Depth tier {0}: {1},طبقة العمق {0}: {1},Nivell de profunditat {0}: {1},Úroveň hloubky {0}: {1},Tiefenstufe {0}: {1},Nivel de profundidad {0}: {1},Niveau de profondeur {0} : {1},שכבת עומק {0}: {1},Tingkat kedalaman {0}: {1},Livello di profondità {0}: {1},深さ階層 {0}: {1},깊이 계층 {0}: {1},Poziom głębokości {0}: {1},Nível de profundidade {0}: {1},Уровень глубины {0}: {1},ระดับความลึก {0}: {1},Derinlik katmanı {0}: {1},Cấp độ sâu {0}: {1},深度层 {0}：{1}
MINING_SUMMARY_TEXT_NODES_BROKEN,Nodes broken: {0},العقد مقطوعة: {0},Nodes trencats: {0},Rozbité uzly: {0},Knoten defekt: {0},Nodos rotos: {0},Nœuds cassés : {0},צמתים שבורים: {0},Node rusak: {0},Nodi interrotti: {0},壊れたノード: {0},손상된 노드: {0},Węzły uszkodzone: {0},Nós quebrados: {0},Узлы сломаны: {0},โหนดเสียหาย: {0},Düğümler bozuk: {0},Nút bị hỏng: {0},损坏的节点：{0}
MINING_SUMMARY_TEXT_XP_EARNED,XP earned: {0}{1},نقاط الخبرة المكتسبة: {0}{1},XP guanyat: {0}{1},Získané XP: {0}{1},Verdiente XP: {0}{1},XP obtenida: {0}{1},XP gagné : {0}{1},XP שנצברו: {0}{1},XP yang diperoleh: {0}{1},XP guadagnati: {0}{1},獲得した XP: {0}{1},획득한 XP: {0}{1},Zdobyte PD: {0}{1},EXP ganha: {0}{1},Заработано опыта: {0}{1},XP ที่ได้รับ: {0}{1},Kazanılan XP: {0}{1},XP kiếm được: {0}{1},获得 XP：{0}{1}
MINING_SUMMARY_TEXT_MONEY_EARNED,Money earned: {0},الأموال المكتسبة: {0},Diners guanyats: {0},Vydělané peníze: {0},Verdientes Geld: {0},Dinero ganado: {0},Argent gagné : {0},כסף שהרוויח: {0},Uang yang diperoleh: {0},Denaro guadagnato: {0},稼いだお金: {0},벌어들인 돈: {0},Zarobione pieniądze: {0},Dinheiro ganho: {0},Заработано денег: {0},เงินที่ได้รับ: {0},Kazanılan para: {0},Số tiền kiếm được: {0},赚到的钱：{0}
MINING_SUMMARY_TEXT_CARGO_PAYOUT,Cargo payout:,دفع تعويضات البضائع:,Pagament de càrrega:,Výplata nákladu:,Frachtauszahlung:,Pago de carga:,Paiement du fret :,תשלום מטען:,Pembayaran kargo:,Pagamento del carico:,貨物の支払い:,화물 지불금:,Wypłata ładunku:,Pagamento de carga:,Выплата за груз:,การชำระค่าสินค้า:,Kargo ödemesi:,Thanh toán hàng hóa:,货物支付：
MINING_SUMMARY_TEXT_NO_CARGO,No cargo banked.,لم يتم تخزين أي بضائع.,No hi ha càrrega acumulada.,Žádný náklad přeložen.,Keine Ladung gelagert.,No hay carga acumulada.,Aucune cargaison en réserve.,אין מטען בנקאי.,Tidak ada kargo yang membelok.,Nessun carico inclinato.,積み荷は積まれていない。,화물이 보관되지 않았습니다.,Brak ładunku w banku.,Nenhuma carga depositada.,Груз не накренился.,ไม่มีสินค้าบรรทุกลงถัง,Kargoya verilmedi.,Không có hàng hóa ngân hàng.,没有存放货物。
MINING_SUMMARY_TEXT_CARGO_LINE,{0} x{1} -> {2},{0} ×{1} -> {2},{0} x{1} -> {2},{0} x{1} -> {2},{0} x{1} -> {2},{0} x{1} -> {2},{0}x{1} -> {2},{0} x{1} -> {2},{0} x{1} -> {2},{0} x{1} -> {2},{0} x{1} -> {2},{0} x{1} -> {2},{0} x{1} -> {2},{0}x{1} -> {2},{0} х{1} -> {2},{0} x{1} -> {2},{0} x{1} -> {2},{0} x{1} -> {2},{0} x{1} -> {2}
MINING_SUMMARY_TEXT_CARGO_LINE_SIMPLE,{0} x{1},{0} ×{1},{0} x{1},{0} x {1},{0} x{1},{0}x{1},{0}x{1},{0} x{1},{0} x{1},{0}x{1},{0}×{1},{0}x{1},{0} x{1},{0}x{1},{0} х{1},{0} x{1},{0}x{1},{0} x{1},{0} x{1}
MINING_SUMMARY_TEXT_CARGO_LINE_CASH,{0} x{1} -> ${2},{0} ×{1} -> ${2},{0} x{1} -> ${2},{0} x{1} -> {2} $,{0} x{1} -> ${2},{0} x{1} -> ${2},{0}x{1} -> ${2},{0} x{1} -> ${2},{0} x{1} -> ${2},{0}x{1} -> ${2},{0} x{1} -> ${2},{0} x{1} -> ${2},{0} x{1} -> ${2},{0} x{1} -> ${2},{0} x{1} -> ${2},{0} x{1} -> ${2},{0} x{1} -> ${2},{0} x{1} -> ${2},{0} x{1} -> ${2}
MINING_SUMMARY_TEXT_LEVEL,Level {0}  XP {1}/{2},المستوى {0} XP {1}/{2},Nivell {0} XP {1}/{2},Úroveň {0} XP {1}/{2},Level {0} XP {1}/{2},Nivel {0} XP {1}/{2},Niveau {0} XP {1}/{2},רמה {0} XP {1}/{2},Tingkat {0} XP {1}/{2},Livello {0} XP {1}/{2},レベル {0} XP {1}/{2},레벨 {0} XP {1}/{2},Poziom {0} XP {1}/{2},Nível {0} XP {1}/{2},Уровень {0} опыта {1}/{2},ระดับ {0} XP {1}/{2},Seviye {0} XP {1}/{2},Cấp độ {0} XP {1}/{2},等级 {0} XP {1}/{2}
MINING_SUMMARY_TEXT_UNLOCKED_DEPTH,Unlocked depth tier: {0},طبقة العمق غير المؤمنة: {0},Nivell de profunditat desbloquejat: {0},Odemčená hloubková úroveň: {0},Freigeschaltete Tiefenstufe: {0},Nivel de profundidad desbloqueado: {0},Niveau de profondeur débloqué : {0},שכבת עומק לא נעולה: {0},Tingkat kedalaman tidak terkunci: {0},Livello di profondità sbloccato: {0},ロックされていない深さ層: {0},잠금 해제된 깊이 계층: {0},Odblokowany poziom głębi: {0},Nível de profundidade desbloqueado: {0},Разблокированный уровень глубины: {0},ระดับความลึกที่ปลดล็อค: {0},Kilidi açılmış derinlik katmanı: {0},Cấp độ sâu đã mở khóa: {0},已解锁的深度层：{0}
MINING_SUMMARY_STATS_LINE_1,Run time {0}s   Money/sec ${1}   XP/sec {2}   Ore/sec {3},وقت التشغيل {0}s Money/sec ${1} XP/sec {2} Ore/sec {3},Temps d'execució {0} s Diners/s{1} $ XP/s {2} Mineral/s {3},Doba běhu {0}s Peníze/s ${1} XP/s {2} Ore/s {3},Laufzeit {0}s Geld/Sek. ${1} XP/Sek. {2} Erz/Sek. {3},Tiempo de ejecución {0}s Dinero/seg ${1} XP/seg {2} Mineral/seg {3},Temps d'exécution {0}s Argent/sec ${1} XP/sec {2} Minerais/sec {3},זמן ריצה {0} כסף לשנייה ${1} XP/שנייה {2} עפרה לשנייה {3},Waktu berjalan {0}s Uang/dtk ${1} XP/dtk {2} Bijih/dtk {3},Tempo di esecuzione {0}s Denaro/sec ${1} XP/sec {2} Ore/sec {3},実行時間 {0}s お金/秒 ${1} XP/秒 {2} 鉱石/秒 {3},런타임 {0}s Money/초 ${1} XP/초 {2} 광석/초 {3},Czas działania {0}s Pieniądze/sek. ${1} PD/sek. {2} Ruda/sek. {3},Tempo de execução {0}s Dinheiro/seg ${1} XP/seg {2} Minério/seg {3},Время выполнения {0} с. Денег/сек. ${1} XP/сек. {2} Руды/сек. {3},รันไทม์ {0} เงิน/วินาที ${1} XP/วินาที {2} แร่/วินาที {3},Çalıştırma süresi {0}sn Para/sn ${1} XP/sn {2} Cevher/sn {3},Thời gian chạy {0} giây Tiền/giây ${1} XP/giây {2} Quặng/giây {3},运行时间 {0}s 金钱/秒 ${1} XP/秒 {2} 矿石/秒 {3}
MINING_SUMMARY_STATS_LINE_2,Ore spawned {0}   Collected {1}   Left behind {2}   Banked {3},الخام الذي تم إنتاجه {0} تم جمعه {1} تركه في الخلف {2} تم تخزينه في البنوك {3},Mineral generat {0} recollit {1} deixat enrere {2} acumulat {3},Vznikla ruda {0} Shromážděno {1} Zanecháno {2} Přeloženo {3},Erzeugt {0} Gesammelt {1} Zurückgelassen {2} Bankiert {3},Mineral generado {0} Recogido {1} Dejado atrás {2} Acumulado {3},Minerai généré {0} Collecté {1} Laissé derrière {2} Mis en banque {3},עפרה הולידה {0} נאספה {1} נותרה מאחור {2} בנקאית {3},Bijih yang dihasilkan {0} Dikumpulkan {1} Tertinggal {2} Terdampar {3},Minerale generato {0} Raccolto {1} Lasciato indietro {2} Accumulato {3},鉱石が生成されました {0} 収集されました {1} 残されました {2} 貯蓄されました {3},광석 생성됨 {0} 수집됨 {1} 남겨짐 {2} 저장됨 {3},Pojawiła się ruda {0} Zebrana {1} Pozostawiona {2} Złożona {3},Minério gerado {0} Coletado {1} Deixado para trás {2} Depositado {3},Руда создана {0} Собрана {1} Оставлена ​​{2} Сложена {3},แร่เกิด {0} รวบรวมได้ {1} ทิ้งไว้ข้างหลัง {2} สะสม {3},Cevher ortaya çıktı {0} Toplandı {1} Geride kaldı {2} Bankalanmış {3},Quặng sinh ra {0} Đã thu thập {1} Bị bỏ lại {2} Đã tích lũy {3},生成的矿石{0}收集{1}留下{2}堆积{3}
MINING_SUMMARY_STATS_LINE_3,Manual scoops {0}   Salvage drone scoops {1}   Delivery drone drops {2}   Surface banks {3},المجارف اليدوية {0} مجارف طائرة الإنقاذ {1} قطرات طائرة التوصيل {2} الأسطح {3},Culleres manuals {0} Culleres de drons de salvament {1} Gotes de drons de lliurament {2} Bancs de superfície {3},Ruční nabírání {0} Nabírání záchranného dronu {1} Kapky doručovacího dronu {2} Povrchové banky {3},Manuelle Schaufeln {0} Bergungsdrohnenschaufeln {1} Lieferdrohnenabwürfe {2} Oberflächenbänke {3},Recogidas manuales {0} Recogidas con drones de salvamento {1} Entregas con drones de entrega {2} Bancos de superficie {3},Scoops manuels {0} Scoops de drones de récupération {1} Largages de drones de livraison {2} Banques de surface {3},"סקופים ידניים {0} סקופים של מזל""ט חילוץ {1} נשירת מזל""ט למסירה {2} גדות פני השטח {3}",Sendok manual {0} Sendok drone penyelamat {1} Drone pengiriman jatuh {2} Tepian permukaan {3},Raccoglitori manuali {0} Raccoglitori con droni di salvataggio {1} Raccoglitori con droni per consegna {2} Sponde di superficie {3},手動スクープ {0} サルベージ ドローン スコップ {1} 配送ドローン ドロップ {2} 水上バンク {3},수동 스쿠프 {0} 회수 드론 스쿠프 {1} 배달 드론 투하 {2} 표면 뱅크 {3},Ręczne czerpaki {0} Łyżki z dronów ratowniczych {1} Zrzuty z dronów dostawczych {2} Brzegi powierzchniowe {3},Coletas manuais {0} Coletas de drones de resgate {1} Drops de drones de entrega {2} Bancos de superfície {3},Ручные совки {0} Совки с дронов-спасателей {1} Сбрасывания с дронов-доставщиков {2} Наземные банки {3},สกูปแบบแมนนวล {0} สกู๊ปโดรนกู้ชีพ {1} โดรนจัดส่งแบบหยอด {2} ธนาคารพื้นผิว {3},Manuel kepçeler {0} Kurtarma drone'u kepçeleri {1} Teslimat drone'u damlaları {2} Yüzey kıyıları {3},Muỗng thủ công {0} Muỗng cứu hộ bằng máy bay không người lái {1} Máy bay không người lái giao hàng thả xuống {2} Bờ bề mặt {3},手动铲斗 {0} 打捞无人机铲斗 {1} 送货无人机投掷物 {2} 水面堤岸 {3}
MINING_SUMMARY_STATS_LINE_4,Collection rate {0}%   Banking rate {1}%,معدل التحصيل {0}% معدل الخدمات المصرفية {1}%,Taxa de cobrament {0}% Taxa bancària {1}%,Míra inkasa {0} % Bankovní sazba {1} %,Inkassosatz {0} % Banksatz {1} %,Tasa de cobranza {0}% Tasa bancaria {1}%,Taux de recouvrement {0}% Taux bancaire {1}%,שיעור גבייה {0}% שיעור בנקאות {1}%,Tingkat pengumpulan {0}% Tingkat perbankan {1}%,Tasso di incasso {0}% Tasso bancario {1}%,回収率 {0}% 銀行取引率 {1}%,회수율 {0}% 은행 금리 {1}%,Stopa windykacyjna {0}% Stopa bankowa {1}%,Taxa de cobrança {0}% Taxa bancária {1}%,Коэффициент сбора {0}% Банковская ставка {1}%,อัตราการเรียกเก็บเงิน {0}% อัตราของธนาคาร {1}%,Tahsilat oranı %{0} Bankacılık oranı %{1},Tỷ lệ thu thập {0}% Tỷ lệ ngân hàng {1}%,收款利率 {0}% 银行利率 {1}%
MINING_HINT_TITLE,Hint {0}/{1},تلميح {0}/{1},Pista {0}/{1},Nápověda {0}/{1},Hinweis {0}/{1},Sugerencia {0}/{1},Indice {0}/{1},רמז {0}/{1},Petunjuk {0}/{1},Suggerimento {0}/{1},ヒント {0}/{1},힌트 {0}/{1},Wskazówka {0}/{1},Dica {0}/{1},Подсказка {0}/{1},คำแนะนำ {0}/{1},İpucu {0}/{1},Gợi ý {0}/{1},提示{0}/{1}
MINING_HINT_CONTEXT_PICKUP_RADIUS,You left a lot of ore drifting in the dirt that run. Vacuum Scoop will help you clean up popped veins before the loot scatters.,لقد تركت الكثير من الخام ينجرف في الأوساخ الجارية. سيساعدك Vacuum Scoop على تنظيف الأوردة المفرقعة قبل أن تنتشر المسروقات.,Vau deixar una gran quantitat de mineral a la deriva a la brutícia que corre. Vacuum Scoop us ajudarà a netejar les venes esclatades abans que el botí s'escampi.,"Nechal jsi spoustu rudy unášet v hlíně, která běží. Vacuum Scoop vám pomůže vyčistit prasklé žíly, než se kořist rozsype.","Du hast eine Menge Erz im Dreck treiben lassen. Mit der Vakuumschaufel können Sie aufgeplatzte Adern beseitigen, bevor die Beute verstreut wird.",Dejaste mucho mineral a la deriva en la tierra que corre. Vacuum Scoop te ayudará a limpiar las venas reventadas antes de que el botín se disperse.,Vous avez laissé beaucoup de minerai dériver dans la terre qui coule. Vacuum Scoop vous aidera à nettoyer les veines éclatées avant que le butin ne se disperse.,השארת הרבה עפרות נסחפות בעפר שרץ. סקופ ואקום יעזור לך לנקות ורידים צצו לפני שהשלל מתפזר.,Anda meninggalkan banyak bijih yang hanyut di tanah yang mengalir. Vacuum Scoop akan membantu Anda membersihkan pembuluh darah yang muncul sebelum jarahannya berserakan.,Hai lasciato un sacco di minerali alla deriva nella terra che scorre. La paletta aspirante ti aiuterà a ripulire le vene scoppiate prima che il bottino si disperda.,走っている土の中にたくさんの鉱石を漂わせてしまいました。バキュームスクープは、戦利品が飛び散る前に飛び出した静脈を掃除するのに役立ちます。,흐르는 흙 속에 떠다니는 많은 광석을 남겨두었습니다. 진공 스쿠프(Vacuum Scoop)는 전리품이 흩어지기 전에 터진 혈관을 청소하는 데 도움이 됩니다.,"Zostawiłeś dużo rudy dryfującej w biegnącej ziemi. Vacuum Scoop pomoże Ci oczyścić popękane żyły, zanim łup się rozproszy.",Você deixou muito minério à deriva na terra que corre. Vacuum Scoop irá ajudá-lo a limpar veias estouradas antes que o saque se espalhe.,"Вы оставили много руды в грязи. Вакуумный совок поможет вам очистить лопнувшие вены до того, как добыча разлетится.",คุณทิ้งแร่จำนวนมากลอยอยู่ในดินที่ไหลอยู่ Vacuum Scoop จะช่วยคุณทำความสะอาดเส้นเลือดที่แตกออกก่อนที่ของขวัญจะกระจายไป,"Akan toprağın içinde sürüklenen çok miktarda cevher bıraktın. Vakumlu Kepçe, ganimet dağılmadan önce patlamış damarları temizlemenize yardımcı olacaktır.",Bạn đã để lại rất nhiều quặng trôi dạt trong bùn đất. Máy hút chân không sẽ giúp bạn dọn sạch các mạch máu bị bong ra trước khi chiến lợi phẩm phân tán.,你在运行的泥土中留下了很多矿石。真空铲将帮助您在战利品散落之前清理突出的静脉。
MINING_HINT_CONTEXT_MAGNET_DRONE,A lot of ore got left behind that run. Salvage Drone is a strong pickup if you want those loose chunks collected while you keep drilling.,تم ترك الكثير من الخام وراء هذا المدى. تعتبر طائرة Salvage Drone أداة التقاط قوية إذا كنت تريد جمع تلك القطع السائبة أثناء مواصلة الحفر.,Enrere d'aquella cursa va quedar molt de mineral. Salvage Drone és una recollida forta si voleu que es recullin els trossos solts mentre continueu perforant.,"Po tomto běhu zůstalo mnoho rudy. Záchranný dron je silný sběrač, pokud chcete, aby se při vrtání sbíraly volné kusy.","Bei diesem Lauf blieb eine Menge Erz zurück. Die Salvage Drone ist ein starker Pickup, wenn Sie die losen Brocken beim Weiterbohren einsammeln möchten.",Una gran cantidad de mineral quedó atrás en esa carrera. Salvage Drone es una buena opción si quieres recoger esos trozos sueltos mientras sigues perforando.,Beaucoup de minerai a été laissé derrière cette coulée. Le Salvage Drone est un ramassage puissant si vous souhaitez récupérer ces morceaux en vrac pendant que vous continuez à forer.,הרבה עפרות נשארו מאחורי הריצה ההיא. Salvage Drone הוא טנדר חזק אם אתה רוצה שהנתחים הרופפים האלה ייאספו בזמן שאתה ממשיך לקדוח.,Banyak bijih yang tertinggal dalam proses itu. Salvage Drone adalah pickup yang kuat jika Anda ingin bongkahan lepas dikumpulkan saat Anda terus mengebor.,Un sacco di minerale è stato lasciato dietro quella corsa. Il Drone di salvataggio è un ottimo strumento se vuoi raccogliere i pezzi sciolti mentre continui a perforare.,その走りの後にはたくさんの鉱石が残されました。 Salvage Drone は、掘削を続けながらバラバラになった塊を収集したい場合に強力なピックアップです。,그 실행 뒤에 많은 광석이 남았습니다. Salvage Drone은 드릴링을 계속하는 동안 느슨한 덩어리를 수집하려는 경우 강력한 픽업입니다.,"Po tym biegu pozostało mnóstwo rudy. Salvage Drone to mocny pickup, jeśli chcesz zebrać luźne kawałki podczas wiercenia.",Muito minério foi deixado para trás naquela corrida. Salvage Drone é um captador forte se você deseja que aqueles pedaços soltos sejam coletados enquanto você continua perfurando.,"После этого пробега осталось много руды. Salvage Drone — хороший выбор, если вы хотите собрать эти рыхлые куски, пока вы продолжаете бурить.",แร่จำนวนมากถูกทิ้งไว้เบื้องหลังการวิ่งครั้งนั้น Salvage Drone เป็นปิ๊กอัพที่แข็งแกร่งหากคุณต้องการให้ชิ้นส่วนที่หลวมเหล่านั้นถูกรวบรวมในขณะที่คุณเจาะต่อไป,Bu koşunun arkasında çok fazla cevher kaldı. Sondaj yaparken gevşek parçaların toplanmasını istiyorsanız Salvage Drone güçlü bir pikaptır.,Rất nhiều quặng đã bị bỏ lại sau cuộc chạy đua đó. Salvage Drone là một thiết bị bán tải mạnh mẽ nếu bạn muốn thu thập những mảnh rời trong khi tiếp tục khoan.,那次运输留下了很多矿石。如果你想在继续钻探时收集那些松散的碎片，打捞无人机是一个强大的拾取器。
MINING_HINT_CONTEXT_LOOPBACK,A lot of ore got left behind that run. Try looping back through cracked veins sooner so the loose drops turn into cargo instead of dead weight.,تم ترك الكثير من الخام وراء هذا المدى. حاول العودة من خلال الأوردة المتشققة عاجلاً حتى تتحول القطرات السائبة إلى حمولة بدلاً من الوزن الساكن.,Enrere d'aquella cursa va quedar molt de mineral. Proveu de tornar enrere a través de les venes esquerdades més aviat perquè les gotes soltes es converteixin en càrrega en lloc de pes mort.,"Po tomto běhu zůstalo mnoho rudy. Zkuste proklouznout zpět přes popraskané žíly dříve, aby se uvolněné kapky proměnily v náklad místo mrtvé váhy.","Bei diesem Lauf blieb eine Menge Erz zurück. Versuchen Sie, früher durch rissige Adern zurückzuschlingen, damit die losen Tropfen zu Fracht und nicht zu totem Gewicht werden.",Una gran cantidad de mineral quedó atrás en esa carrera. Intente regresar antes a través de las venas agrietadas para que las gotas sueltas se conviertan en carga en lugar de peso muerto.,Beaucoup de minerai a été laissé derrière cette coulée. Essayez de revenir plus tôt dans les veines craquelées afin que les gouttes libres se transforment en cargaison au lieu de poids mort.,הרבה עפרות נשארו מאחורי הריצה ההיא. נסה לחזור בלולאה דרך ורידים סדוקים מוקדם יותר כך שהטיפות הרופפות יהפכו למטען במקום משקל מת.,"Banyak bijih yang tertinggal dalam proses itu. Cobalah untuk melewati pembuluh darah yang retak lebih cepat sehingga tetesan yang lepas berubah menjadi muatan, bukan beban mati.",Un sacco di minerale è stato lasciato dietro quella corsa. Prova a tornare indietro attraverso le vene screpolate prima in modo che le gocce sciolte si trasformino in un carico invece che in un peso morto.,その走りの後にはたくさんの鉱石が残されました。ひび割れた静脈をより早くループバックして、緩んだ水滴が自重ではなく荷物に変わるようにしてください。,그 실행 뒤에 많은 광석이 남았습니다. 갈라진 혈관을 더 빨리 순환시켜 느슨한 방울이 사하중 대신 화물로 변하도록 하십시오.,"Po tym biegu pozostało mnóstwo rudy. Spróbuj wcześniej okrążyć popękane żyły, aby luźne krople zamieniły się w ładunek, a nie w ciężar własny.",Muito minério foi deixado para trás naquela corrida. Tente voltar pelas veias rachadas mais cedo para que as gotas soltas se transformem em carga em vez de peso morto.,"После этого пробега осталось много руды. Попробуйте вернуться обратно через потрескавшиеся вены раньше, чтобы свободные капли превратились в груз, а не в мертвый груз.",แร่จำนวนมากถูกทิ้งไว้เบื้องหลังการวิ่งครั้งนั้น ลองวนกลับผ่านเส้นเลือดที่แตกร้าวเร็วขึ้น เพื่อให้หยดที่หลวมกลายเป็นสินค้าแทนที่จะเป็นน้ำหนักที่ตายแล้ว,"Bu koşunun arkasında çok fazla cevher kaldı. Çatlak damarlardan daha erken geri dönmeyi deneyin, böylece gevşek damlalar ölü ağırlık yerine kargoya dönüşür.",Rất nhiều quặng đã bị bỏ lại sau cuộc chạy đua đó. Hãy thử vòng trở lại qua các đường gân bị nứt sớm hơn để những giọt lỏng lẻo biến thành hàng hóa thay vì trọng lượng chết.,那次运输留下了很多矿石。尝试尽快通过破裂的静脉返回，以便松散的水滴变成货物而不是自重。
MINING_HINT_CONTEXT_ROUTING,There were still a lot of untouched veins on the field when the run ended. A cleaner route through nearby seams can turn that map into much better payout.,كان لا يزال هناك الكثير من الأوردة التي لم تمسها في الملعب عندما انتهى السباق. يمكن للطريق الأنظف عبر اللحامات القريبة أن يحول تلك الخريطة إلى دفع تعويضات أفضل بكثير.,Encara hi havia moltes venes intactes al camp quan va acabar la carrera. Una ruta més neta per les costures properes pot convertir aquest mapa en un pagament molt millor.,"Když běh skončil, na hřišti bylo ještě hodně nedotčených žil. Čistší cesta přes blízké švy může tuto mapu proměnit v mnohem lepší výplatu.","Als der Lauf endete, waren noch viele unberührte Adern auf dem Feld. Eine sauberere Route durch nahegelegene Flöze kann diese Karte zu einer viel besseren Auszahlung machen.",Cuando terminó la racha todavía quedaban muchas venas intactas en el campo. Una ruta más limpia a través de las vetas cercanas puede convertir ese mapa en un pago mucho mejor.,Il restait encore beaucoup de veines intactes sur le terrain à la fin de la course. Un itinéraire plus propre à travers les coutures voisines peut transformer cette carte en un bien meilleur gain.,עדיין היו הרבה ורידים שלא נגעו במגרש כשהריצה הסתיימה. מסלול נקי יותר דרך התפרים הסמוכים יכול להפוך את המפה לתשלום הרבה יותר טוב.,Masih banyak pembuluh darah yang belum tersentuh di lapangan saat lari berakhir. Rute yang lebih bersih melalui lapisan terdekat dapat mengubah peta itu menjadi pembayaran yang jauh lebih baik.,C'erano ancora tante vene intatte in campo al termine della corsa. Un percorso più pulito attraverso le giunture vicine può trasformare quella mappa in una vincita molto migliore.,ランが終わったとき、フィールドにはまだ手つかずの静脈がたくさんありました。近くの継ぎ目を通るよりきれいなルートは、そのマップをはるかに良い配当に変えることができます。,경기가 끝났을 때에도 현장에는 아직 손대지 않은 정맥이 많이 남아 있었습니다. 근처 이음새를 통과하는 더 깨끗한 경로는 해당 지도를 훨씬 더 나은 보상으로 바꿀 수 있습니다.,Po zakończeniu serii na boisku było jeszcze wiele nietkniętych żył. Czystsza trasa przez pobliskie pokłady może zamienić tę mapę w znacznie lepszą wypłatę.,Ainda havia muitas veias intocadas no campo quando a corrida terminou. Uma rota mais limpa através de junções próximas pode transformar esse mapa em um pagamento muito melhor.,"Когда забег закончился, на поле еще оставалось много нетронутых вен. Более чистый маршрут через близлежащие пласты может превратить эту карту в гораздо большую прибыль.",ยังมีเส้นเลือดที่ไม่มีใครแตะต้องอีกจำนวนมากในสนามเมื่อการวิ่งสิ้นสุดลง เส้นทางที่สะอาดกว่าผ่านตะเข็บใกล้เคียงสามารถเปลี่ยนแผนที่นั้นให้ผลตอบแทนที่ดีขึ้นมาก,"Koşu bittiğinde sahada hala dokunulmamış birçok damar vardı. Yakındaki dikişlerden geçen daha temiz bir rota, bu haritayı çok daha iyi bir ödemeye dönüştürebilir.",Trên sân vẫn còn rất nhiều đường gân chưa được chạm tới khi cuộc chạy kết thúc. Một tuyến đường sạch hơn qua các đường nối gần đó có thể biến bản đồ đó thành khoản thanh toán tốt hơn nhiều.,跑步结束时，场地上还有很多未触及的静脉。通过附近接缝的更干净的路线可以将该地图变成更好的支出。
MINING_HINT_CONTEXT_DRILL,"The run ended because your drill wore out. Drill Plating gives the rig more health, and Cooling Loop helps that health last longer on tough veins.",انتهى السباق بسبب تآكل تدريباتك. يمنح طلاء الحفر الجهاز مزيدًا من الصحة، وتساعد حلقة التبريد على استمرار الصحة لفترة أطول في الأوردة الصعبة.,"La carrera va acabar perquè el teu trepant es va esgotar. Drill Plating proporciona més salut a la plataforma, i Cooling Loop ajuda que aquesta salut duri més temps a les venes dures.","Běh skončil, protože se vám opotřeboval vrták. Drill Plating dává návazci více zdraví a Cooling Loop pomáhá, aby zdraví vydrželo déle na houževnatých žilách.","Der Lauf endete, weil Ihr Bohrer abgenutzt war. Die Bohrplattierung verleiht dem Bohrgerät mehr Gesundheit, und die Kühlschleife trägt dazu bei, dass die Gesundheit bei harten Adern länger anhält.",La carrera terminó porque tu taladro se gastó. Drill Plating le da al equipo más salud y Cooling Loop ayuda a que esa salud dure más en las vetas difíciles.,"La course s'est terminée parce que votre perceuse était épuisée. Le Drill Plating donne à la plate-forme plus de santé, et Cooling Loop aide cette santé à durer plus longtemps sur les veines difficiles.","הריצה הסתיימה כי התרגיל שלך התבלה. ציפוי מקדחה נותן יותר בריאות למתקן, ו-Cooling Loop עוזר לבריאות זו להימשך זמן רב יותר על ורידים קשים.","Pelarian berakhir karena bor Anda habis. Drill Plating memberikan kesehatan yang lebih baik pada rig, dan Cooling Loop membantu kesehatan bertahan lebih lama pada pembuluh darah yang keras.",La corsa è finita perché il tuo trapano si è consumato. La placcatura di perforazione conferisce all'attrezzatura più salute e il circuito di raffreddamento aiuta a far durare più a lungo la salute sulle vene difficili.,ドリルが磨耗したため、ランは終了しました。ドリルメッキはリグにさらなる健康を与え、冷却ループはその健康を丈夫な静脈でより長く保つのに役立ちます。,훈련이 닳아서 달리기가 끝났습니다. 드릴 도금은 장비에 더 많은 건강을 제공하고 냉각 루프는 거친 정맥에서 건강이 더 오래 지속되도록 도와줍니다.,"Próba zakończyła się, ponieważ wiertło się zużyło. Drill Plating zapewnia platformie więcej zdrowia, a Cooling Loop sprawia, że ​​zdrowie utrzymuje się dłużej na twardych żyłach.","A corrida terminou porque sua furadeira desgastou. O Drill Plating dá mais saúde ao equipamento, e o Cooling Loop ajuda a durar mais tempo em veias difíceis.","Пробежка закончилась, потому что ваша дрель износилась. Drill Plating придает снаряжению больше здоровья, а Cooling Loop помогает дольше сохранять здоровье на жестких жилах.",การวิ่งสิ้นสุดลงเนื่องจากการเจาะของคุณหมดลง Drill Plating ช่วยให้แท่นขุดเจาะมีสุขภาพที่ดีขึ้น และ Cooling Loop ช่วยให้สุขภาพคงอยู่ได้นานขึ้นบนหลอดเลือดดำที่แข็งแรง,"Matkabınız aşındığı için koşu sona erdi. Delici Kaplama, makineye daha fazla sağlık kazandırır ve Soğutma Döngüsü, bu sağlığın sert damarlarda daha uzun süre dayanmasına yardımcı olur.",Cuộc chạy kết thúc vì máy khoan của bạn bị mòn. Mạ khoan mang lại cho giàn khoan nhiều sức khỏe hơn và Vòng làm mát giúp sức khỏe đó tồn tại lâu hơn trên các tĩnh mạch cứng.,跑步结束是因为你的钻头磨损了。钻镀使钻机更加健康，而冷却循环则有助于在坚硬的静脉上保持更长时间的健康。
MINING_HINT_CONTEXT_TIMER,The timer ran out before the route paid off. Timer Reserve gives you more room to finish a lane and bank the haul.,نفد الموقت قبل أن يؤتي الطريق ثماره. يمنحك Timer Reserve مساحة أكبر لإنهاء المسار وتحصيل المبلغ.,El temporitzador es va esgotar abans que la ruta tingués els seus fruits. La reserva del temporitzador us ofereix més espai per acabar un carril i desviar el trajecte.,"Časovač vypršel dřív, než se trasa vyplatila. Časovač rezervy vám dává více prostoru k dokončení pruhu a naklonění zátahu.","Der Timer ist abgelaufen, bevor sich die Route ausgezahlt hat. Mit der Timer-Reserve haben Sie mehr Platz, um eine Bahn fertigzustellen und die Ladung zu bündeln.",El cronómetro se acabó antes de que la ruta diera sus frutos. La reserva del temporizador te da más espacio para terminar un carril e inclinar el recorrido.,Le chronomètre s'est écoulé avant que l'itinéraire ne porte ses fruits. Timer Reserve vous donne plus d'espace pour terminer une voie et effectuer le transport.,הטיימר אזל לפני שהמסלול השתלם. טיימר רזרב נותן לך יותר מקום לסיים נתיב ולנקות את ההובלה.,Pengatur waktu habis sebelum rute terbayar. Timer Reserve memberi Anda lebih banyak ruang untuk menyelesaikan jalur dan menyimpan hasil tangkapan.,Il tempo è scaduto prima che il percorso fruttasse. La Riserva timer ti dà più spazio per finire una corsia e inclinare il bottino.,ルートが成功する前にタイマーが切れました。タイマー リザーブを使用すると、レーンを終了し、ホールをバンクするためのより多くの余地が得られます。,경로가 완료되기 전에 타이머가 종료되었습니다. 타이머 예약을 사용하면 차선을 완료하고 짐을 보관할 수 있는 더 많은 공간이 제공됩니다.,"Czas minął, zanim trasa się opłaciła. Rezerwa czasowa zapewnia więcej miejsca na dokończenie linii i przechowanie ładunku.",O cronômetro acabou antes que a rota compensasse. O Timer Reserve oferece mais espaço para terminar uma pista e acelerar o percurso.,"Таймер истек до того, как маршрут окупился. Таймер резерва дает вам больше места, чтобы закончить полосу и зафиксировать улов.",ตัวจับเวลาหมดก่อนที่เส้นทางจะหมด Timer Reserve ช่วยให้คุณมีพื้นที่มากขึ้นในการเข้าเลนและหยุดการลาก,"Rotanın karşılığını alamadan zamanlayıcı doldu. Zamanlayıcı Rezervi, bir şeridi bitirmek ve mesafeyi dengelemek için size daha fazla alan sağlar.",Đồng hồ đã hết trước khi tuyến đường được đền đáp. Dự trữ hẹn giờ giúp bạn có nhiều thời gian hơn để hoàn thành một làn đường và tính toán quãng đường.,计时器在路线还清之前就耗尽了。计时器储备为您提供更多空间来完成一条车道并储存货物。
MINING_HINT_UPGRADE_PICKUP_RADIUS,Vacuum Scoop is the fastest way to stop drops from slipping away once a vein bursts open.,تُعد مغرفة الفراغ أسرع طريقة لمنع القطرات من الانزلاق بمجرد انفجار الوريد.,Vacuum Scoop és la manera més ràpida d'evitar que les gotes s'escapin un cop s'obre una vena.,"Vacuum Scoop je nejrychlejší způsob, jak zabránit tomu, aby kapky sklouzly, jakmile se roztrhne žíla.","Der Vakuumlöffel ist der schnellste Weg, um zu verhindern, dass Tropfen wegrutschen, wenn eine Vene aufplatzt.",Vacuum Scoop es la forma más rápida de evitar que las gotas se escapen una vez que se abre una vena.,Vacuum Scoop est le moyen le plus rapide d’empêcher les gouttes de glisser une fois qu’une veine s’ouvre.,סקופ ואקום היא הדרך המהירה ביותר למנוע מהטיפות לחמוק ברגע שווריד נפתח.,Vacuum Scoop adalah cara tercepat untuk menghentikan tetesan agar tidak terlepas begitu pembuluh darah pecah.,La paletta sottovuoto è il modo più veloce per evitare che le gocce scivolino via una volta che una vena si apre.,真空スクープは、静脈が破裂したときに滴が滑り落ちるのを防ぐ最も速い方法です。,진공 국자는 정맥이 터지면 방울이 미끄러지는 것을 막는 가장 빠른 방법입니다.,Miarka próżniowa to najszybszy sposób na zatrzymanie spadania kropli w przypadku pęknięcia żyły.,Vacuum Scoop é a maneira mais rápida de impedir que as gotas escorreguem quando uma veia se abre.,Вакуумная лопатка — самый быстрый способ предотвратить вытекание капель после разрыва вены.,Vacuum Scoop เป็นวิธีที่เร็วที่สุดในการหยุดไม่ให้หยดหลุดออกไปเมื่อหลอดเลือดดำแตกออก,"Vakumlu Kepçe, damar patladığında damlaların kaymasını önlemenin en hızlı yoludur.",Muỗng hút chân không là cách nhanh nhất để ngăn các giọt thuốc trôi đi khi tĩnh mạch bị vỡ.,一旦静脉破裂，真空勺是阻止血滴滑落的最快方法。
MINING_HINT_UPGRADE_MAGNET_DRONE,Salvage Drone is a strong next buy if rich seams are leaving too many chunks behind.,تعتبر طائرة Salvage Drone بمثابة الشراء التالي القوي إذا كانت الطبقات الغنية تترك الكثير من القطع خلفها.,Salvage Drone és una bona compra si les costures riques deixen massa trossos enrere.,"Salvage Drone je silný další nákup, pokud bohaté švy zanechávají příliš mnoho kusů.","Salvage Drone ist ein guter nächster Kauf, wenn zu viele Brocken aus den Nähten zurückbleiben.",Salvage Drone es una buena próxima compra si las costuras ricas dejan demasiados trozos.,Le Salvage Drone est un prochain achat intéressant si les coutures riches laissent trop de morceaux derrière elles.,Salvage Drone היא הקנייה הבאה חזקה אם תפרים עשירים משאירים יותר מדי נתחים מאחור.,Salvage Drone adalah pembelian berikutnya yang kuat jika lapisan yang kaya meninggalkan terlalu banyak potongan.,Il Drone di salvataggio è un ottimo acquisto successivo se le cuciture ricche lasciano troppi pezzi dietro.,豊かな縫い目があまりにも多くの塊を残している場合、サルベージドローンは強力な次の購入品です。,Salvage Drone은 풍부한 솔기가 너무 많은 덩어리를 남겨둔 경우 다음 구매에 강력합니다.,"Salvage Drone to kolejny mocny zakup, jeśli bogate szwy pozostawiają zbyt wiele kawałków.",Salvage Drone é uma próxima compra forte se as costuras ricas estiverem deixando muitos pedaços para trás.,"Спасательный дрон станет хорошей следующей покупкой, если после богатых пластов остается слишком много кусков.",Salvage Drone คือการซื้อครั้งต่อไปที่แข็งแกร่งหากตะเข็บที่แน่นหนาทิ้งชิ้นส่วนไว้มากมายเกินไป,"Zengin dikişler geride çok fazla parça bırakıyorsa, Kurtarma Uçağı bir sonraki alım için güçlü bir seçenektir.",Salvage Drone là một sản phẩm đáng mua tiếp theo nếu các đường nối phong phú để lại quá nhiều khối.,如果丰富的接缝留下了太多的碎片，打捞无人机是下一个强有力的购买选择。
MINING_HINT_UPGRADE_DELIVERY_DRONE,Delivery Drone pays off once your cargo is filling before you can safely return to the surface.,تُؤتي طائرة التوصيل بدون طيار ثمارها بمجرد امتلاء حمولتك قبل أن تتمكن من العودة بأمان إلى السطح.,El drone de lliurament paga un cop s'omple la càrrega abans de poder tornar a la superfície amb seguretat.,"Doručovací dron se vyplatí, jakmile se váš náklad naplní, než se budete moci bezpečně vrátit na povrch.","Die Lieferdrohne zahlt sich aus, sobald Ihre Ladung voll ist, bevor Sie sicher an die Oberfläche zurückkehren können.",Delivery Drone da sus frutos una vez que su carga se está llenando antes de que pueda regresar de manera segura a la superficie.,Delivery Drone est rentable une fois que votre cargaison est remplie avant que vous puissiez retourner à la surface en toute sécurité.,"משלוח מזל""ט משתלם ברגע שהמטען שלך מתמלא לפני שתוכל לחזור בבטחה אל פני השטח.",Pengiriman Drone terbayar setelah kargo Anda terisi sebelum Anda dapat kembali ke permukaan dengan aman.,Il drone per le consegne ripaga una volta che il carico si è riempito prima che tu possa tornare in superficie in sicurezza.,配達ドローンは、安全に地上に戻る前に貨物がいっぱいになると効果が得られます。,배송 드론은 화물이 가득 차면 안전하게 표면으로 돌아올 수 있기 전에 성과를 거두게 됩니다.,"Dron dostawczy opłaca się, gdy ładunek zostanie zapełniony, zanim będziesz mógł bezpiecznie powrócić na powierzchnię.","O Delivery Drone compensa quando sua carga está sendo preenchida, antes que você possa retornar com segurança à superfície.","Доставка дрона окупится, как только ваш груз будет заполнен, прежде чем вы сможете безопасно вернуться на поверхность.",Delivery Drone จะจ่ายเงินทันทีที่สินค้าของคุณเต็มก่อนที่คุณจะสามารถกลับขึ้นสู่ผิวน้ำได้อย่างปลอดภัย,"Teslimat Drone, siz güvenli bir şekilde yüzeye çıkmadan önce kargonuz dolduğunda karşılığını verir.",Delivery Drone sẽ được đền đáp sau khi hàng hóa của bạn được chất đầy trước khi bạn có thể quay trở lại mặt nước một cách an toàn.,一旦您的货物装满，然后您才能安全返回地面，送货无人机就会带来回报。
MINING_HINT_FALLBACK,"Review the run, tune the rig, and go again.",قم بمراجعة التشغيل، وضبط الجهاز، ثم اذهب مرة أخرى.,"Reviseu la carrera, afineu la plataforma i torneu-hi.","Zkontrolujte běh, vylaďte soupravu a jděte znovu.","Überprüfen Sie den Lauf, stimmen Sie das Gerät ab und fahren Sie erneut fort.","Revise la ejecución, ajuste el equipo y comience de nuevo.","Passez en revue la course, réglez le gréement et recommencez.","בדוק את הריצה, כוונן את המתקן, ולך שוב.","Tinjau jalannya, setel rig, dan lanjutkan lagi.","Rivedi la corsa, metti a punto il rig e riprova.",実行を確認し、リグを調整して、もう一度実行します。,실행을 검토하고 장비를 조정한 후 다시 진행하세요.,"Przejrzyj przebieg, dostrój sprzęt i ruszaj ponownie.","Revise a corrida, ajuste o equipamento e vá novamente.","Просмотрите пробег, настройте оснастку и продолжайте работу еще раз.",ทบทวนการวิ่ง ปรับแต่งแท่นขุดเจาะ และไปอีกครั้ง,"Koşuyu gözden geçirin, teçhizatı ayarlayın ve tekrar başlayın.","Xem lại quá trình chạy, điều chỉnh giàn khoan và thực hiện lại.",检查运行情况，调整装备，然后再次运行。
MINING_HINT_DEFAULT_1,Build speed through cleared tunnels before committing to a seam. Straight runs give the drill its best burst damage.,قم ببناء السرعة من خلال الأنفاق التي تم تطهيرها قبل الالتزام بالتماس. يمنح التشغيل المستقيم للتمرين أفضل ضرر انفجاري.,Augmenta la velocitat a través dels túnels netejats abans de comprometre's amb una costura. Les tirades rectes donen al trepant el millor dany de l'explosió.,"Vybudujte rychlost přes vyčištěné tunely, než se pustíte do švu. Přímé chody poskytují vrtačce nejlepší poškození prasknutím.","Steigern Sie die Geschwindigkeit durch geräumte Tunnel, bevor Sie sich auf eine Naht begeben. Gerade Läufe verleihen dem Bohrer den besten Burst-Schaden.",Aumente la velocidad a través de túneles despejados antes de comprometerse con una costura. Los recorridos rectos le dan al taladro su mayor daño por explosión.,Augmentez votre vitesse dans les tunnels dégagés avant de vous engager dans une couture. Les courses droites donnent à la perceuse ses meilleurs dégâts en rafale.,בנה מהירות דרך מנהרות שפונו לפני שמתחייבים לתפר. ריצות ישרות נותנות למקדחה את נזקי ההתפרצות הטובים ביותר שלו.,Bangun kecepatan melalui terowongan yang telah dibersihkan sebelum melakukan jahitan. Lari lurus memberikan kerusakan ledakan terbaik pada bor.,Aumenta la velocità attraverso i tunnel ripuliti prima di impegnarti in una cucitura. Le corse diritte danno al trapano il miglior danno a raffica.,継ぎ目に入る前に、空いたトンネルを通ってスピードを上げてください。ストレートランはドリルに最高のバーストダメージを与えます。,이음새에 착수하기 전에 청소된 터널을 통해 속도를 높이십시오. 직선으로 달리면 드릴에 최고의 폭발 피해가 발생합니다.,"Zwiększ prędkość w oczyszczonych tunelach, zanim dojdziesz do szwu. Proste biegi zapewniają wiertłu największe obrażenia wybuchowe.",Aumente a velocidade através de túneis limpos antes de se comprometer com uma costura. As corridas retas proporcionam à broca o melhor dano de explosão.,"Набирайте скорость, проезжая по расчищенным туннелям, прежде чем отправиться в пласт. Прямые ходы дают сверлу лучший взрывной урон.",สร้างความเร็วผ่านอุโมงค์ที่เคลียร์แล้วก่อนจะลงตะเข็บ การวิ่งตรงทำให้สว่านได้รับความเสียหายจากการระเบิดได้ดีที่สุด,Bir dikişe başlamadan önce temizlenmiş tünellerde hız kazanın. Düz koşular matkaba en iyi patlama hasarını verir.,Tăng tốc độ thông qua các đường hầm đã được dọn sạch trước khi đi vào một đường nối. Chạy thẳng mang lại cho máy khoan khả năng nổ tốt nhất.,在进入接缝之前加快速度通过已清理的隧道。直行程使钻头具有最佳的爆破破坏力。
MINING_HINT_DEFAULT_2,"Banking at the surface is safest when your cargo is full or your drill is close to breaking. Richer ore also eats more hold space now, so unbanked ore is a bad gamble.",يكون التعامل على السطح أكثر أمانًا عندما تكون حمولتك ممتلئة أو عندما يكون مثقابك على وشك الانهيار. كما أن الخام الأكثر ثراءً يستهلك مساحة أكبر الآن، لذا فإن الخام غير المتوفر في البنوك يعد مقامرة سيئة.,"La banca a la superfície és més segura quan la càrrega està plena o el trepant està a punt de trencar-se. El mineral més ric també menja més espai de bodega ara, de manera que el mineral no bancar és una mala aposta.","Naklánění na hladině je nejbezpečnější, když je váš náklad plný nebo když je vrták blízko prasknutí. Bohatší ruda nyní také spotřebovává více úložného prostoru, takže odvalená ruda je špatný hazard.","An der Oberfläche zu kippen ist am sichersten, wenn Ihre Ladung voll ist oder Ihr Bohrer kurz vor dem Bruch steht. Reichhaltigeres Erz frisst jetzt auch mehr Laderaum, daher ist nicht gelagertes Erz ein schlechtes Glücksspiel.","La inclinación en la superficie es más segura cuando su carga está llena o su taladro está a punto de romperse. El mineral más rico también consume más espacio de almacenamiento ahora, por lo que el mineral no bancarizado es una mala apuesta.","L'inclinaison à la surface est plus sûre lorsque votre cargaison est pleine ou que votre foreuse est sur le point de se briser. Un minerai plus riche consomme également plus d’espace de stockage désormais, donc le minerai non mis en banque est un mauvais pari.","בנקאות על פני השטח היא הבטוחה ביותר כאשר המטען שלך מלא או המקדחה שלך קרובה להישבר. עפרות עשירות יותר אוכלות יותר מקום להחזיק כעת, כך שעפרות לא מכוסות הן הימור גרוע.","Berada di permukaan paling aman saat muatan Anda penuh atau bor Anda hampir pecah. Bijih yang lebih kaya juga memakan lebih banyak ruang penyimpanan saat ini, jadi bijih yang tidak memiliki rekening bank adalah pertaruhan yang buruk.","L'attività bancaria in superficie è più sicura quando il carico è pieno o la trivella è prossima alla rottura. Ora il minerale più ricco consuma anche più spazio di stiva, quindi il minerale non depositato è una brutta scommessa.",荷物がいっぱいのとき、またはドリルが壊れそうになっているときは、水面でバンクするのが最も安全です。より豊富な鉱石はより多くのホールドスペースを消費するため、銀行なしの鉱石は悪いギャンブルです。,화물이 가득 찼거나 드릴이 파손될 뻔한 경우 표면에서 뱅킹하는 것이 가장 안전합니다. 더 풍부한 광석은 이제 더 많은 보유 공간을 차지하므로 저장되지 않은 광석은 나쁜 도박입니다.,"Przechylanie się na powierzchnię jest najbezpieczniejsze, gdy ładunek jest pełny lub gdy wiertło jest bliskie zniszczenia. Bogatsza ruda pochłania teraz więcej miejsca w ładowniach, więc niezagospodarowana ruda to kiepskie ryzyko.","A inclinação na superfície é mais segura quando a carga está cheia ou a furadeira está prestes a quebrar. O minério mais rico também ocupa mais espaço de armazenamento agora, então o minério não bancado é uma má aposta.","Банковка на поверхности безопаснее всего, когда ваш груз полон или буровая установка близка к поломке. Более богатая руда теперь занимает больше места в хранилищах, поэтому неупакованная руда — плохая авантюра.",การกระแทกบนพื้นผิวจะปลอดภัยที่สุดเมื่อสินค้าของคุณเต็มหรือสว่านใกล้จะพัง แร่ที่ร่ำรวยขึ้นยังกินพื้นที่กักเก็บมากขึ้นในขณะนี้ ดังนั้นแร่ที่ไม่มีการสะสมจึงเป็นการพนันที่ไม่ดี,"Yükünüz dolu olduğunda veya matkabınız kırılmaya yakın olduğunda yüzeye yanaşmak en güvenli yoldur. Daha zengin cevher artık daha fazla depolama alanı tüketiyor, dolayısıyla bankaya yatırılmamış cevher kötü bir kumar.","Việc nghiêng trên bề mặt là an toàn nhất khi hàng hóa của bạn đã đầy hoặc máy khoan của bạn sắp bị hỏng. Quặng giàu hơn hiện cũng tiêu tốn nhiều không gian lưu giữ hơn, vì vậy quặng không có ngân hàng là một canh bạc tồi.",当货物已满或钻机即将损坏时，在水面倾斜是最安全的。现在，更丰富的矿石也会占用更多的存储空间，因此无银行存款的矿石是一场糟糕的赌博。
MINING_HINT_DEFAULT_3,Salvage drones are best when you want to stay glued to rich nodes instead of weaving around for loose drops.,تعتبر طائرات الإنقاذ بدون طيار هي الأفضل عندما تريد البقاء ملتصقًا بالعقد الغنية بدلاً من الالتفاف حول القطرات السائبة.,Els drons de salvament són els millors quan voleu mantenir-vos enganxats a nodes rics en lloc de moure's per obtenir gotes soltes.,"Záchranné drony jsou nejlepší, když chcete zůstat přilepeni k bohatým uzlům místo toho, abyste se proplétali pro volné kapky.","Bergungsdrohnen eignen sich am besten, wenn Sie an reichhaltigen Knoten festhalten möchten, anstatt nach losen Tropfen zu suchen.",Los drones de salvamento son mejores cuando quieres permanecer pegado a nodos ricos en lugar de andar buscando gotas sueltas.,Les drones de récupération sont les meilleurs lorsque vous souhaitez rester collé à des nœuds riches au lieu de vous faufiler à la recherche de gouttes libres.,"מזל""טים להצלה הם הטובים ביותר כאשר אתה רוצה להישאר דבוק לצמתים עשירים במקום לארוג סביב לטיפות רופפות.",Drone penyelamat adalah yang terbaik ketika Anda ingin tetap terpaku pada simpul yang kaya daripada mencari-cari tetesan yang lepas.,I droni di salvataggio sono i migliori quando vuoi rimanere incollato a nodi ricchi invece di girare in cerca di gocce sciolte.,サルベージドローンは、緩いドロップを求めて歩き回るのではなく、豊富なノードに釘付けになりたい場合に最適です。,회수 드론은 느슨한 낙하를 위해 이리저리 돌아다니는 대신 풍부한 노드에 붙어 있는 상태를 유지하려는 경우에 가장 좋습니다.,"Dron ratowniczy jest najlepszy, gdy chcesz pozostać przyklejony do bogatych węzłów, zamiast kręcić się w poszukiwaniu luźnych kropli.","Os drones de resgate são melhores quando você deseja ficar grudado em nós ricos, em vez de tecer em busca de gotas soltas.","Спасательные дроны лучше всего подходят, когда вы хотите оставаться приклеенными к богатым узлам, а не бродить вокруг в поисках свободных дронов.",โดรนกู้ชีพจะดีที่สุดเมื่อคุณต้องการติดอยู่กับโหนดที่มีความอุดมสมบูรณ์ แทนที่จะต้องวนเวียนไปมาเพื่อหาหยดที่หลุดลอย,"Kurtarma dronları, gevşek düşüşler için etrafta dolaşmak yerine zengin düğümlere bağlı kalmak istediğinizde en iyisidir.",Máy bay không người lái cứu hộ là lựa chọn tốt nhất khi bạn muốn dán mắt vào các nút phong phú thay vì đi loanh quanh để tìm những giọt lỏng lẻo.,当你想粘在丰富的节点上而不是四处寻找松散的掉落物时，打捞无人机是最好的选择。
MINING_HINT_DEFAULT_4,Delivery drones shine once cargo upgrades are online. They keep rich runs flowing while you stay in the field.,تتألق طائرات التوصيل بدون طيار بمجرد أن تكون ترقيات البضائع عبر الإنترنت. إنهم يحافظون على تدفق الأغنياء أثناء بقائك في الميدان.,Els drons de lliurament brillen quan les actualitzacions de càrrega estan en línia. Mantenen corrents riques mentre et quedes al camp.,"Doručovací drony zazáří, jakmile jsou aktualizace nákladu online. Udržují bohaté běhy plynulé, zatímco vy zůstanete v terénu.","Lieferdrohnen glänzen, sobald Fracht-Upgrades online sind. Sie sorgen für satte Läufe, während Sie auf dem Feld bleiben.",Los drones de reparto brillan una vez que las actualizaciones de carga están en línea. Mantienen el flujo de carreras ricas mientras permaneces en el campo.,Les drones de livraison brillent une fois que les mises à niveau du fret sont en ligne. Ils assurent le déroulement des courses riches pendant que vous restez sur le terrain.,"מזל""טים למשלוח זורחים ברגע ששדרוגי מטען יהיו מקוונים. הם ממשיכים לזרום ריצות עשירות בזמן שאתה נשאר בשטח.",Drone pengiriman bersinar setelah peningkatan kargo online. Mereka menjaga aliran kekayaan tetap mengalir saat Anda tetap berada di lapangan.,I droni per le consegne brillano una volta che gli aggiornamenti del carico sono online. Mantengono un flusso ricco mentre rimani sul campo.,貨物のアップグレードがオンラインになると、配送ドローンが威力を発揮します。あなたがフィールドにいる間も、リッチなランが流れ続けます。,화물 업그레이드가 온라인에 완료되면 배송 드론이 빛을 발합니다. 당신이 현장에 있는 동안 그들은 풍부한 흐름을 유지합니다.,"Drony dostawcze błyszczą, gdy ulepszenia ładunku są dostępne online. Zapewniają płynność bogatych tras, gdy Ty pozostajesz w terenie.",Os drones de entrega brilham quando as atualizações de carga estão online. Eles mantêm corridas ricas fluindo enquanto você permanece em campo.,"Дроны-доставщики засияют, как только появятся обновления грузов. Они обеспечивают успешный результат, пока вы остаетесь в поле.",โดรนส่งของจะเปล่งประกายเมื่อการอัปเกรดสินค้าออนไลน์ พวกเขาวิ่งอย่างต่อเนื่องในขณะที่คุณอยู่ในสนาม,Kargo yükseltmeleri çevrimiçi olduğunda teslimat drone'ları parlıyor. Siz sahada kalırken zengin koşuların akmasını sağlarlar.,Máy bay không người lái giao hàng tỏa sáng khi nâng cấp hàng hóa trực tuyến. Họ duy trì hoạt động giàu có trong khi bạn ở lại hiện trường.,一旦货物升级上线，送货无人机就会大放异彩。当您留在球场上时，它们可以让您保持丰富的跑动。
MINING_HINT_DEFAULT_5,"Depth Scanner unlocks harder layers, while Seismic Sonar helps those layers actually pay out with richer veins.",يفتح ماسح العمق الطبقات الأكثر صلابة، بينما يساعد السونار الزلزالي تلك الطبقات على الدفع فعليًا بأوردة أكثر ثراءً.,"L'escàner de profunditat desbloqueja capes més dures, mentre que el sonar sísmic ajuda a aquestes capes a pagar-se amb venes més riques.","Depth Scanner odemyká tvrdší vrstvy, zatímco Seismic Sonar pomáhá těmto vrstvám skutečně platit s bohatšími žilami.","Der Tiefenscanner erschließt härtere Schichten, während Seismic Sonar dabei hilft, diese Schichten tatsächlich mit reicheren Adern auszustatten.","Depth Scanner desbloquea capas más duras, mientras que Seismic Sonar ayuda a que esas capas realmente se desarrollen con vetas más ricas.","Depth Scanner déverrouille les couches les plus dures, tandis que Seismic Sonar aide ces couches à payer avec des veines plus riches.","Depth Scanner פותח שכבות קשות יותר, בעוד Seismic Sonar עוזר לשכבות הללו למעשה לשלם עם ורידים עשירים יותר.","Depth Scanner membuka lapisan yang lebih sulit, sementara Seismic Sonar membantu lapisan tersebut menghasilkan lapisan yang lebih kaya.","Il Depth Scanner sblocca gli strati più difficili, mentre il Sonar sismico aiuta quegli strati a ripagare con vene più ricche.",デプススキャナーはより硬い層のロックを解除し、地震ソナーはそれらの層がより豊かな静脈で実際に支払いを行うのに役立ちます。,Depth Scanner는 더 단단한 층의 잠금을 해제하고 Seismic Sonar는 해당 층이 실제로 더 풍부한 정맥으로 보상을 받을 수 있도록 도와줍니다.,"Skaner głębokości odblokowuje twardsze warstwy, podczas gdy sonar sejsmiczny pomaga tym warstwom faktycznie uzyskać bogatsze żyły.","O Depth Scanner desbloqueia camadas mais duras, enquanto o Seismic Sonar ajuda essas camadas a se apresentarem com veios mais ricos.","Сканер глубины открывает более твердые слои, а сейсмический эхолот помогает этим слоям окупиться более богатыми жилами.",เครื่องสแกนความลึกจะปลดล็อคเลเยอร์ที่แข็งกว่า ในขณะที่ Seismic Sonar จะช่วยให้เลเยอร์เหล่านั้นจ่ายออกไปด้วยเส้นเลือดที่สมบูรณ์ยิ่งขึ้น,Derinlik Tarayıcısı daha sert katmanların kilidini açarken Sismik Sonar da bu katmanların daha zengin damarlarla karşılığını almasına yardımcı olur.,"Máy quét độ sâu mở khóa các lớp cứng hơn, trong khi Sonar địa chấn giúp các lớp đó thực sự phát huy tác dụng với các mạch phong phú hơn.",深度扫描仪解锁更坚硬的层，而地震声纳帮助这些层真正释放出更丰富的静脉。
MINING_MONEY_CHART_TITLE,Money by mineral,المال بالمعادن,Diners per mineral,Peníze podle minerálů,Geld durch Mineralien,Dinero por mineral,Argent par minéral,כסף לפי מינרל,Uang demi mineral,Soldi per minerale,鉱物によるお金,광물로 돈을 벌다,Pieniądze według minerałów,Dinheiro por mineral,Деньги по минералам,เงินโดยแร่,Maden yoluyla para,Tiền theo khoáng sản,按矿物赚钱
MINING_MONEY_CHART_EMPTY,No banked cargo this run.,لا توجد بضائع مصرفية هذا المدى.,No hi ha càrrega acumulada en aquesta cursa.,V této jízdě žádný přeložený náklad.,Bei dieser Fahrt gibt es keine Bankfracht.,No hay carga acumulada en este recorrido.,Pas de fret en banque pour ce trajet.,אין מטען בנקאי בריצה זו.,Tidak ada kargo yang membelok dalam perjalanan ini.,Nessun carico inclinato durante questa corsa.,今回は積み荷はありません。,이번 운행에는 보관된 화물이 없습니다.,W tej trasie nie ma ładunku złożonego w banku.,Nenhuma carga depositada nesta corrida.,В этом рейсе никакого груза в банках.,ไม่มีการขนส่งสินค้าทางธนาคารในการวิ่งครั้งนี้,Bu seferde bankaya kargo yok.,Không có hàng hóa ngân hàng chạy này.,本次运行没有银行货物。
MINING_PERFORMANCE_TITLE,Ore flow and performance,تدفق الخام والأداء,Flux i rendiment del mineral,Průtok a výkon rudy,Erzfluss und Leistung,Flujo y rendimiento del mineral,Flux et performances du minerai,זרימת עפרות וביצועים,Aliran dan kinerja bijih,Flusso e prestazioni del minerale,鉱石の流れと性能,광석 흐름 및 성능,Przepływ rudy i wydajność,Fluxo e desempenho de minério,Поток и производительность руды,การไหลของแร่และสมรรถนะ,Cevher akışı ve performansı,Dòng quặng và hiệu suất,矿石流量和性能
MINING_PERFORMANCE_ORE_COLLECTED,Ore collected,خام تم جمعها,Mineral recollit,Sbírána ruda,Erz gesammelt,Mineral recolectado,Minerai collecté,עפרות נאספו,Bijih dikumpulkan,Minerale raccolto,集めた鉱石,광석 수집,Ruda zebrana,Minério coletado,Руда собрана,แร่ที่เก็บรวบรวม,Toplanan cevher,Quặng thu thập,收集矿石
MINING_PERFORMANCE_LEFT_BEHIND,Left behind,تركت وراءها,Quedat enrere,Zůstal pozadu,Zurückgelassen,dejado atrás,Laissé pour compte,נשאר מאחור,Tertinggal,Lasciato indietro,取り残された,남겨진,Pozostawiony,Deixado para trás,Оставленный позади,ทิ้งไว้ข้างหลัง,Geride kaldı,Bị bỏ lại phía sau,落在后面
MINING_PERFORMANCE_COLLECTED_BY_DRONES,Collected by drones,تم جمعها بواسطة طائرات بدون طيار,Recollida per drons,Sbíráno drony,Von Drohnen gesammelt,Recogido por drones,Collecté par des drones,"נאסף על ידי מזל""טים",Dikumpulkan oleh drone,Raccolti dai droni,ドローンで収集,드론으로 수집,Zbierane przez drony,Coletado por drones,Собрано дронами,รวบรวมโดยโดรน,Drone'larla toplandı,Được thu thập bởi máy bay không người lái,无人机收集
MINING_PERFORMANCE_DELIVERED_BY_DRONES,Delivered by drones,تسليمها بواسطة طائرات بدون طيار,Lliurat per drons,Doručují drony,Lieferung durch Drohnen,Entregado por drones,Livré par drones,"נמסר על ידי מל""טים",Dikirim dengan drone,Consegnato dai droni,ドローンによる配送,드론으로 배달,Dostarczone dronami,Entregue por drones,Доставлено дронами,จัดส่งโดยโดรน,Drone'larla teslim edildi,Giao hàng bằng máy bay không người lái,由无人机运送
MINING_PERFORMANCE_NODES_BROKEN,Nodes broken,العقد مكسورة,Nodes trencats,Uzly zlomené,Knoten kaputt,Nodos rotos,Nœuds cassés,צמתים שבורים,Node rusak,Nodi rotti,ノードが壊れました,노드가 손상됨,Węzły zerwane,Nós quebrados,Узлы сломаны,โหนดเสีย,Düğümler kırıldı,Nút bị hỏng,节点损坏
MINING_VAR_DOWN,Var -,فار -,Var -,var -,Var -,Var-,Var -,ואר -,Var-,Var -,ヴァール -,바르 -,Var -,Var-,Вар -,วาร์ -,Var -,Var -,变量 -
MINING_VAR_UP,Var +,فار +,Var +,Var +,Var +,Var +,Var +,Var +,Var+,Var+,変数 +,바르 +,Var +,Var +,Вар +,วาร์ +,Var +,Var +,变量+
MINING_REROLL,Reroll,إعادة التدوير,Torna a tirar,Přetočit,Wiederholen,Volver a tirar,Relancer,גלגל מחדש,Putar ulang,Rilancio,リセマラ,재굴림,Rzuć ponownie,Role novamente,Переролл,ม้วนซ้ำ,Yeniden kaydet,Quay lại,重新滚动
MINING_END_RUN,End Run,حيلة يراد بها التملص,Finalitzar la carrera,Ukončit běh,Lauf beenden,Finalizar ejecución,Moyen détourné,סוף ריצה,Akhiri Jalankan,Fine corsa,エンドラン,종료 실행,Koniec biegu,Finalizar corrida,Конец пробега,สิ้นสุดการวิ่ง,Koşuyu Sonlandır,Kết thúc cuộc chạy,结束运行
MINING_VAR_DOWN_TOOLTIP,Lower variation bias. Dot {0}  Mineral {1}  Bg crack {2},انخفاض التحيز الاختلاف. نقطة {0} معدنية {1} صدع Bg {2},Menor biaix de variació. Punt {0} Mineral {1} ​​Bg esquerda {2},Nižší variační zkreslení. Dot {0} Mineral {1} ​​Bg crack {2},Geringerer Variationsbias. Punkt {0} Mineral {1} ​​Bg Crack {2},Menor sesgo de variación. Punto {0} Mineral {1} ​​Grieta Bg {2},Biais de variation plus faible. Point {0} Minéral {1} ​​Fissure Bg {2},הטיית וריאציה נמוכה יותר. נקודה {0} מינרל {1} Bg crack {2},Bias variasi yang lebih rendah. Titik {0} Mineral {1} ​​Bg retak {2},Distorsione da variazione inferiore. Punto {0} Minerale {1} Bg crepa {2},変動バイアスが低くなります。ドット {0} ミネラル {1} BG クラック {2},낮은 변형 편향. 도트 {0} 미네랄 {1} Bg 균열 {2},Niższe odchylenie zmienności. Kropka {0} Mineralna {1} Pęknięcie Bg {2},Menor viés de variação. Ponto {0} Mineral {1} ​​Rachadura Bg {2},Смещение более низкой вариации. Точка {0} Минерал {1} Bg трещина {2},อคติการเปลี่ยนแปลงที่ต่ำกว่า จุด {0} แร่ {1} Bg ร้าว {2},Daha düşük varyasyon yanlılığı. Nokta {0} Mineral {1} ​​Bg çatlağı {2},Độ lệch biến đổi thấp hơn. Chấm {0} Khoáng sản {1} Vết nứt Bg {2},较低的变异偏差。点{0}矿物{1}背景裂纹{2}
MINING_VAR_UP_TOOLTIP,Raise variation bias. Dot {0}  Mineral {1}  Bg crack {2},رفع التحيز الاختلاف. نقطة {0} معدنية {1} صدع Bg {2},Augmentar el biaix de variació. Punt {0} Mineral {1} ​​Bg esquerda {2},Zvýšit variační zkreslení. Dot {0} Mineral {1} ​​Bg crack {2},Erhöhen Sie den Variationsbias. Punkt {0} Mineral {1} ​​Bg Crack {2},Aumentar el sesgo de variación. Punto {0} Mineral {1} ​​Grieta Bg {2},Augmenter le biais de variation. Point {0} Minéral {1} ​​Fissure Bg {2},הגדל את הטיית הווריאציה. נקודה {0} מינרל {1} Bg crack {2},Tingkatkan bias variasi. Titik {0} Mineral {1} ​​Bg retak {2},Aumentare la distorsione della variazione. Punto {0} Minerale {1} Bg crepa {2},変動バイアスを上げる。ドット {0} ミネラル {1} BG クラック {2},변형 편향을 높입니다. 도트 {0} 미네랄 {1} Bg 균열 {2},Zwiększ błąd zmienności. Kropka {0} Mineralna {1} Pęknięcie Bg {2},Aumente o viés de variação. Ponto {0} Mineral {1} ​​Rachadura Bg {2},Увеличьте смещение вариации. Точка {0} Минерал {1} Bg трещина {2},เพิ่มอคติต่อการเปลี่ยนแปลง จุด {0} แร่ {1} Bg ร้าว {2},Varyasyon önyargısını artırın. Nokta {0} Mineral {1} ​​Bg çatlağı {2},Tăng độ lệch biến thể. Chấm {0} Khoáng sản {1} Vết nứt Bg {2},提高变异偏差。点{0}矿物{1}背景裂纹{2}
MINING_REROLL_TOOLTIP,Reroll cosmetic variant. Dot {0}  Mineral {1}  Bg crack {2}  Seed {3},إعادة تشغيل البديل التجميلي. نقطة {0} معدنية {1} صدع Bg {2} بذور {3},Torneu a enrotllar la variant cosmètica. Punt {0} Mineral {1} ​​Bg crack {2} Llavor {3},Kosmetická varianta Reroll. Tečka {0} Minerální {1} Bg crack {2} Semena {3},Kosmetische Variante erneut ausrollen. Punkt {0} Mineral {1} ​​Bg Crack {2} Samen {3},Vuelva a lanzar la variante cosmética. Punto {0} Mineral {1} ​​Grieta Bg {2} Semilla {3},Relancez la variante cosmétique. Point {0} Minéral {1} ​​Fissure Bg {2} Graine {3},גרסה קוסמטית מחדש. נקודה {0} מינרל {1} Bg crack {2} זרע {3},Reroll varian kosmetik. Titik {0} Mineral {1} ​​Bg retak {2} Biji {3},Rilancia la variante estetica. Punto {0} Minerale {1} Bg crack {2} Seme {3},化粧品のバリエーションをリロールします。ドット {0} 鉱物 {1} BG クラック {2} 種子 {3},장식용 변형을 다시 롤업합니다. 도트 {0} 미네랄 {1} Bg 균열 {2} 시드 {3},Przerzuć wariant kosmetyczny. Kropka {0} Minerał {1} Pęknięcie Bg {2} Nasiona {3},Role novamente a variante cosmética. Ponto {0} Mineral {1} ​​Rachadura Bg {2} Semente {3},Косметический вариант реролла. Точка {0} Минерал {1} Bg трещина {2} Семя {3},สุ่มตัวเลือกเครื่องสำอางใหม่ จุด {0} แร่ {1} Bg แตก {2} เมล็ด {3},Kozmetik varyantı yeniden kaydedin. Nokta {0} Mineral {1} ​​Bg çatlak {2} Tohum {3},Reroll biến thể mỹ phẩm. Chấm {0} Khoáng chất {1} Vết nứt Bg {2} Hạt giống {3},重新滚动装饰变体。点 {0} 矿物 {1} Bg 裂纹 {2} 种子 {3}
MINING_EFFECT_THIS_LEVEL,This level:,هذا المستوى:,Aquest nivell:,Tato úroveň:,Dieses Level:,Este nivel:,Ce niveau :,רמה זו:,Tingkat ini:,Questo livello:,このレベル:,이 수준:,Ten poziom:,Este nível:,Этот уровень:,ระดับนี้:,Bu seviye:,Mức độ này:,这个级别：
MINING_EFFECT_EACH_LEVEL_GROUP,Each level in this group:,كل مستوى في هذه المجموعة:,Cada nivell d'aquest grup:,Každá úroveň v této skupině:,Jede Ebene in dieser Gruppe:,Cada nivel en este grupo:,Chaque niveau de ce groupe :,כל רמה בקבוצה זו:,Setiap level dalam grup ini:,Ogni livello in questo gruppo:,このグループの各レベル:,이 그룹의 각 수준은 다음과 같습니다.,Każdy poziom w tej grupie:,Cada nível neste grupo:,Каждый уровень в этой группе:,แต่ละระดับในกลุ่มนี้:,Bu gruptaki her seviye:,Mỗi cấp độ trong nhóm này:,该组中的每个级别：
MINING_EFFECT_LEVEL_RANGE, (Lv {0}-{1}).,(المستوى {0}-{1}).,(Niv {0}-{1}).,(Lv {0}-{1}).,(Stufe {0}-{1}).,(Nivel {0}-{1}).,(Niv {0}-{1}).,(Lv {0}-{1}).,(Lv {0}-{1}).,(Liv {0}-{1}).,(Lv{0}～{1})。,(레벨 {0}-{1}).,(Poz. {0}-{1}).,(Nível {0}-{1}).,(Уровни {0}-{1}).,(เลเวล {0}-{1}),(Sv {0}-{1}).,(Cấp {0}-{1}).,（等级 {0}-{1}）。
MINING_EFFECT_RUN_TIME,+{0}s run time,+{0}وقت التشغيل,+{0}s de temps d'execució,+{0}s,+{0}s Laufzeit,+{0}s tiempo de ejecución,+{0}s de temps d'exécution,+{0} זמן ריצה,+{0} waktu berjalan,+{0} s di tempo di esecuzione,+{0} 秒の実行時間,+{0}초의 실행 시간,+{0} czas działania,+{0}s de tempo de execução,+{0} сек. времени работы,+{0} เวลาทำงาน,+{0}sn çalışma süresi,+{0} thời gian chạy,+{0}s 运行时间
MINING_EFFECT_MOVE_SPEED,+{0} move speed,+{0} سرعة الحركة,+{0} velocitat de moviment,+{0} rychlost pohybu,+{0} Bewegungsgeschwindigkeit,+{0} velocidad de movimiento,+{0} vitesse de déplacement,+{0} מהירות תנועה,+{0} kecepatan bergerak,+{0} velocità di movimento,移動速度 +{0},+{0} 이동 속도,+{0} prędkość poruszania się,+{0} velocidade de movimento,+{0} скорость передвижения,+{0} ความเร็วในการเคลื่อนที่,+{0} hareket hızı,+{0} tốc độ di chuyển,+{0} 移动速度
MINING_EFFECT_DIRT_SPEED_MULT,+{0}% dirt speed multiplier,+{0}% مضاعف سرعة الأوساخ,+{0}% multiplicador de velocitat de brutícia,+{0}% násobitel rychlosti znečištění,+{0} % Schmutzgeschwindigkeitsmultiplikator,+{0}% multiplicador de velocidad en tierra,+{0} % de multiplicateur de vitesse de saleté,+{0}% מכפיל מהירות הלכלוך,+{0}% pengganda kecepatan tanah,+{0}% moltiplicatore di velocità sullo sporco,ダートスピード乗数 + {0}%,+{0}% 먼지 속도 배율,+{0}% mnożnika prędkości brudu,+{0}% de multiplicador de velocidade em terra,+{0}% множитель скорости по грязи,ตัวคูณความเร็วดิน +{0}%,+%{0} toprak hızı çarpanı,+{0}% hệ số tốc độ đường đất,+{0}% 泥土速度倍增
MINING_EFFECT_TIMER_DRAIN,-{0}% timer drain,-{0}% استنزاف المؤقت,-{0}% d'esgotament del temporitzador,-{0}% vyčerpání časovače,-{0} % Timer-Entleerung,-{0}% de drenaje del temporizador,-{0} % de consommation de minuterie,-{0}% ניקוז טיימר,-{0}% pengurasan waktu,-{0}% consumo del timer,-{0}% タイマーの消耗,-{0}% 타이머 소모,-{0}% zużycia czasu,-{0}% de consumo do cronômetro,-{0}% истощения таймера,-{0}% การระบายของตัวจับเวลา,-%{0} zamanlayıcı boşaltma,-{0}% hao bộ hẹn giờ,-{0}% 计时器消耗
MINING_EFFECT_DRILL_DPS,+{0} drill DPS,+{0} حفر DPS,+{0} perforació DPS,+{0} vrtání DPS,+{0} Bohr-DPS,+{0} DPS de perforación,+{0} DPS de forage,+{0} תרגיל DPS,+{0} bor DPS,+{0} esercitazione DPS,+{0} ドリル DPS,+{0} 드릴 DPS,+{0} wiertarka DPS,+{0} DPS de treino,+{0} тренировочный урон в секунду,+{0} DPS การเจาะ,+{0} sondaj DPS'si,+{0} khoan DPS,+{0} 训练 DPS
MINING_EFFECT_DRILL_HEALTH,+{0} drill health,+{0} صحة الحفر,+{0} estat de perforació,+{0} stav vrtání,+{0} Bohrergesundheit,+{0} estado de perforación,+ {0} état de santé de l'exercice,+{0} בריאות תרגיל,+{0} kesehatan bor,+{0} salute dell'esercitazione,+{0} ドリルのヘルス,+{0} 드릴 상태,+{0} zdrowie ćwiczeń,+{0} perfurar integridade,+{0} здоровья тренировки,+{0} พลังชีวิตการเจาะ,+{0} tatbikat sağlığı,+{0} sức khỏe khoan,+{0} 钻头健康状况
MINING_EFFECT_DRILL_WEAR,-{0}% drill wear,-{0}% تآكل الحفر,-{0}% de desgast de la perforació,-{0}% opotřebení vrtáku,-{0} % Bohrerverschleiß,-{0}% de desgaste de la perforación,-{0} % d'usure du foret,-{0}% בלאי במקדחה,-{0}% keausan bor,-{0}% di usura della punta,-{0}% ドリル摩耗,-{0}% 드릴 마모,-{0}% zużycia wiertła,-{0}% de desgaste da broca,-{0} % износ сверла,-{0}% การสึกหรอของการเจาะ,-%{0} matkap aşınması,-{0}% độ mòn của mũi khoan,-{0}% 钻头磨损
MINING_EFFECT_ORE_VALUE,+{0}% ore value,+{0}% قيمة الخام,+{0}% del valor del mineral,+{0} % hodnoty rudy,+{0} % Erzwert,+{0} % del valor del mineral,+{0} % de la valeur du minerai,+{0}% ערך עפרה,+{0}% nilai bijih,+{0}% valore del minerale,+{0}% 鉱石価値,+{0}% 광석 가치,+{0}% wartości rudy,+{0}% de valor do minério,+{0}% стоимости руды,+{0}% มูลค่าแร่,+%{0} cevher değeri,+{0}% giá trị quặng,+{0}% 矿石价值
MINING_EFFECT_PICKUP_RADIUS,+{0} pickup radius,+{0} نصف قطر الالتقاط,+{0} radi de recollida,+ {0} rádius vyzvednutí,+{0} Abholradius,+{0} radio de recogida,+{0} rayon de ramassage,+{0} רדיוס איסוף,+{0} radius penjemputan,+{0} raggio di ritiro,+{0} 乗車半径,+{0} 픽업 반경,+{0} promień odbioru,+{0} raio de coleta,+{0} радиус посадки,+{0} รัศมีการรับ,+{0} teslim alma yarıçapı,+{0} bán kính đón,+{0} 拾取半径
MINING_EFFECT_XP_GAIN,+{0}% XP gain,+{0}% ربح XP,+{0}% de guany d'EXP,+{0} % zisk XP,+{0} % XP-Gewinn,+{0} % de ganancia de XP,+{0} % de gain d'XP,+{0}% עלייה ב-XP,+{0}% perolehan XP,+{0}% di guadagno XP,+{0}% XP 獲得,+{0}% XP 획득,+{0}% przyrostu PD,+{0}% de ganho de XP,+{0}% прироста опыта,+{0}% XP ที่ได้รับ,+%{0} XP kazancı,+{0}% XP tăng,+{0}% XP 增益
MINING_EFFECT_MAX_UNLOCKED_DEPTH,+1 max unlocked depth,+1 أقصى عمق مفتوح,+1 de profunditat màxima desbloquejada,+1 maximální odemčená hloubka,+1 maximale freigeschaltete Tiefe,+1 profundidad máxima desbloqueada,+1 profondeur maximale débloquée,+1 עומק מקסימלי לא נעול,+1 kedalaman maksimal tidak terkunci,+1 profondità massima sbloccata,+1 最大ロック解除深度,최대 잠금 해제 깊이 +1,+1 maksymalna odblokowana głębokość,+1 profundidade máxima desbloqueada,+1 максимальная открытая глубина,+1 ความลึกที่ปลดล็อคสูงสุด,+1 maksimum kilitlenmemiş derinlik,+1 độ sâu mở khóa tối đa,+1 最大解锁深度
MINING_EFFECT_TOP_TIER_ORE_WEIGHT,+0.55 top-tier ore weight,+0.55 وزن خام من الدرجة الأولى,"+0,55 pes de mineral de primer nivell","+0,55 hmotnost rudy nejvyšší úrovně","+0,55 Erzgewicht der höchsten Stufe",+0.55 peso de mineral de primer nivel,"+0,55 poids de minerai de niveau supérieur",+0.55 משקל עפרות ברמה העליונה,"+0,55 berat bijih tingkat atas","+0,55 peso del minerale di livello superiore",最上位鉱石重量 +0.55,+0.55 최상위 광석 무게,"+0,55 masy rudy najwyższego poziomu","+0,55 peso de minério de nível superior","+0,55 к весу руды высшего уровня.",+0.55 น้ำหนักแร่ระดับสูง,"+0,55 üst düzey cevher ağırlığı","+0,55 trọng lượng quặng cấp cao nhất",+0.55 顶级矿石重量
MINING_EFFECT_NEAR_TOP_ORE_WEIGHT,+0.24 near-top ore weight,+0.24 وزن الخام القريب من الأعلى,"+0,24 pes de mineral proper a la part superior","+0,24 téměř horní hmotnost rudy","+0,24 Erzgewicht nahe der Spitze",+0.24 peso de mineral cercano a la cima,"+0,24 poids de minerai proche du sommet",+0.24 משקל עפרות קרוב לראש,"+0,24 berat bijih mendekati puncak","+0,24 peso del minerale quasi superiore",+0.24 ニアトップ鉱石重量,+0.24 상단 근처 광석 중량,"+0,24 masy rudy w pobliżu szczytu","+0,24 peso de minério próximo ao topo","+0,24 к весу руды в верхней части",+0.24 น้ำหนักแร่ใกล้ด้านบน,"+0,24 tepeye yakın cevher ağırlığı","+0,24 trọng lượng quặng gần đỉnh",+0.24 近顶矿石重量
MINING_EFFECT_OLDER_TIER_WEIGHT,-0.05 older-tier weight,-0.05 وزن الطبقة الأقدم,"-0,05 pes de nivell més antic","-0,05 váha starší řady","-0,05 Gewicht der älteren Stufe","-0,05 peso del nivel anterior","-0,05 poids de niveau plus ancien",-0.05 משקל מדרג ישן יותר,"-0,05 bobot tingkat yang lebih tua","-0,05 peso del livello precedente",-0.05 旧層の重み,-0.05 이전 등급 가중치,"-0,05 wagi starszego poziomu","-0,05 peso da camada mais antiga","-0,05 веса старшего уровня",-0.05 น้ำหนักระดับเก่า,"-0,05 eski seviye ağırlığı","-0,05 trọng lượng cũ hơn",-0.05 较旧的重量
MINING_EFFECT_SALVAGE_LANE_SPEED,+{0} salvage lane speed,+{0} سرعة حارة الإنقاذ,+{0} velocitat de salvament del carril,+{0} rychlost záchranného pruhu,+{0} Geschwindigkeit der Bergungsspur,+{0} velocidad del carril de salvamento,+ {0} vitesse de la voie de récupération,+{0} מהירות נתיב הצלה,+{0} kecepatan jalur penyelamatan,+{0} velocità della corsia di salvataggio,+{0} サルベージレーン速度,+{0} 회수 차선 속도,+{0} prędkość linii ratunkowej,+{0} velocidade da pista de resgate,+{0} скорость аварийного маршрута,+{0} ความเร็วเลนกอบกู้,+{0} kurtarma şeridi hızı,+{0} tốc độ làn đường cứu hộ,+{0} 救援车道速度
MINING_EFFECT_DELIVERY_LANE_SPEED,+{0} delivery lane speed,+{0} سرعة حارة التسليم,+{0} velocitat del carril de lliurament,+{0} rychlost dodacího pruhu,+{0} Geschwindigkeit der Lieferspur,+{0} velocidad del carril de entrega,+ {0} vitesse du couloir de livraison,+{0} מהירות נתיב מסירה,+{0} kecepatan jalur pengiriman,+{0} velocità della corsia di consegna,+{0} 配送レーンの速度,+{0} 배송 차선 속도,+{0} prędkość linii dostaw,+{0} velocidade da pista de entrega,+{0} скорость линии доставки,+{0} ความเร็วช่องทางจัดส่ง,+{0} teslimat şeridi hızı,+{0} tốc độ làn đường giao hàng,+{0} 送货通道速度
MINING_EFFECT_DISPATCH_WINDOW,-{0}s dispatch window,-{0}نافذة الإرسال,-{0}s finestra d'enviament,-{0}s expediční okno,-{0}s Versandfenster,-{0}s ventana de envío,-{0}période d'envoi,- חלון השליחה של {0},-{0}jendela pengiriman,-{0} finestra di spedizione,-{0} のディスパッチウィンドウ,-{0}의 디스패치 창,-{0} okno wysyłki,-{0} janela de envio,-{0} окно отправки,-{0}หน้าต่างการจัดส่ง,-{0}'in gönderim penceresi,-{0} cửa sổ gửi thư,-{0} 的调度窗口
MINING_EFFECT_CARGO_SLOT_ONE,+{0} cargo slot,+{0} فتحة الحمولة,+{0} ranura de càrrega,+{0} nákladový prostor,+{0} Frachtplatz,+{0} espacio de carga,+{0} emplacement de chargement,+{0} חריץ מטען,+{0} slot kargo,+{0} slot di carico,+{0} 個の貨物スロット,+{0} 화물칸,+{0} miejsce na ładunek,+{0} compartimento de carga,+{0} грузовой слот,+{0} ช่องเก็บสัมภาระ,+{0} kargo yuvası,+{0} chỗ chở hàng,+{0} 个货位
MINING_EFFECT_CARGO_SLOT_MANY,+{0} cargo slots,+{0} فتحات الحمولة,+{0} ranures de càrrega,+ {0} nákladových slotů,+{0} Frachtplätze,+{0} espacios de carga,+{0} emplacements de chargement,+{0} חריצי מטען,+{0} slot kargo,+{0} slot di carico,+{0} 個の貨物スロット,+{0} 화물 슬롯,+{0} miejsc na ładunki,+{0} slots de carga,+{0} грузовых слотов,+{0} ช่องเก็บสินค้า,+{0} kargo yuvası,+{0} chỗ chở hàng,+{0} 个货位
MINING_EFFECT_SALVAGE_DRONE_ONE,+{0} salvage drone,+{0} طائرة الإنقاذ بدون طيار,+{0} dron de rescat,+{0} záchranný dron,+{0} Bergungsdrohne,+{0} dron de salvamento,+{0} drone de récupération,"+{0} מזל""ט חילוץ",+{0} drone penyelamat,+{0} drone di salvataggio,+{0} サルベージドローン,+{0} 회수 드론,+{0} dron ratowniczy,+{0} drone de resgate,+{0} спасательный дрон,+{0} โดรนกอบกู้,+{0} kurtarma drone'u,+{0} máy bay không người lái cứu hộ,+{0} 救援无人机
MINING_EFFECT_SALVAGE_DRONE_MANY,+{0} salvage drones,+{0} طائرات الإنقاذ بدون طيار,+{0} drons de rescat,+{0} záchranných dronů,+{0} Bergungsdrohnen,+{0} drones de salvamento,+{0} drones de récupération,"+{0} מזל""טים להצלה",+{0} penyelamatan drone,+{0} droni di salvataggio,+{0} 機のサルベージドローン,+{0} 회수 드론,+{0} drony ratownicze,+{0} drones de resgate,+{0} спасательные дроны,โดรนกู้ภัย +{0} ลำ,+{0} kurtarma uçağı,+{0} máy bay không người lái cứu hộ,+{0} 救援无人机
MINING_EFFECT_DELIVERY_DRONE_ONE,+{0} delivery drone,+{0} طائرة توصيل بدون طيار,+{0} dron de lliurament,+{0} doručovací dron,+{0} Lieferdrohne,+{0} dron de entrega,+{0} drone de livraison,"+{0} מזל""ט משלוח",+{0} pengiriman drone,+{0} drone per consegne,+{0} 配送ドローン,+{0} 배달 드론,+{0} dron dostawczy,+{0} drone de entrega,+{0} дрон-доставщик,+{0} โดรนส่งของ,+{0} teslimat drone'u,+{0} máy bay không người lái giao hàng,+{0} 送货无人机
MINING_EFFECT_DELIVERY_DRONE_MANY,+{0} delivery drones,+{0} طائرات التوصيل بدون طيار,+{0} drons de lliurament,+ {0} doručovacích dronů,+{0} Lieferdrohnen,+{0} drones de reparto,+{0} drones de livraison,"+{0} מל""טים למסירה",+{0} pengiriman drone,+{0} droni per le consegne,+{0} 台の配達用ドローン,+{0} 배달 드론,+{0} drony dostawcze,+{0} drones de entrega,+{0} дроны-доставщики,+{0} โดรนส่งของ,+{0} teslimat uçağı,+{0} máy bay không người lái giao hàng,+{0} 无人机送货
MINING_EFFECT_CARGO_SPACE_PER_DISPATCH,+{0} cargo space per dispatch,+{0} مساحة الشحن لكل إرسالية,+{0} espai de càrrega per enviament,+ {0} nákladového prostoru na odeslání,+{0} Laderaum pro Versand,+{0} espacio de carga por despacho,+{0} espace de chargement par expédition,+{0} שטח מטען לכל משלוח,+{0} ruang kargo per pengiriman,+{0} spazio di carico per spedizione,発送ごとに +{0} 個の貨物スペース,발송당 화물 공간 +{0},+{0} przestrzeni ładunkowej na przesyłkę,+{0} espaço de carga por expedição,+{0} грузового пространства за отправку,+{0} พื้นที่บรรทุกสินค้าต่อการจัดส่ง,Gönderi başına +{0} kargo alanı,+{0} chỗ chứa hàng cho mỗi lần gửi hàng,每次发货 +{0} 货舱空间
MINING_EFFECT_UNLOCK_ONLY,Effect applied on unlock.,يتم تطبيق التأثير على فتح القفل.,Efecte aplicat al desbloqueig.,Efekt aplikovaný na odemknutí.,Effekt wird beim Entsperren angewendet.,Efecto aplicado al desbloquear.,Effet appliqué au déverrouillage.,ההשפעה הוחל על ביטול הנעילה.,Efek diterapkan saat membuka kunci.,Effetto applicato allo sblocco.,ロック解除時に適用される効果。,잠금 해제 시 효과가 적용됩니다.,Efekt zastosowany po odblokowaniu.,Efeito aplicado no desbloqueio.,Эффект применяется при разблокировке.,เอฟเฟกต์ที่ใช้เมื่อปลดล็อค,Kilit açmada efekt uygulandı.,Hiệu ứng được áp dụng khi mở khóa.,解锁时应用效果。
MINING_MATERIAL_CYCLE_FORMAT,{0} {1},{0} {1},{0} {1},{0} {1},{0} {1},{0} {1},{0} {1},{0} {1},{0} {1},{0} {1},{0} {1},{0} {1},{0} {1},{0} {1},{0} {1},{0} {1},{0} {1},{0} {1},{0} {1}
MINING_MATERIAL_STONE_NAME,Stone,حجر,Pedra,Kámen,Stein,Piedra,Pierre,אֶבֶן,Batu,Calcolo,石,결석,Kamień,Pedra,Камень,หิน,Taş,Cục đá,石头
MINING_MATERIAL_BRONZE_NAME,Bronze,برونزية,Bronze,Bronz,Bronze,Bronce,Bronze,בְּרוֹנזָה,Perunggu,Bronzo,ブロンズ,청동,Brązowy,Bronze,Бронза,สีบรอนซ์,Bronz,đồng,青铜
MINING_MATERIAL_SILVER_NAME,Silver,فضي,Plata,Stříbro,Silber,Plata,Argent,כֶּסֶף,Perak,Argento,銀,은,Srebrny,Prata,Серебро,เงิน,Gümüş,Bạc,银
MINING_MATERIAL_GOLD_NAME,Gold,ذهب,Or,Zlato,Gold,Oro,Or,זָהָב,Emas,Oro,金,금,Złoto,Ouro,Золото,ทอง,Altın,Vàng,金子
MINING_MATERIAL_DIAMOND_NAME,Diamond,الماس,Diamant,Diamant,Diamant,Diamante,Diamant,יַהֲלוֹם,Berlian,Diamante,ダイヤモンド,다이아몬드,Diament,Diamante,Алмаз,เพชร,Elmas,Kim cương,钻石
MINING_MATERIAL_PLATINUM_BRONZE_NAME,Platinum Bronze,البرونزية البلاتينية,Bronze Platí,Platinový bronz,Platinbronze,Bronce Platino,Platine Bronze,פלטינה ברונזה,Perunggu Platina,Bronzo Platino,プラチナブロンズ,플래티넘 브론즈,Platynowy Brąz,Platina Bronze,Платиновая бронза,แพลตตินัมบรอนซ์,Platin Bronz,Đồng bạch kim,白金铜牌
MINING_MATERIAL_PLATINUM_SILVER_NAME,Platinum Silver,الفضة البلاتينية,Plata Platí,Platinum Silver,Platin-Silber,Platino Plata,Platine Argent,פלטינה כסף,Perak Platinum,Argento platino,プラチナシルバー,플래티넘 실버,Platynowe srebro,Prata Platina,Платина Серебро,แพลทินัมซิลเวอร์,Platin Gümüş,Bạc bạch kim,白金银
MINING_MATERIAL_PLATINUM_GOLD_NAME,Platinum Gold,الذهب البلاتيني,Or Platí,Platinum Gold,Platin-Gold,Platino Oro,Platine Or,פלטינה זהב,Emas Platina,Platino Oro,プラチナゴールド,플래티넘 골드,Platynowe złoto,Ouro Platina,Платина Золото,แพลทินัมโกลด์,Platin Altın,Vàng bạch kim,白金金
MINING_MATERIAL_PLATINUM_DIAMOND_NAME,Platinum Diamond,الماس البلاتيني,Diamant de platí,Platinový diamant,Platin-Diamant,Diamante Platino,Diamant Platine,יהלום פלטינה,Berlian Platinum,Diamante di platino,プラチナ ダイヤモンド,플래티넘 다이아몬드,Platynowy diament,Diamante Platina,Платиновый Бриллиант,แพลทินัม ไดมอนด์,Platin Elmas,Kim cương bạch kim,白金钻石
MINING_MATERIAL_SUPER_BRONZE_NAME,Super Bronze,سوبر برونزية,Super Bronze,Super bronz,Superbronze,Súper Bronce,Super Bronze,סופר ברונזה,Perunggu Super,Bronzo eccellente,スーパーブロンズ,슈퍼 브론즈,Super brąz,Superbronze,Супер Бронза,ซุปเปอร์บรอนซ์,Süper Bronz,Siêu đồng,超级铜牌
MINING_MATERIAL_SUPER_SILVER_NAME,Super Silver,سوبر سيلفر,Super Plata,Super stříbro,Supersilber,Súper Plata,Super argent,סופר כסף,Perak Super,Argento eccellente,スーパーシルバー,슈퍼실버,Super srebro,Superprata,Супер серебро,ซุปเปอร์ซิลเวอร์,Süper Gümüş,Siêu bạc,超银
MINING_MATERIAL_SUPER_GOLD_NAME,Super Gold,سوبر جولد,Super or,Super zlato,Supergold,Súper Oro,Super Or,סופר זהב,Emas Super,SuperOro,スーパーゴールド,슈퍼 골드,Super złoto,Super Ouro,Супер Золото,ซุปเปอร์โกลด์,Süper Altın,Siêu vàng,超级金
MINING_MATERIAL_SUPER_DIAMOND_NAME,Super Diamond,سوبر دايموند,Super diamant,Super diamant,Super-Diamant,Súper Diamante,Super Diamant,סופר יהלום,Berlian Super,Super diamante,スーパーダイヤモンド,슈퍼 다이아몬드,Super diament,Super Diamante,Супер Алмаз,ซุปเปอร์ไดมอนด์,Süper Elmas,Siêu kim cương,超级钻石
MINING_UPGRADE_TIMER_RESERVE_NAME,Timer Reserve,احتياطي الموقت,Reserva del temporitzador,Rezerva časovače,Timer-Reserve,Reserva de temporizador,Réserve de minuterie,טיימר עתודה,Cadangan Pengatur Waktu,Riserva del timer,タイマー予約,타이머 예약,Rezerwa czasowa,Reserva do temporizador,Таймер Резерв,ตัวจับเวลาสำรอง,Zamanlayıcı Rezervi,Dự trữ hẹn giờ,定时器保留
MINING_UPGRADE_TIMER_RESERVE_SUMMARY,Extends each run so upgraded rigs can squeeze in one more haul before the horn sounds.,يمتد كل تشغيل حتى تتمكن الأجهزة التي تمت ترقيتها من الضغط على مسافة أخرى قبل أن يصدر صوت البوق.,Amplia cada tirada perquè les plataformes millorades puguin estrènyer una tirada més abans que soni la botzina.,"Prodlužuje každou jízdu, takže vylepšené návazce mohou vmáčknout další tah, než zazní klakson.","Verlängert jeden Lauf, sodass aufgerüstete Rigs einen weiteren Fang einholen können, bevor die Hupe ertönt.",Extiende cada recorrido para que los equipos mejorados puedan realizar un recorrido más antes de que suene la bocina.,Prolonge chaque parcours afin que les plates-formes améliorées puissent effectuer un trait supplémentaire avant que le klaxon ne retentisse.,מאריך כל ריצה כך שהאסדות המשודרגות יכולות להידחק עוד גרירה אחת לפני שהצופר נשמע.,Memperpanjang setiap putaran sehingga rig yang ditingkatkan dapat melakukan satu tangkapan lagi sebelum klakson berbunyi.,Estende ogni corsa in modo che i rig potenziati possano caricare un altro bottino prima che suoni il clacson.,各実行を延長するので、アップグレードされたリグはホーンが鳴る前にもう 1 回の収穫を絞り込むことができます。,경적 소리가 들리기 전에 업그레이드된 장비가 한 번 더 운반할 수 있도록 각 실행을 연장합니다.,"Wydłuża każdy przejazd, dzięki czemu ulepszone platformy mogą przecisnąć się jeszcze o jeden zaciąg, zanim zabrzmi klakson.",Estende cada corrida para que plataformas atualizadas possam fazer mais um lance antes que a buzina soe.,"Продлевает каждый рейс, чтобы модернизированные буровые установки могли сделать еще один улов до того, как прозвучит звуковой сигнал.",ยืดระยะการวิ่งแต่ละครั้งเพื่อให้แท่นขุดเจาะที่อัปเกรดแล้วสามารถดึงได้อีกครั้งก่อนที่เสียงแตรจะดังขึ้น,Yükseltilmiş donanımların korna çalmadan önce bir mesafe daha sıkıştırabilmesi için her koşuyu uzatır.,Kéo dài mỗi lần chạy để các giàn được nâng cấp có thể chạy thêm một đoạn nữa trước khi tiếng còi vang lên.,延长每次运行时间，以便升级后的钻机可以在号角响起之前再挤进一次。
MINING_UPGRADE_ROUTE_PLANNER_NAME,Route Planner,مخطط الطريق,Planificador de ruta,Plánovač tras,Routenplaner,Planificador de ruta,Planificateur d'itinéraire,מתכנן מסלול,Perencana Rute,Pianificatore di percorso,ルートプランナー,경로 플래너,Planowanie trasy,Planejador de rota,Планировщик маршрутов,ผู้วางแผนเส้นทาง,Rota Planlayıcı,Công cụ lập kế hoạch tuyến đường,路线规划器
MINING_UPGRADE_ROUTE_PLANNER_SUMMARY,Trims wasted travel and stretches the timer by making each route more efficient.,تقليص السفر الضائع وإطالة المؤقت من خلال جعل كل مسار أكثر كفاءة.,Retalla els viatges perduts i allarga el temporitzador fent que cada ruta sigui més eficient.,"Zkracuje promarněné cestování a prodlužuje časovač tím, že zefektivňuje každou trasu.","Reduziert verschwendete Fahrten und verlängert den Timer, indem jede Route effizienter gestaltet wird.",Reduce los viajes desperdiciados y alarga el tiempo haciendo que cada ruta sea más eficiente.,Réduit les déplacements inutiles et allonge le chronomètre en rendant chaque itinéraire plus efficace.,מקצץ נסיעות מבוזבזות ומותח את הטיימר על ידי הפיכת כל מסלול ליעיל יותר.,Memangkas perjalanan yang sia-sia dan memperpanjang waktu dengan menjadikan setiap rute lebih efisien.,Riduce gli sprechi di viaggio e allunga il timer rendendo ogni percorso più efficiente.,各ルートをより効率的にすることで、無駄な移動を削減し、タイマーを延長します。,각 경로를 더욱 효율적으로 만들어 낭비되는 여행을 줄이고 타이머를 늘립니다.,"Ogranicza niepotrzebne podróże i wydłuża czas, zwiększając efektywność każdej trasy.","Reduz viagens desperdiçadas e aumenta o cronômetro, tornando cada rota mais eficiente.","Сокращает ненужные поездки и растягивает таймер, делая каждый маршрут более эффективным.",ลดการเดินทางที่สิ้นเปลืองและยืดเวลาโดยทำให้แต่ละเส้นทางมีประสิทธิภาพมากขึ้น,Her rotayı daha verimli hale getirerek boşa giden seyahatleri kısaltır ve zamanlayıcıyı uzatır.,Cắt bớt việc đi lại lãng phí và kéo dài thời gian hẹn giờ bằng cách làm cho mỗi tuyến đường hiệu quả hơn.,通过提高每条路线的效率，减少浪费的行程并延长时间。
MINING_UPGRADE_ENGINE_TUNING_NAME,Engine Tuning,ضبط المحرك,Afinació del motor,Tuning motoru,Motortuning,Ajuste del motor,Réglage du moteur,כוונון מנוע,Penyetelan Mesin,Messa a punto del motore,エンジンチューニング,엔진 튜닝,Strojenie silnika,Ajuste do motor,Тюнинг двигателя,การปรับแต่งเครื่องยนต์,Motor Ayarı,Điều chỉnh động cơ,发动机调校
MINING_UPGRADE_ENGINE_TUNING_SUMMARY,Boosts rig acceleration so short runs still feel punchy instead of sluggish.,يعزز تسارع منصة الحفر بحيث لا تزال المسافات القصيرة تبدو قوية بدلاً من التباطؤ.,"Augmenta l'acceleració de la plataforma, de manera que les tirades curtes encara se senten punyents en lloc de lentes.","Zvyšuje zrychlení soupravy, takže krátké jízdy jsou stále působivé místo pomalého.","Erhöht die Beschleunigung des Rigs, sodass sich kurze Läufe immer noch druckvoll und nicht träge anfühlen.",Aumenta la aceleración del equipo para que los recorridos cortos se sientan contundentes en lugar de lentos.,Augmente l'accélération de la plate-forme afin que les courses courtes semblent toujours percutantes au lieu de lentes.,מגביר את תאוצת האסדה כך שריצות קצרות עדיין מרגישות מכוערות במקום איטיות.,"Meningkatkan akselerasi rig sehingga lari jarak pendek tetap terasa bertenaga, bukannya lamban.",Aumenta l'accelerazione del rig in modo che le corse brevi risultino ancora incisive anziché lente.,リグの加速が向上するため、短いランでも鈍重ではなくパンチが感じられます。,장비 가속도를 높여 단거리 달리기가 느리지 않고 펀치감 있게 느껴집니다.,"Zwiększa przyspieszenie platformy, dzięki czemu krótkie biegi nadal wydają się mocne, a nie powolne.",Aumenta a aceleração da plataforma para que corridas curtas ainda pareçam vigorosas em vez de lentas.,"Усиливает ускорение буровой установки, поэтому короткие пробеги по-прежнему кажутся резкими, а не вялыми.",เร่งความเร็วแท่นขุดเจาะ เพื่อให้การวิ่งระยะสั้นยังคงรู้สึกหนักแน่นแทนที่จะเฉื่อยชา,"Teçhizatın hızlanmasını artırır, böylece kısa koşular yavaşlamak yerine hala güçlü hissettirir.",Tăng khả năng tăng tốc của giàn khoan để những lần chạy ngắn vẫn có cảm giác mạnh mẽ thay vì chậm chạp.,提高装备加速度，因此短距离跑步仍然感觉强劲而不是缓慢。
MINING_UPGRADE_DIRT_SOFTENER_NAME,Dirt Softener,مطهر الأوساخ,Suavitzant de brutícia,Změkčovač nečistot,Schmutzweichmacher,Suavizador de suciedad,Adoucisseur de saleté,מרכך לכלוך,Pelembut Kotoran,Ammorbidente per lo sporco,汚れ柔軟剤,먼지 유연제,Zmiękczacz brudu,Amaciante de sujeira,Смягчитель грязи,น้ำยาปรับสิ่งสกปรก,Kir Yumuşatıcı,Chất làm mềm bụi bẩn,污垢软化剂
MINING_UPGRADE_DIRT_SOFTENER_SUMMARY,Keeps deeper layers from stealing too much speed away from the drill rig.,يمنع الطبقات العميقة من سرقة الكثير من السرعة بعيدًا عن جهاز الحفر.,Evita que les capes més profundes robin massa velocitat a la plataforma de perforació.,"Zabraňuje tomu, aby hlubší vrstvy ukradly příliš velkou rychlost od vrtné soupravy.","Verhindert, dass tiefere Schichten dem Bohrgerät zu viel Geschwindigkeit entziehen.",Evita que las capas más profundas le roben demasiada velocidad al equipo de perforación.,Empêche les couches plus profondes de voler trop de vitesse à l'appareil de forage.,שומר על שכבות עמוקות יותר מגניבת מהירות רבה מדי ממתקן הקידוח.,Menjaga lapisan yang lebih dalam agar tidak mencuri terlalu banyak kecepatan dari rig pengeboran.,Impedisce che gli strati più profondi sottraggano troppa velocità al carro di perforazione.,より深い層が掘削リグから速度を奪いすぎるのを防ぎます。,더 깊은 층이 드릴 장비에서 너무 많은 속도를 훔치는 것을 방지합니다.,Chroni głębsze warstwy przed kradzieżą zbyt dużej prędkości wiertnicy.,Evita que camadas mais profundas roubem muita velocidade da plataforma de perfuração.,Предохраняет более глубокие слои от кражи слишком большой скорости буровой установки.,ป้องกันไม่ให้ชั้นที่อยู่ลึกลงไปขโมยความเร็วมากเกินไปจากแท่นขุดเจาะ,Daha derindeki katmanların sondaj makinesinden çok fazla hız çalmasını önler.,Giữ cho các lớp sâu hơn không bị mất quá nhiều tốc độ khỏi giàn khoan.,防止更深的地层从钻机上窃取过多的速度。
MINING_UPGRADE_DRILL_TORQUE_NAME,Drill Torque,عزم الحفر,Parell de trepant,Točivý moment vrtáku,Bohrerdrehmoment,Torque de perforación,Couple de perçage,מומנט מקדחה,Torsi Bor,Coppia di perforazione,ドリルトルク,드릴 토크,Moment obrotowy wiertła,Torque de perfuração,Крутящий момент сверла,แรงบิดสว่าน,Matkap Torku,mô-men xoắn khoan,钻头扭矩
MINING_UPGRADE_DRILL_TORQUE_SUMMARY,Raises drilling throughput so each pass stays close to one-hit territory on the current frontier.,يزيد من إنتاجية الحفر بحيث يبقى كل تمريرة قريبة من منطقة الضربة الواحدة على الحدود الحالية.,Augmenta el rendiment de perforació perquè cada passada es mantingui a prop del territori d'un sol cop a la frontera actual.,"Zvyšuje propustnost vrtání, takže každý průchod zůstává blízko teritoria jednoho zásahu na aktuální hranici.","Erhöht den Bohrdurchsatz, sodass jeder Durchgang in der Nähe des One-Hit-Territoriums an der aktuellen Grenze bleibt.",Aumenta el rendimiento de perforación para que cada paso permanezca cerca del territorio de un solo impacto en la frontera actual.,Augmente le débit de forage afin que chaque passage reste proche du territoire d'un coup sur la frontière actuelle.,מעלה את תפוקת הקידוח כך שכל מעבר יישאר קרוב לטריטוריה של פגיעה אחת בגבול הנוכחי.,Meningkatkan throughput pengeboran sehingga setiap lintasan tetap dekat dengan wilayah yang pernah terkena dampak di perbatasan saat ini.,Aumenta la produttività della perforazione in modo che ogni passaggio rimanga vicino al territorio a colpo singolo sull'attuale frontiera.,掘削のスループットが向上するため、各パスは現在のフロンティアで 1 ヒットの領域に近くなります。,시추 처리량을 높여 각 패스가 현재 국경의 1회 적중 영역에 가깝게 유지됩니다.,"Zwiększa przepustowość wierceń, dzięki czemu każde przejście pozostaje blisko terytorium jednego trafienia na bieżącej granicy.",Aumenta o rendimento da perfuração para que cada passagem permaneça próxima ao território de um único golpe na fronteira atual.,"Повышает производительность бурения, поэтому каждый проход остается близко к территории одного прохода на текущей границе.",เพิ่มปริมาณงานการเจาะเพื่อให้แต่ละรอบอยู่ใกล้ขอบเขตการโจมตีครั้งเดียวบนชายแดนปัจจุบัน,Her geçişin mevcut sınırdaki tek vuruşlu bölgeye yakın kalması için delme verimini artırır.,Tăng sản lượng khoan để mỗi đường chuyền luôn ở gần lãnh thổ một lần ở biên giới hiện tại.,提高钻井吞吐量，使每次通过都保持在当前前沿的一次性命中区域附近。
MINING_UPGRADE_DRILL_PLATING_NAME,Drill Plating,طلاء الحفر,Revestiment de perforació,Vrtací pokovování,Bohrbeschichtung,Revestimiento de perforación,Placage de forage,ציפוי מקדחה,Pelapisan Bor,Placcatura per trapano,ドリルメッキ,드릴 도금,Poszycie wiertnicze,Chapeamento de perfuração,Сверло,การเจาะชุบ,Matkap Kaplama,Mạ khoan,钻镀
MINING_UPGRADE_DRILL_PLATING_SUMMARY,Adds integrity to the bit so risky dives can survive tougher veins instead of folding a tier early.,يضيف السلامة إلى القطعة حتى تتمكن الغطسات المحفوفة بالمخاطر من النجاة من الأوردة الأكثر صرامة بدلاً من طي الطبقة مبكرًا.,Afegeix integritat a la broca perquè les immersions arriscades puguin sobreviure a venes més dures en lloc de plegar un nivell abans d'hora.,"Přidává integritu do bitu, takže riskantní ponory mohou přežít tvrdší žíly namísto předčasného skládání úrovně.","Verleiht dem Gebiss Integrität, sodass riskante Tauchgänge härtere Adern überstehen können, anstatt eine Stufe vorzeitig abzubrechen.",Agrega integridad a la broca para que las inmersiones arriesgadas puedan sobrevivir a venas más difíciles en lugar de doblar un nivel antes de tiempo.,Ajoute de l'intégrité au mors afin que les plongées risquées puissent survivre à des veines plus difficiles au lieu de plier un niveau plus tôt.,מוסיף שלמות לחלק כך שצלילות מסוכנות יכולות לשרוד ורידים קשים יותר במקום לקפל נדבך מוקדם.,Menambahkan integritas pada bagian tersebut sehingga penyelaman berisiko dapat bertahan di jalur yang lebih keras daripada melipat tingkat lebih awal.,Aggiunge integrità alla punta in modo che le immersioni rischiose possano sopravvivere alle vene più difficili invece di abbandonare presto un livello.,ビットに完全性を追加することで、危険なダイビングでもティアを早期にフォールドするのではなく、より厳しい静脈を生き残ることができます。,티어를 일찍 접는 대신 위험한 다이빙이 더 거친 정맥에서 살아남을 수 있도록 비트에 무결성을 추가합니다.,"Dodaje integralności wędzidłu, dzięki czemu ryzykowne nurkowania mogą przetrwać w trudniejszych żyłach, zamiast wcześnie składać poziom.","Adiciona integridade à peça para que mergulhos arriscados possam sobreviver a veias mais difíceis, em vez de dobrar uma camada mais cedo.","Добавляет целостности трензелю, поэтому рискованные погружения позволяют пережить более сложные вены вместо того, чтобы раньше времени сбрасывать ярус.",เพิ่มความสมบูรณ์ให้กับบิตเพื่อให้การดำน้ำที่มีความเสี่ยงสามารถเอาตัวรอดจากเส้นเลือดที่แข็งกว่าแทนที่จะพับระดับก่อนเวลา,"Parçaya bütünlük katar, böylece riskli dalışlar bir kademe erken katlanmak yerine daha sert damarlardan sağ çıkabilir.",Tăng thêm tính toàn vẹn cho bit để những lần lặn mạo hiểm có thể sống sót trong các mạch cứng hơn thay vì gấp một bậc sớm.,增加了钻头的完整性，因此危险的潜水可以在更艰难的矿脉中生存，而不是提前折叠一层。
MINING_UPGRADE_COOLING_LOOP_NAME,Cooling Loop,حلقة التبريد,Bucle de refrigeració,Chladicí smyčka,Kühlkreislauf,Bucle de enfriamiento,Boucle de refroidissement,לולאת קירור,Lingkaran Pendinginan,Circuito di raffreddamento,冷却ループ,냉각 루프,Pętla chłodząca,Circuito de resfriamento,Охлаждающий контур,คูลลิ่งลูป,Soğutma Döngüsü,Vòng làm mát,冷却回路
MINING_UPGRADE_COOLING_LOOP_SUMMARY,Shaves off drill wear so health stays right on the knife edge instead of collapsing when depth pressure spikes.,يحلق تآكل المثقاب بحيث تبقى الصحة على حافة السكين بدلاً من الانهيار عند ارتفاع ضغط العمق.,Elimina el desgast del trepant perquè la salut es mantingui a la vora del ganivet en lloc de col·lapsar-se quan la pressió de profunditat augmenta.,"Oholí opotřebení vrtáku, takže zdraví zůstane přímo na ostří nože, místo aby se zhroutilo, když hloubkový tlak naroste.","Reduziert den Bohrverschleiß, sodass die Gesundheit auf dem neuesten Stand bleibt und nicht zusammenbricht, wenn der Tiefendruck ansteigt.",Elimina el desgaste de la broca para que la salud permanezca justo en el filo de la cuchilla en lugar de colapsar cuando aumenta la presión de profundidad.,Rase l'usure du foret afin que la santé reste directement sur le bord du couteau au lieu de s'effondrer lorsque la pression en profondeur augmente.,מגלח את הבלאי במקדחה כך שהבריאות תישאר ממש על קצה הסכין במקום להתמוטט כאשר לחץ העומק עולה.,Mengurangi keausan bor sehingga kesehatan tetap berada tepat di tepi pisau dan bukannya runtuh saat tekanan kedalaman melonjak.,Elimina l'usura della punta in modo che la salute rimanga sul filo del coltello invece di crollare quando la pressione in profondità aumenta.,ドリルの磨耗を削り取るので、深度圧力が急上昇したときに健康状態が崩れることなく、ナイフのエッジに正しく残ります。,드릴 마모를 줄여 깊이 압력이 급등할 때 건강이 무너지지 않고 칼날 바로 위에 유지되도록 합니다.,"Goli zużycie wiertła, dzięki czemu zdrowie pozostaje na krawędzi noża, zamiast zapadać się, gdy ciśnienie na głębokości wzrasta.","Reduz o desgaste da broca para que a saúde permaneça no fio da faca, em vez de entrar em colapso quando a pressão de profundidade aumenta.","Снижает износ сверла, поэтому здоровье остается прямо на острие ножа, а не разрушается при резком повышении давления на глубине.",ขจัดการสึกหรอของการเจาะเพื่อให้สุขภาพยังคงอยู่ที่คมมีด แทนที่จะพังทลายลงเมื่อแรงดันในความลึกพุ่งสูงขึ้น,"Matkap aşınmasını ortadan kaldırır, böylece derinlik basıncı aniden yükseldiğinde sağlığın çökmesi yerine bıçağın tam kenarında kalmasını sağlar.",Loại bỏ sự mài mòn của mũi khoan để sức khỏe vẫn ở ngay trên lưỡi dao thay vì sụp đổ khi áp suất độ sâu tăng vọt.,减少钻头磨损，使健康保持在刀刃上，而不是在深度压力峰值时崩溃。
MINING_UPGRADE_CARGO_PODS_NAME,Cargo Pods,حاضنات الشحن,Beines de càrrega,Nákladní pouzdra,Frachtkapseln,Vainas de carga,Pods de chargement,תרמילי מטען,Pod Kargo,Pod di carico,カーゴポッド,화물 포드,Kapsuły ładunkowe,Cápsulas de carga,Грузовые капсулы,คาร์โก้พอด,Kargo Kapsülleri,Thùng chở hàng,货舱
MINING_UPGRADE_CARGO_PODS_SUMMARY,Lets each trip carry a few more chunks before you have to dump at the surface.,يتيح لكل رحلة أن تحمل بضع قطع إضافية قبل أن تضطر إلى تفريغها على السطح.,Permet que cada viatge porti uns quants trossos més abans d'haver de llençar a la superfície.,"Umožní vám každý výlet unést několik dalších kousků, než budete muset vysypat na povrch.","Bei jeder Fahrt können Sie noch ein paar Brocken mitnehmen, bevor Sie sie an der Oberfläche abladen müssen.",Permite que cada viaje lleve algunos trozos más antes de tener que tirarlos a la superficie.,Permet à chaque voyage de transporter quelques morceaux supplémentaires avant de devoir les jeter à la surface.,מאפשר לכל טיול לשאת עוד כמה נתחים לפני שתצטרך לזרוק על פני השטח.,Biarkan setiap perjalanan membawa beberapa bongkahan lagi sebelum Anda harus membuangnya ke permukaan.,Lascia che ogni viaggio porti qualche pezzo in più prima di doverlo scaricare in superficie.,毎回の旅行で、水面に捨てる前に、さらにいくつかの塊を運ぶことができます。,표면에 덤프해야 하기 전에 각 여행에서 몇 개의 덩어리를 더 운반할 수 있습니다.,"Pozwala w każdej podróży zabrać ze sobą kilka kawałków więcej, zanim będziesz musiał wyrzucić je na powierzchnię.",Permite que cada viagem carregue mais alguns pedaços antes de você despejar na superfície.,"Позволяет каждому путешествию нести еще несколько кусков, прежде чем вам придется выбросить их на поверхность.",ให้แต่ละทริปขนของเพิ่มอีกสองสามชิ้นก่อนที่คุณจะต้องทิ้งลงผิวน้ำ,Yüzeye atmanız gerekmeden önce her yolculuğun birkaç parça daha taşımasına izin verin.,Hãy để mỗi chuyến đi chở thêm một vài khối trước khi bạn phải đổ xuống mặt nước.,让每次旅行在您必须倾倒到地面之前多携带一些块。
MINING_UPGRADE_CARGO_COMPRESSOR_NAME,Cargo Compressor,ضاغط البضائع,Compressor de càrrega,Nákladní kompresor,Frachtkompressor,Compresor de carga,Compresseur de fret,מדחס מטען,Kompresor Kargo,Compressore del carico,カーゴコンプレッサー,화물 압축기,Kompresor ładunku,Compressor de carga,Грузовой компрессор,คาร์โก้คอมเพรสเซอร์,Kargo Kompresörü,Máy nén hàng,货物压缩机
MINING_UPGRADE_CARGO_COMPRESSOR_SUMMARY,Packs ore tighter so every haul holds together longer before a forced dump.,يتم تعبئة الخام بشكل أكثر إحكامًا بحيث تتماسك كل عملية سحب معًا لفترة أطول قبل التفريغ القسري.,Empaqueta el mineral més ajustat de manera que cada tirada s'aguanta més temps abans d'un abocament forçat.,"Balí rudu těsněji, takže každý zátah drží pohromadě déle před nuceným výsypem.","Packt das Erz dichter, sodass jeder Transport länger zusammenhält, bevor er erzwungen wird.",Los paquetes de mineral están más apretados para que cada transporte se mantenga unido por más tiempo antes de un vertido forzado.,Le minerai est plus serré afin que chaque trait dure plus longtemps avant un déversement forcé.,אורזת עפרות חזק יותר כך שכל הובלה תחזיק מעמד זמן רב יותר לפני השלכה מאולצת.,Mengemas bijih lebih rapat sehingga setiap tangkapan dapat bertahan lebih lama sebelum dibuang secara paksa.,Gli imballaggi sono più compatti in modo che ogni carico resti insieme più a lungo prima di uno scarico forzato.,鉱石をよりしっかりと梱包するため、強制投棄前にすべての運搬物がより長く保持されます。,강제로 덤프하기 전에 모든 운반물이 더 오랫동안 함께 유지될 수 있도록 광석을 더 단단하게 포장합니다.,"Mocniej pakuje rudę, dzięki czemu każdy załadunek utrzymuje się dłużej przed wymuszonym wysypiskiem.",Embala o minério de forma mais compacta para que cada transporte permaneça unido por mais tempo antes de um despejo forçado.,"Упаковывает руду плотнее, поэтому каждая партия дольше сохраняет целостность перед вынужденной вывалкой.",แพ็คแร่ให้แน่นยิ่งขึ้น ดังนั้นทุกการลากจึงยึดติดกันนานขึ้นก่อนจะถูกบังคับให้ทิ้ง,"Cevheri daha sıkı paketler, böylece her taşıma zorunlu boşaltmadan önce daha uzun süre bir arada kalır.",Đóng gói quặng chặt hơn để mỗi chuyến vận chuyển được giữ lại lâu hơn trước khi buộc phải đổ bỏ.,将矿石包装得更紧，这样每次运输在强制倾倒之前都能保持更长时间。
MINING_UPGRADE_ORE_REFINERY_NAME,Ore Refinery,مصفاة خام,Refineria de mineral,Rafinérie rudy,Erzraffinerie,Refinería de mineral,Raffinerie de minerai,בית זיקוק עפר,Kilang Bijih,Raffineria di minerali,精鉱所,광석 정제소,Rafineria rudy,Refinaria de minério,Рудоперерабатывающий завод,โรงกลั่นแร่,Cevher Rafinerisi,Nhà máy lọc quặng,矿石精炼厂
MINING_UPGRADE_ORE_REFINERY_SUMMARY,Improves payout conversion so every dumped load is worth a little more.,يعمل على تحسين تحويل العوائد بحيث يكون كل حمل مُلقٍ يستحق أكثر قليلاً.,"Millora la conversió de pagaments, de manera que cada càrrega abocada val una mica més.","Zlepšuje konverzi výplaty, takže každý dumpingový náklad stojí o něco víc.","Verbessert die Auszahlungsumwandlung, sodass jede abgeladene Ladung etwas mehr wert ist.",Mejora la conversión de pagos para que cada carga descargada valga un poco más.,Améliore la conversion des paiements afin que chaque chargement vidé vaut un peu plus.,משפר את ההמרה לתשלומים כך שכל עומס שנזרק שווה קצת יותר.,Meningkatkan konversi pembayaran sehingga setiap muatan yang dibuang bernilai lebih tinggi.,Migliora la conversione dei pagamenti in modo che ogni carico scaricato valga un po' di più.,ペイアウト変換が向上するため、ダンプされたすべてのロードの価値が少し高くなります。,지불 전환을 개선하여 버려진 모든 로드의 가치가 조금 더 높아집니다.,"Poprawia konwersję wypłat, więc każdy wyrzucony ładunek jest wart trochę więcej.",Melhora a conversão de pagamento para que cada carga descartada valha um pouco mais.,"Улучшает конверсию выплат, поэтому каждая сброшенная загрузка стоит немного больше.",ปรับปรุงการแปลงการจ่ายเงิน ดังนั้นทุกๆ การโหลดที่เทลงมาจึงมีมูลค่าเพิ่มขึ้นเล็กน้อย,"Ödeme dönüşümünü iyileştirir, böylece boşaltılan her yükün değeri biraz daha artar.",Cải thiện chuyển đổi thanh toán để mỗi lần tải bị đổ đều có giá trị hơn một chút.,提高支付转化率，因此每一次转储的负载都更有价值。
MINING_UPGRADE_PICKUP_RADIUS_NAME,Vacuum Scoop,مغرفة فراغ,Bola de buit,Vakuová lopatka,Vakuumschaufel,Pala de vacío,Pelle à vide,סקופ ואקום,Sendok Vakum,Paletta sottovuoto,真空スクープ,진공 국자,Szufelka próżniowa,Colher de vácuo,Вакуумный совок,ที่ตักสูญญากาศ,Vakum Kepçesi,Muỗng chân không,真空勺
MINING_UPGRADE_PICKUP_RADIUS_SUMMARY,Widens the collection field so more of each broken node actually makes it into cargo.,يوسع مجال التجميع بحيث يتم تحويل المزيد من كل عقدة مكسورة إلى بضائع.,Amplia el camp de recollida de manera que més de cada node trencat el converteixi en càrrega.,"Rozšiřuje sběrné pole, takže z každého rozbitého uzlu se skutečně dostane do nákladu.","Erweitert das Sammelfeld, sodass mehr von jedem defekten Knoten tatsächlich in die Fracht gelangt.",Amplía el campo de recolección para que una mayor cantidad de cada nodo roto se convierta en carga.,Élargit le champ de collecte afin qu'une plus grande partie de chaque nœud cassé soit réellement transformée en cargaison.,מרחיב את שדה האיסוף כך שיותר מכל צומת שבור הופך אותו למעשה למטען.,Memperluas bidang pengumpulan sehingga lebih banyak setiap node yang rusak benar-benar dijadikan kargo.,Amplia il campo di raccolta in modo che una quantità maggiore di ciascun nodo rotto venga effettivamente trasformata in carico.,収集フィールドを広げて、壊れた各ノードが実際に貨物になるようにします。,수집 영역을 넓혀서 깨진 각 노드 중 더 많은 부분이 실제로 화물로 만들어집니다.,"Poszerza pole zbierania, dzięki czemu więcej każdego uszkodzonego węzła faktycznie trafia do ładunku.",Amplia o campo de coleta para que mais de cada nó quebrado realmente se transforme em carga.,"Расширяет поле сбора, так что больше каждого сломанного узла фактически превращается в груз.",ขยายขอบเขตการรวบรวมเพื่อให้โหนดที่เสียหายแต่ละโหนดกลายเป็นสินค้าจริงมากขึ้น,"Toplama alanını genişleterek, kırılan her düğümden daha fazlasının aslında kargoya dönüşmesini sağlar.",Mở rộng trường thu thập để mỗi nút bị hỏng thực sự biến nó thành hàng hóa.,扩大收集范围，使每个损坏的节点中有更多的东西真正成为货物。
MINING_UPGRADE_XP_CALIBRATION_NAME,XP Calibration,معايرة XP,Calibració XP,Kalibrace XP,XP-Kalibrierung,Calibración XP,Calibrage XP,כיול XP,Kalibrasi XP,Calibrazione XP,XP キャリブレーション,XP 보정,Kalibracja XP,Calibração XP,Калибровка XP,การสอบเทียบ XP,XP Kalibrasyonu,Hiệu chỉnh XP,XP 校准
MINING_UPGRADE_XP_CALIBRATION_SUMMARY,Keeps progression climbing fast enough that new depths keep unlocking through the full run.,يحافظ على تقدم التقدم بسرعة كافية بحيث تستمر الأعماق الجديدة في الفتح خلال الجولة الكاملة.,Mantén la progressió pujant prou ràpid perquè les noves profunditats es continuïn desbloquejant durant tota la carrera.,"Udržuje postup ve stoupání dostatečně rychle, aby se nové hloubky odemykaly po celou dobu běhu.","Sorgt dafür, dass der Aufstieg schnell genug voranschreitet, sodass sich während des gesamten Laufs immer wieder neue Tiefen erschließen.",Mantiene la progresión subiendo lo suficientemente rápido como para que se sigan desbloqueando nuevas profundidades durante todo el recorrido.,Maintient la progression suffisamment rapide pour que de nouvelles profondeurs continuent de se débloquer tout au long de la course.,שומר על ההתקדמות לטפס מהר מספיק כדי שעומקים חדשים ימשיכו להיפתח לאורך הריצה המלאה.,Menjaga kemajuan meningkat cukup cepat sehingga kedalaman baru terus terbuka sepanjang proses penuh.,Mantiene la progressione in salita abbastanza veloce da consentire lo sblocco di nuove profondità durante l'intero percorso.,完全な実行を通じて新しい深さのロックを解除し続けるのに十分な速さで進行を続けます。,전체 실행을 통해 새로운 깊이가 계속 잠금 해제될 수 있도록 진행 속도를 빠르게 유지합니다.,"Utrzymuje postęp wspinający się na tyle szybko, że nowe głębokości odblokowują się przez cały czas.",Mantém a progressão subindo rápido o suficiente para que novas profundidades sejam desbloqueadas durante toda a corrida.,"Продолжает подниматься достаточно быстро, чтобы новые глубины открывались на протяжении всего прохождения.",ช่วยให้ความก้าวหน้าไต่ขึ้นเร็วพอที่จะปลดล็อคความลึกใหม่ตลอดการวิ่งเต็มรูปแบบ,"İlerlemenin, tüm koşu boyunca yeni derinliklerin kilidini açacak kadar hızlı tırmanmasını sağlar.",Tiếp tục tiến trình leo lên đủ nhanh để các độ sâu mới tiếp tục được mở khóa trong suốt quá trình chạy.,保持进度攀爬足够快，以便在整个跑步过程中不断解锁新的深度。
MINING_UPGRADE_DEPTH_SCANNER_NAME,Depth Scanner,ماسح العمق,Escàner de profunditat,Hloubkový skener,Tiefenscanner,Escáner de profundidad,Scanner de profondeur,סורק עומק,Pemindai Kedalaman,Scanner di profondità,デプススキャナー,깊이 스캐너,Skaner głębokości,Scanner de profundidade,Сканер глубины,เครื่องสแกนความลึก,Derinlik Tarayıcı,Máy quét độ sâu,深度扫描仪
MINING_UPGRADE_DEPTH_SCANNER_SUMMARY,Unlocks harder strata a little earlier when your rig can actually survive them.,يفتح الطبقات الأصعب في وقت مبكر قليلاً عندما يتمكن جهازك من النجاة منها.,Desbloqueja estrats més durs una mica abans quan la vostra plataforma realment els pot sobreviure.,"Odemyká tvrdší vrstvy o něco dříve, když je vaše souprava skutečně přežije.","Schaltet härtere Schichten etwas früher frei, wenn Ihr Rig sie tatsächlich überleben kann.","Desbloquea estratos más duros un poco antes, cuando tu equipo realmente puede sobrevivir a ellos.",Débloquez des strates plus difficiles un peu plus tôt lorsque votre plate-forme peut réellement y survivre.,פותח שכבות קשות יותר מעט מוקדם יותר כאשר המתקן שלך באמת יכול לשרוד אותן.,Membuka strata yang lebih sulit sedikit lebih awal ketika rig Anda benar-benar dapat bertahan darinya.,Sblocca gli strati più difficili un po' prima quando il tuo rig può effettivamente sopravvivere.,リグが実際に耐えられるようになるまでに、少し早い段階でより硬い層のロックを解除します。,장비가 실제로 살아남을 수 있을 때 조금 더 일찍 더 단단한 지층을 잠금 해제합니다.,"Odblokowuje trudniejsze warstwy nieco wcześniej, kiedy Twój sprzęt faktycznie je przetrwa.","Desbloqueia estratos mais difíceis um pouco mais cedo, quando seu equipamento pode realmente sobreviver a eles.","Открывает более сложные уровни немного раньше, когда ваша установка действительно сможет их пережить.",ปลดล็อกชั้นที่ยากขึ้นเร็วขึ้นเล็กน้อยเมื่อแท่นขุดเจาะของคุณสามารถอยู่รอดได้จริง,"Donanımınız gerçekten hayatta kalabildiğinde, daha zorlu katmanların kilidini biraz daha erken açar.",Mở khóa các tầng khó hơn sớm hơn một chút khi giàn khoan của bạn thực sự có thể sống sót sau chúng.,当你的装备能够真正生存下来时，提前解锁更难的地层。
MINING_UPGRADE_SEISMIC_SONAR_NAME,Seismic Sonar,السونار الزلزالي,Sonar sísmic,Seismický sonar,Seismisches Sonar,Sonar sísmico,Sonar sismique,סונאר סיסמי,Sonar Seismik,Sonar sismico,地震ソナー,지진 소나,Sonar sejsmiczny,Sonar Sísmico,Сейсмический сонар,โซนาร์แผ่นดินไหว,Sismik Sonar,Sonar địa chấn,地震声纳
MINING_UPGRADE_SEISMIC_SONAR_SUMMARY,Leans each depth roll toward richer veins so later runs keep feeling like upgrades matter.,يميل كل عمق نحو الأوردة الأكثر ثراءً، لذا فإن الجري لاحقًا يظل يبدو وكأن الترقيات مهمة.,Inclina cada rotllo de profunditat cap a venes més riques perquè les execucions posteriors tinguin la sensació que les actualitzacions importen.,"Naklání každou roli hloubky směrem k bohatším žilám, takže pozdější běhy mají pocit, že na upgradech záleží.","Neigt jede Tiefenrolle in Richtung reicherer Adern, sodass spätere Läufe weiterhin das Gefühl haben, dass Upgrades wichtig sind.",Inclina cada rollo de profundidad hacia vetas más ricas para que las ejecuciones posteriores sigan sintiendo que las mejoras importan.,Incline chaque rouleau de profondeur vers des veines plus riches afin que les courses ultérieures continuent de donner l’impression que les mises à niveau sont importantes.,"מטה כל גלגול עומק לכיוון ורידים עשירים יותר, כך שריצות מאוחרות יותר ממשיכות להרגיש כאילו שדרוגים חשובים.",Condongkan setiap gulungan kedalaman ke arah vena yang lebih kaya sehingga putaran selanjutnya tetap terasa seperti peningkatan yang penting.,"Inclina ogni tiro di profondità verso vene più ricche, quindi le corse successive continuano a sembrare che gli aggiornamenti siano importanti.",各デプスロールをより豊かな静脈に向けて傾けるので、後の実行ではアップグレードが重要であると感じ続けます。,각 깊이 굴림을 더 풍부한 정맥으로 기울이므로 나중에 실행해도 업그레이드가 중요하다는 느낌이 계속 유지됩니다.,"Przechyla każdy przewrót w kierunku bogatszych żył, więc późniejsze biegi sprawiają wrażenie, że ulepszenia mają znaczenie.",Inclina cada rolo de profundidade em direção a veias mais ricas para que as corridas posteriores continuem parecendo que as atualizações são importantes.,"С каждым броском по глубине наклоняется к более богатым жилам, поэтому последующие заезды продолжают ощущаться как улучшения.",โน้มความลึกแต่ละม้วนเข้าหาเส้นเลือดที่สมบูรณ์ยิ่งขึ้น เพื่อให้การวิ่งในภายหลังรู้สึกเหมือนว่าการอัพเกรดมีความสำคัญ,"Her derinlik dönüşünü daha zengin damarlara doğru yönlendirir, böylece daha sonraki koşularda yükseltmelerin önemli olduğu hissini verir.",Nghiêng từng cuộn độ sâu về phía các mạch phong phú hơn để các lần chạy sau giữ được cảm giác như việc nâng cấp là quan trọng.,让每次深度滚动都朝着更丰富的矿脉倾斜，这样以后的运行就会让人感觉升级很重要。
MINING_UPGRADE_MAGNET_DRONE_NAME,Salvage Drone,طائرة بدون طيار للإنقاذ,Drone de salvament,Záchranný dron,Bergungsdrohne,Dron de salvamento,Drone de récupération,"מזל""ט הצלה",Drone Penyelamat,Drone di salvataggio,サルベージドローン,회수 드론,Dron ratowniczy,Drone de resgate,Спасательный дрон,โดรนกู้ชีพ,Kurtarma Drone'u,Máy bay không người lái cứu hộ,打捞无人机
MINING_UPGRADE_MAGNET_DRONE_SUMMARY,Launches bots that fly out to loose ore chunks and helps counter the deeper-layer slowdown on the salvage lane.,يطلق الروبوتات التي تطير إلى قطع خام فضفاضة وتساعد في مواجهة التباطؤ الأعمق في مسار الإنقاذ.,Llança robots que volen per perdre trossos de mineral i ajuda a contrarestar la desacceleració de la capa més profunda al carril de salvament.,"Spouští roboty, kteří vylétají, aby uvolnili kusy rudy, a pomáhá čelit zpomalení v hlubší vrstvě na záchranné cestě.","Startet Bots, die herausfliegen, um Erzbrocken zu lösen, und hilft dabei, der Verlangsamung in tieferen Schichten auf der Bergungsspur entgegenzuwirken.",Lanza robots que vuelan para soltar trozos de mineral y ayuda a contrarrestar la desaceleración de las capas más profundas en el carril de recuperación.,Lance des robots qui volent vers des morceaux de minerai en vrac et aide à contrer le ralentissement des couches plus profondes sur la voie de récupération.,משגר בוטים שעפים החוצה לגושי עפרות רופפים ועוזר להתמודד עם ההאטה העמוקה יותר בנתיב ההצלה.,Meluncurkan bot yang terbang menuju bongkahan bijih lepas dan membantu melawan perlambatan lapisan yang lebih dalam di jalur penyelamatan.,Lancia robot che volano verso pezzi di minerale sciolti e aiutano a contrastare il rallentamento dello strato più profondo sulla corsia di recupero.,緩んだ鉱石の塊に飛び出すボットを起動し、サルベージ レーンの深層の減速に対抗するのに役立ちます。,느슨한 광석 덩어리로 날아가는 봇을 발사하고 회수 경로에서 더 깊은 층의 속도 저하에 대응하는 데 도움을 줍니다.,"Uruchamia boty, które wylatują, aby poluzować kawałki rudy i pomaga przeciwdziałać spowolnieniu w głębszych warstwach linii odzyskiwania.",Lança bots que voam para soltar pedaços de minério e ajuda a combater a desaceleração da camada mais profunda na rota de salvamento.,"Запускает ботов, которые вылетают, чтобы освободить куски руды, и помогает противостоять замедлению более глубоких слоев на полосе добычи.",เปิดตัวบอทที่บินออกไปเพื่อแยกแร่และช่วยตอบโต้การชะลอตัวของชั้นลึกในช่องทางกอบกู้,Cevher parçalarını serbest bırakmak için uçan robotları başlatır ve kurtarma şeridinde daha derin katmanlardaki yavaşlamaya karşı koymaya yardımcı olur.,Khởi chạy các bot bay ra để rời các khối quặng và giúp chống lại sự chậm lại ở lớp sâu hơn trên làn đường trục vớt.,发射机器人飞出去寻找松散的矿石块，并帮助应对打捞通道上更深层的减速。
MINING_UPGRADE_FOREMAN_BOT_NAME,Foreman Bot,فورمان بوت,Foreman Bot,Předák Bot,Vorarbeiter Bot,Robot capataz,Contremaître Bot,מנהל עבודה בוט,Mandor Bot,Caposquadra Bot,職長ボット,감독 봇,Brygadzista Bot,Capataz Bot,Бригадир Бот,โฟร์แมนบอท,Ustabaşı Botu,Quản đốc Bot,工头机器人
MINING_UPGRADE_FOREMAN_BOT_SUMMARY,A helper bot locks onto your current node and adds steady drill pressure during the contact.,يقوم الروبوت المساعد بتثبيت عقدتك الحالية ويضيف ضغط حفر ثابتًا أثناء الاتصال.,Un bot d'ajuda es bloqueja al vostre node actual i afegeix una pressió de perforació constant durant el contacte.,Pomocný bot se uzamkne na vašem aktuálním uzlu a během kontaktu přidá stálý tlak vrtání.,Ein Hilfsbot greift auf Ihren aktuellen Knoten zu und sorgt während des Kontakts für einen stetigen Bohrdruck.,Un robot auxiliar se bloquea en su nodo actual y agrega una presión de perforación constante durante el contacto.,Un robot assistant se verrouille sur votre nœud actuel et ajoute une pression de forage constante pendant le contact.,בוט עוזר ננעל על הצומת הנוכחי שלך ומוסיף לחץ תרגיל יציב במהלך המגע.,Bot pembantu mengunci node Anda saat ini dan menambahkan tekanan bor yang stabil selama kontak.,Un bot aiutante si blocca sul tuo nodo attuale e aggiunge una pressione costante durante il contatto.,ヘルパー ボットは現在のノードにロックし、接触中に安定したドリル プレッシャーを加えます。,도우미 봇이 현재 노드에 고정되어 접촉 중에 안정적인 드릴 압력을 추가합니다.,Bot pomocniczy blokuje bieżący węzeł i podczas kontaktu zapewnia stały nacisk wiertła.,Um bot auxiliar trava em seu nó atual e adiciona pressão de perfuração constante durante o contato.,Бот-помощник фиксируется на вашем текущем узле и оказывает постоянное давление бурения во время контакта.,บอทผู้ช่วยจะล็อคเข้ากับโหนดปัจจุบันของคุณ และเพิ่มแรงเจาะที่สม่ำเสมอในระหว่างการสัมผัส,Bir yardımcı bot mevcut düğümünüze kilitlenir ve temas sırasında sabit delme basıncı ekler.,Một bot trợ giúp sẽ khóa nút hiện tại của bạn và tăng thêm áp suất khoan ổn định trong quá trình tiếp xúc.,助手机器人会锁定您当前的节点，并在接触过程中增加稳定的钻孔压力。
MINING_UPGRADE_DELIVERY_DRONE_NAME,Delivery Drone,طائرة التوصيل بدون طيار,Drone de lliurament,Doručovací dron,Lieferdrohne,Dron de entrega,Drone de livraison,רחפן משלוח,Drone Pengiriman,Drone di consegna,配送用ドローン,배달 드론,Dron dostawczy,Drone de entrega,Доставка Дрон,โดรนส่งของ,Teslimat Drone'u,Máy bay không người lái giao hàng,送货无人机
MINING_UPGRADE_DELIVERY_DRONE_SUMMARY,"Dispatches separate bots that ferry cargo back to the base ring while you keep drilling, offsetting the heavier drag in deeper tiers.",يُرسل روبوتات منفصلة تنقل البضائع مرة أخرى إلى الحلقة الأساسية بينما تستمر في الحفر، مما يعوض السحب الأثقل في الطبقات الأعمق.,"Envia bots separats que transporten la càrrega de tornada a l'anell base mentre continueu perforant, compensant l'arrossegament més pesat en nivells més profunds.","Odesílá samostatné roboty, kteří přepravují náklad zpět do základního kruhu, zatímco vy pokračujete ve vrtání, čímž kompenzuje těžší odpor v hlubších vrstvách.","Entsendet separate Bots, die Fracht zurück zum Basisring befördern, während Sie weiter bohren, und so den größeren Widerstand in tieferen Ebenen ausgleichen.","Envía robots separados que transportan la carga de regreso al anillo base mientras sigues perforando, compensando la mayor resistencia en niveles más profundos.","Envoie des robots séparés qui ramènent la cargaison vers l'anneau de base pendant que vous continuez à forer, compensant ainsi la traînée plus lourde dans les niveaux plus profonds.","שולח בוטים נפרדים שמעבירים מטען חזרה לטבעת הבסיס בזמן שאתה ממשיך לקדוח, ומקזז את הגרר הכבד יותר בשכבות עמוקות יותר.","Mengirimkan bot terpisah yang mengangkut kargo kembali ke ring pangkalan saat Anda terus melakukan pengeboran, mengimbangi hambatan yang lebih berat di tingkat yang lebih dalam.","Invia robot separati che riportano il carico all'anello di base mentre continui a perforare, compensando la resistenza maggiore nei livelli più profondi.",掘削を続けている間、貨物をベースリングに戻す別のボットを派遣し、深い層でのより重い抵抗を相殺します。,드릴링을 계속하는 동안 화물을 베이스 링으로 다시 운반하는 별도의 봇을 파견하여 더 깊은 층에서 더 무거운 항력을 상쇄합니다.,"Wysyła oddzielne boty, które transportują ładunek z powrotem do pierścienia bazowego, podczas gdy ty kontynuujesz wiercenie, kompensując większy opór na głębszych poziomach.","Despacha bots separados que transportam a carga de volta ao anel base enquanto você continua perfurando, compensando o arrasto mais pesado nas camadas mais profundas.","Отправляет отдельных ботов, которые доставляют груз обратно на базовое кольцо, пока вы продолжаете бурить, компенсируя более тяжелое сопротивление на более глубоких уровнях.",จัดส่งบอทแยกกันเพื่อขนส่งสินค้ากลับไปยังวงแหวนฐานในขณะที่คุณทำการเจาะต่อไป โดยชดเชยการลากที่หนักกว่าในระดับที่ลึกกว่า,Siz delmeye devam ederken kargoyu taban halkasına geri taşıyan ayrı robotlar göndererek daha derin katmanlardaki daha ağır sürtünmeyi dengeler.,"Gửi các bot riêng biệt để vận chuyển hàng hóa trở lại vòng đế trong khi bạn tiếp tục khoan, bù đắp lực cản nặng hơn ở các tầng sâu hơn.",在继续钻探的同时，派遣单独的机器人将货物运送回基环，抵消更深层中较重的阻力。
MINING_UPGRADE_AUTO_SORTERS_NAME,Auto Sorters,فارزات السيارات,Classificadors automàtics,Automatické třídiče,Automatische Sortierer,Clasificadores automáticos,Trieurs automatiques,סדרנים אוטומטיים,Penyortir Otomatis,Selezionatori automatici,自動選別機,자동분류기,Automatyczne sortowniki,Classificadores automáticos,Авто Сортировщики,เครื่องคัดแยกอัตโนมัติ,Otomatik Sıralayıcılar,Máy sắp xếp tự động,自动分拣机
MINING_UPGRADE_AUTO_SORTERS_SUMMARY,Upgrades the delivery lane so each dump drone keeps pace deeper in the mine instead of taking over too early.,قم بترقية مسار التسليم بحيث تحافظ كل طائرة بدون طيار على سرعتها في عمق المنجم بدلاً من الاستيلاء عليها في وقت مبكر جدًا.,Actualitza el carril de lliurament perquè cada drone d'abocador segueixi el ritme més profund a la mina en comptes de fer-se càrrec massa aviat.,"Vylepšuje doručovací dráhu, aby každý výsypný dron držel krok hlouběji v dole, místo aby převzal příliš brzy.","Verbessert die Lieferspur, sodass jede Dump-Drohne tiefer in der Mine Schritt hält, anstatt zu früh zu übernehmen.",Mejora el carril de entrega para que cada dron de descarga mantenga el ritmo en las profundidades de la mina en lugar de tomar el control demasiado pronto.,Améliore la voie de livraison afin que chaque drone de décharge suive le rythme plus profondément dans la mine au lieu de prendre le relais trop tôt.,"משדרג את נתיב המסירה כך שכל מזל""ט מזרק יעמוד בקצב עמוק יותר במכרה במקום להשתלט מוקדם מדי.",Meningkatkan jalur pengiriman sehingga setiap drone pembuangan dapat melaju lebih jauh di dalam tambang alih-alih mengambil alih terlalu dini.,Migliora la corsia di consegna in modo che ogni drone di scarico mantenga il passo più in profondità nella miniera invece di prendere il sopravvento troppo presto.,配送レーンをアップグレードして、各ダンプ ドローンが早めに引き継ぐのではなく、鉱山の奥深くまで歩調を合わせられるようにします。,각 덤프 드론이 너무 일찍 점령하는 대신 광산에서 더 깊은 속도를 유지할 수 있도록 배달 경로를 업그레이드합니다.,"Ulepsza linię dostaw, dzięki czemu każdy dron zrzutowy dotrzymuje kroku głębiej w kopalni, zamiast przejmować ją zbyt wcześnie.","Atualiza a pista de entrega para que cada drone de despejo mantenha o ritmo mais fundo na mina, em vez de assumir o controle muito cedo.","Модернизируется линия доставки, чтобы каждый дрон-самосвал сохранял темп в глубине шахты, а не вступал в должность слишком рано.",อัปเกรดช่องทางจัดส่งเพื่อให้โดรนเทขยะแต่ละตัวสามารถก้าวไปในเหมืองได้ลึกยิ่งขึ้น แทนที่จะเข้าควบคุมเร็วเกินไป,"Teslimat hattını yükseltir, böylece her bir boşaltma drone'u çok erken devralmak yerine madende daha derinlere doğru ilerlemeye devam eder.",Nâng cấp làn đường giao hàng để mỗi máy bay không người lái có thể giữ tốc độ sâu hơn trong mỏ thay vì tiếp quản quá sớm.,升级运输通道，使每架自卸无人机都能在矿井深处保持前进，而不是过早接管。
MINING_REASON_SIMULATION_STEP_CAP,Simulation step cap reached.,تم الوصول إلى الحد الأقصى لخطوة المحاكاة.,S'ha arribat al límit de pas de simulació.,Bylo dosaženo limitu kroku simulace.,Maximale Simulationsstufe erreicht.,Se alcanzó el límite de pasos de simulación.,Le plafond de l’étape de simulation a été atteint.,הגעת למכסת שלב הסימולציה.,Batas langkah simulasi tercapai.,Limite del passaggio della simulazione raggiunto.,シミュレーションステップキャップに達しました。,시뮬레이션 단계 한도에 도달했습니다.,Osiągnięto limit kroków symulacji.,O limite de etapas da simulação foi atingido.,Достигнут предел шага моделирования.,ถึงขีดจำกัดขั้นตอนการจำลองแล้ว,Simülasyon adım sınırına ulaşıldı.,Đã đạt đến giới hạn bước mô phỏng.,已达到模拟步数上限。
